ID,Source,State,Accident_Year,is_severe,risk_severe,is_pred_severe,is_false_negative_severe,is_false_positive_severe
A-1425185,Source2,CA,2020,0,0.3364990486638023,1,0,1
A-933958,Source2,TX,2021,1,0.16474847417433242,1,0,0
A-903886,Source2,CA,2021,0,0.18793740675414786,1,0,1
A-2206944,Source2,TX,2019,0,0.2191756384231615,1,0,1
A-1821337,Source2,TX,2019,0,0.24598972928688406,1,0,1
A-6031543,Source1,CA,2021,0,0.12213675462660897,0,0,0
A-1304799,Source2,TX,2020,0,0.05483398006844793,0,0,0
A-1032124,Source2,CA,2021,0,0.08509161788873378,0,0,0
A-1852405,Source2,CA,2019,0,0.028417580373941227,0,0,0
A-1248586,Source2,CA,2020,0,0.08557423671435864,0,0,0
A-36143,Source2,CA,2016,1,0.3414906707749121,1,0,0
A-404222,Source2,CA,2017,0,0.37977980012716106,1,0,1
A-6260819,Source1,TX,2021,0,0.23860321778701854,1,0,1
A-5850292,Source1,CA,2021,0,0.09287549433962401,0,0,0
A-6965860,Source1,CA,2020,0,0.07420324107999113,0,0,0
A-7171412,Source1,CA,2020,0,0.10337676718664306,0,0,0
A-3830444,Source1,CA,2022,0,0.10858240722196284,0,0,0
A-455098,Source2,CA,2017,1,0.344957491193091,1,0,0
A-1050531,Source2,TX,2021,0,0.038039892749897546,0,0,0
A-5838616,Source1,CA,2021,0,0.11035349351160786,0,0,0
A-5271484,Source1,CA,,0,0.08202310073555799,0,0,0
A-3625825,Source1,TX,2017,1,0.3393403583539226,1,0,0
A-7117370,Source1,CA,2020,0,0.056954078482030525,0,0,0
A-16938,Source2,CA,2016,0,0.3244115556607232,1,0,1
A-2804679,Source2,CA,2018,1,0.09220715195388803,0,1,0
A-5240128,Source1,CA,2022,0,0.21112419559968298,1,0,1
A-7471252,Source1,CA,2019,1,0.3203030458981229,1,0,0
A-284797,Source2,TX,2016,0,0.05859729841870105,0,0,0
A-6638763,Source1,TX,2020,0,0.14530398973083702,0,0,0
A-6551595,Source1,CA,2021,0,0.06640008026318026,0,0,0
A-766830,Source2,CA,2021,1,0.07603349956087788,0,1,0
A-2671183,Source2,TX,2018,0,0.400581187830384,1,0,1
A-5779802,Source1,CA,2021,0,0.11023033126864352,0,0,0
A-6875137,Source1,CA,2020,0,0.08378879540371176,0,0,0
A-5868360,Source1,CA,2021,0,0.06689737780225441,0,0,0
A-7118785,Source1,CA,2020,0,0.1078313668284627,0,0,0
A-6380048,Source1,CA,2021,0,0.05504953352835547,0,0,0
A-4834250,Source1,CA,2022,0,0.06854861268212906,0,0,0
A-995214,Source2,CA,2021,0,0.16311536430111181,0,0,0
A-1358708,Source2,CA,2020,0,0.2611137497465697,1,0,1
A-2319083,Source2,CA,2019,0,0.05015514183860954,0,0,0
A-3338180,Source2,CA,2017,1,0.35158571319338866,1,0,0
A-7413800,Source1,CA,2019,0,0.08124326635083645,0,0,0
A-6358358,Source1,CA,2021,0,0.06035648535087611,0,0,0
A-4177041,Source1,TX,2022,0,0.3666276329479529,1,0,1
A-3588399,Source1,CA,2017,0,0.33806890107780624,1,0,1
A-404269,Source2,CA,2017,1,0.3598892267239853,1,0,0
A-5766338,Source1,CA,2021,0,0.26622655507594883,1,0,1
A-2089176,Source2,CA,2019,1,0.1811069833588384,0,1,0
A-7465523,Source1,TX,2019,1,0.37157637638951,1,0,0
A-6562903,Source1,TX,2021,0,0.11295823887943982,0,0,0
A-4325311,Source1,CA,2022,0,0.052976348118192074,0,0,0
A-2524750,Source2,TX,2018,0,0.1468189233904152,0,0,0
A-4413314,Source1,CA,2022,0,0.03379878686010833,0,0,0
A-292449,Source2,TX,2016,0,0.2187976563983253,1,0,1
A-85621,Source2,CA,2016,1,0.26217232157102277,1,0,0
A-19783,Source2,CA,2016,0,0.2916676087001505,1,0,1
A-4523941,Source1,CA,,0,0.18302176091388217,1,0,1
A-5326279,Source1,CA,,0,0.02758315546573812,0,0,0
A-6136694,Source1,CA,2021,0,0.07241479919927515,0,0,0
A-7597970,Source1,TX,2018,1,0.24661592521469905,1,0,0
A-6982696,Source1,CA,2020,0,0.04786639712752612,0,0,0
A-5782112,Source1,CA,2021,0,0.22539332923701044,1,0,1
A-6717617,Source1,CA,2020,0,0.04795211653783402,0,0,0
A-6977273,Source1,TX,2020,0,0.08127948700964505,0,0,0
A-2440307,Source2,TX,2018,1,0.3909964504059992,1,0,0
A-2940489,Source2,CA,2018,0,0.23539333814370975,1,0,1
A-4490475,Source1,TX,2022,0,0.09669999446256737,0,0,0
A-338717,Source2,CA,2017,0,0.0989552558366654,0,0,0
A-93361,Source2,CA,2016,0,0.3095816520246439,1,0,1
A-4773337,Source1,CA,,0,0.18267365331328317,1,0,1
A-6322382,Source1,CA,2021,0,0.281152292624436,1,0,1
A-331800,Source2,TX,2017,0,0.25960036735162867,1,0,1
A-7703743,Source1,CA,2019,0,0.0714208297029009,0,0,0
A-389963,Source2,TX,2017,0,0.24053584677275466,1,0,1
A-7013198,Source1,CA,2020,0,0.17272796345744457,0,0,0
A-62136,Source2,CA,2017,1,0.28089333169445324,1,0,0
A-4257106,Source1,CA,2022,0,0.034055972451760994,0,0,0
A-2487235,Source2,CA,2018,1,0.35658968345232067,1,0,0
A-2047701,Source2,TX,2019,0,0.08547618043665389,0,0,0
A-3064030,Source2,TX,2018,0,0.35646712334001335,1,0,1
A-2531849,Source2,CA,2018,0,0.36491445337585626,1,0,1
A-5108903,Source1,TX,2022,0,0.06736178087318545,0,0,0
A-6974681,Source1,CA,2020,0,0.12125217939632327,0,0,0
A-49500,Source2,CA,2016,0,0.02911445011027533,0,0,0
A-352813,Source2,CA,2017,1,0.23262038155746073,1,0,0
A-7388145,Source1,CA,2019,0,0.24580615239692652,1,0,1
A-5472181,Source1,CA,,0,0.047143515642275945,0,0,0
A-7303035,Source1,CA,2019,0,0.07361987506838283,0,0,0
A-4864188,Source1,CA,2022,0,0.12335606660822215,0,0,0
A-857233,Source2,TX,2021,1,0.11261528240924397,0,1,0
A-7210947,Source1,CA,2020,0,0.060786007897676485,0,0,0
A-2632373,Source2,CA,2018,1,0.18696568688025753,1,0,0
A-289443,Source2,TX,2016,0,0.2841596924996825,1,0,1
A-1410284,Source2,CA,2020,0,0.08583003896868584,0,0,0
A-5849059,Source1,CA,,0,0.22508241625856124,1,0,1
A-6625009,Source1,CA,2020,0,0.09728653120528426,0,0,0
A-5561968,Source1,CA,2021,0,0.05710448195419752,0,0,0
A-4825603,Source1,TX,,0,0.19449366249742472,1,0,1
A-4627741,Source1,CA,2022,0,0.13993164534862995,0,0,0
A-4150542,Source1,CA,2022,0,0.13342622756136252,0,0,0
A-4239384,Source1,TX,,0,0.1246968531953265,0,0,0
A-5908028,Source1,CA,2021,0,0.20413491810078396,1,0,1
A-318233,Source2,CA,2017,0,0.36641983534162537,1,0,1
A-4425720,Source1,CA,,0,0.02767512206166487,0,0,0
A-3196588,Source2,CA,2017,1,0.35815449591281473,1,0,0
A-4769003,Source1,CA,2022,0,0.12930466403923663,0,0,0
A-7400562,Source1,CA,2019,0,0.18469937938974795,0,0,0
A-5688372,Source1,TX,2021,0,0.15594297685362601,0,0,0
A-1500254,Source3,CA,2020,0,0.09909180386757625,0,0,0
A-2306203,Source2,CA,2019,1,0.34605463907863404,1,0,0
A-4056547,Source1,CA,2022,0,0.05328815545922444,0,0,0
A-7662683,Source1,CA,2017,1,0.3466141507843549,1,0,0
A-6806570,Source1,TX,2020,0,0.04494832915402493,0,0,0
A-4170139,Source1,CA,2022,0,0.22884974442805217,1,0,1
A-6517496,Source1,CA,2021,0,0.09758575902927939,0,0,0
A-1852456,Source2,CA,2019,1,0.042627788841854815,0,1,0
A-6379761,Source1,TX,2021,0,0.19605407826653165,1,0,1
A-589780,Source2,CA,2022,1,0.15215045627641124,0,1,0
A-7339344,Source1,CA,2019,0,0.04925463697890979,0,0,0
A-2666978,Source2,TX,2018,0,0.05692629664302425,0,0,0
A-4563306,Source1,CA,,0,0.026960283958702674,0,0,0
A-5573814,Source1,TX,2021,0,0.09403637239200655,0,0,0
A-5561743,Source1,CA,2021,0,0.05656921308826056,0,0,0
A-5453027,Source1,CA,2022,0,0.3206288615548686,1,0,1
A-7132864,Source1,CA,2020,0,0.07943560477543968,0,0,0
A-1582372,Source2,CA,2020,0,0.04605871100367072,0,0,0
A-5855141,Source1,CA,2021,0,0.15258956177796784,0,0,0
A-403596,Source2,CA,2017,1,0.49313513341581394,1,0,0
A-4877671,Source1,CA,2022,0,0.0782162090685001,0,0,0
A-2346145,Source2,TX,2019,0,0.05607643862143384,0,0,0
A-262950,Source2,TX,2016,0,0.05395645523041248,0,0,0
A-7759001,Source1,TX,2019,0,0.13946232425659613,0,0,0
A-7623836,Source1,CA,2018,0,0.2490333766168963,1,0,1
A-107325,Source2,CA,2016,1,0.4122262531718645,1,0,0
A-6724984,Source1,CA,2020,0,0.0340206408985954,0,0,0
A-1199416,Source2,CA,2021,1,0.06956800431255844,0,1,0
A-3650418,Source1,CA,,0,0.15578964305338958,0,0,0
A-2674208,Source2,CA,2018,0,0.4277059330597467,1,0,1
A-4498181,Source1,CA,2022,0,0.22465952041506093,1,0,1
A-2645924,Source2,TX,2018,0,0.08497053255051625,0,0,0
A-96538,Source2,CA,2016,0,0.1707239873808134,1,0,1
A-1006725,Source2,TX,2021,0,0.25912434743223156,1,0,1
A-4437756,Source1,CA,2022,0,0.18593654856693004,0,0,0
A-485179,Source2,TX,2017,0,0.031743178947576625,0,0,0
A-3404386,Source2,CA,2017,0,0.5014589746023621,1,0,1
A-3918248,Source1,CA,,0,0.1741161721417817,1,0,1
A-3127185,Source2,CA,2017,0,0.2787980303670694,1,0,1
A-7358175,Source1,CA,2019,0,0.07624123086974137,0,0,0
A-3206637,Source2,TX,2017,0,0.08209080086629954,0,0,0
A-5286333,Source1,CA,2022,0,0.09653700252238846,0,0,0
A-4930638,Source1,CA,,0,0.11587502974794199,0,0,0
A-6684892,Source1,TX,2020,0,0.0978606889208797,0,0,0
A-5744840,Source1,TX,2021,0,0.18375629490929407,1,0,1
A-4471160,Source1,CA,,0,0.04733549342760975,0,0,0
A-6956840,Source1,CA,2020,0,0.08764836118617586,0,0,0
A-6255677,Source1,CA,2021,0,0.1872638248772603,1,0,1
A-3694374,Source1,CA,2023,0,0.17172616760192796,1,0,1
A-5532443,Source1,CA,2021,0,0.19075685841459034,1,0,1
A-7308063,Source1,CA,2019,0,0.17437479715154677,0,0,0
A-6047010,Source1,CA,2021,0,0.11265821860571032,0,0,0
A-3912172,Source1,TX,2022,0,0.15727108516309954,0,0,0
A-2322609,Source2,TX,2019,0,0.08925676638359434,0,0,0
A-5664301,Source1,TX,2021,0,0.17061102061124236,0,0,0
A-3955625,Source1,CA,2022,0,0.11117850033325294,0,0,0
A-339067,Source2,CA,2017,1,0.4242260279950091,1,0,0
A-6538687,Source1,CA,2021,0,0.27580112841340554,1,0,1
A-4751718,Source1,CA,2022,0,0.058516035176594504,0,0,0
A-3183309,Source2,CA,2017,1,0.31841992676889147,1,0,0
A-5396804,Source1,CA,2022,0,0.03551817873235503,0,0,0
A-6075567,Source1,CA,2021,0,0.15276684544344632,0,0,0
A-5928702,Source1,CA,2021,0,0.049122114911531796,0,0,0
A-5748482,Source1,TX,2021,0,0.0802213438268495,0,0,0
A-6692774,Source1,CA,2020,0,0.07764923745174268,0,0,0
A-4728674,Source1,TX,2022,0,0.34953186212991294,1,0,1
A-5550201,Source1,TX,2021,0,0.18619995309555046,1,0,1
A-802291,Source2,TX,2021,0,0.09856199700018062,0,0,0
A-1616899,Source2,TX,2020,0,0.05264584657742123,0,0,0
A-7416742,Source1,CA,2019,0,0.14885678080368372,0,0,0
A-3198999,Source2,TX,2017,0,0.40553534272909497,1,0,1
A-3434460,Source1,TX,2016,0,0.26461477975957465,1,0,1
A-7470027,Source1,CA,2019,0,0.3418377220046453,1,0,1
A-3110663,Source2,TX,2017,0,0.0412299743988761,0,0,0
A-4353257,Source1,CA,2022,0,0.2216250283983944,1,0,1
A-1327190,Source2,CA,2020,0,0.07311906579791909,0,0,0
A-6401054,Source1,CA,2021,0,0.271946995260397,1,0,1
A-1057106,Source2,CA,2021,1,0.14332061815519176,0,1,0
A-7196903,Source1,CA,2020,0,0.34267211903513006,1,0,1
A-4887942,Source1,CA,2023,0,0.27279843897019074,1,0,1
A-6994948,Source1,CA,2020,0,0.27660381799588757,1,0,1
A-6835473,Source1,CA,2020,0,0.16102603910687466,0,0,0
A-7749337,Source1,CA,2019,0,0.025906687813922247,0,0,0
A-3895723,Source1,CA,2022,0,0.09209784471925234,0,0,0
A-298065,Source2,TX,2016,0,0.3346131666651348,1,0,1
A-6090730,Source1,CA,2021,0,0.09136110561658908,0,0,0
A-1725690,Source3,CA,2019,0,0.06248092923439774,0,0,0
A-6848,Source2,CA,2016,0,0.15788223448342872,0,0,0
A-827086,Source2,CA,2021,0,0.1234037105289526,0,0,0
A-440146,Source2,CA,2017,0,0.4088298079435416,1,0,1
A-7311980,Source1,CA,2019,0,0.07627617468767003,0,0,0
A-1904741,Source2,CA,2019,0,0.11059746562750075,0,0,0
A-791787,Source2,TX,2021,1,0.1512475662525776,0,1,0
A-2813681,Source2,CA,2018,1,0.3356721952267413,1,0,0
A-6980269,Source1,CA,2020,0,0.3077415088288715,1,0,1
A-6500499,Source1,CA,2021,0,0.06441879055551739,0,0,0
A-26193,Source2,CA,2016,1,0.37591361071584656,1,0,0
A-1265385,Source2,CA,2020,0,0.26006177107151063,1,0,1
A-82537,Source2,CA,2016,0,0.42758319705324627,1,0,1
A-727310,Source2,CA,2022,0,0.2802735082254508,1,0,1
A-6705482,Source1,TX,2020,0,0.09125716824254337,0,0,0
A-4593759,Source1,CA,2022,0,0.2566073442988149,1,0,1
A-7458421,Source1,CA,2019,1,0.3765027295269107,1,0,0
A-609975,Source2,TX,2022,1,0.21723639462251326,1,0,0
A-391298,Source2,TX,2017,0,0.2581618737249505,1,0,1
A-5788067,Source1,CA,2021,0,0.13980473396866405,0,0,0
A-4160151,Source1,TX,2022,0,0.17337208083394468,0,0,0
A-6911872,Source1,CA,2020,0,0.321839752492197,1,0,1
A-5166972,Source1,CA,2022,0,0.11354320408929101,0,0,0
A-5811744,Source1,CA,2021,0,0.0559140726565841,0,0,0
A-6963072,Source1,CA,2020,0,0.06701650341918994,0,0,0
A-54115,Source2,CA,2016,1,0.2643999003023805,1,0,0
A-54989,Source2,CA,2016,0,0.18825298615990357,1,0,1
A-2570175,Source2,TX,2018,1,0.43861257426391254,1,0,0
A-2528148,Source2,TX,2018,0,0.18761516933695832,1,0,1
A-7106800,Source1,CA,2020,0,0.12344461372446672,0,0,0
A-495307,Source2,CA,2017,1,0.44531841520497234,1,0,0
A-5338453,Source1,CA,2022,0,0.08760906316561237,0,0,0
A-1846831,Source2,CA,2019,0,0.10941442241627994,0,0,0
A-4625790,Source1,TX,,0,0.06366202053977191,0,0,0
A-3950987,Source1,CA,2022,0,0.058361340312773444,0,0,0
A-2186132,Source2,TX,2019,1,0.2716612005994662,1,0,0
A-5692979,Source1,CA,2021,0,0.35980545193514973,1,0,1
A-46153,Source2,CA,2016,0,0.09971133081893929,0,0,0
A-1331949,Source2,TX,2020,0,0.3037708250008654,1,0,1
A-4174053,Source1,CA,2022,0,0.1050834635215411,0,0,0
A-3838877,Source1,CA,2022,0,0.03444671788946045,0,0,0
A-4802364,Source1,CA,2022,0,0.13861726148154066,0,0,0
A-2638943,Source2,TX,2018,0,0.10264661030362694,0,0,0
A-5848501,Source1,CA,,0,0.048756757613557966,0,0,0
A-71156,Source2,CA,2016,1,0.3883340436730334,1,0,0
A-2401757,Source2,TX,2018,0,0.3205532741884743,1,0,1
A-1098205,Source2,CA,2021,1,0.08930937663794843,0,1,0
A-4022044,Source1,CA,2022,0,0.09345217577317327,0,0,0
A-2103591,Source2,TX,2019,0,0.14754679604153434,0,0,0
A-1962695,Source2,TX,2019,1,0.0867625187682619,0,1,0
A-4192950,Source1,CA,2022,0,0.2081447830752437,1,0,1
A-2391002,Source2,TX,2018,0,0.2719037635593541,1,0,1
A-4907526,Source1,CA,2022,0,0.06356722393396569,0,0,0
A-106534,Source2,CA,2016,1,0.4155887209784944,1,0,0
A-3048945,Source2,TX,2018,1,0.33117212375778526,1,0,0
A-386403,Source2,TX,2017,0,0.0893102318162401,0,0,0
A-542037,Source2,CA,2022,1,0.33745365178678133,1,0,0
A-2662886,Source2,CA,2018,0,0.18423022881769915,1,0,1
A-1725666,Source3,CA,2019,0,0.06948675486754471,0,0,0
A-3592540,Source1,CA,2017,0,0.3079522758818227,1,0,1
A-1992036,Source2,CA,2019,1,0.3157446368175278,1,0,0
A-1946372,Source2,CA,2019,1,0.2585409344790922,1,0,0
A-1393174,Source2,CA,2020,0,0.078101531830155,0,0,0
A-5016659,Source1,CA,2022,0,0.17262930330730947,0,0,0
A-7189829,Source1,CA,2020,0,0.15628922589064953,0,0,0
A-4156493,Source1,CA,2022,0,0.09635104360885435,0,0,0
A-7370672,Source1,CA,2019,0,0.17056464416806563,1,0,1
A-3533052,Source1,CA,2016,0,0.18098294263869513,1,0,1
A-2565,Source2,CA,2016,0,0.3664428081585922,1,0,1
A-5486368,Source1,CA,2021,0,0.1321997539483127,0,0,0
A-1670147,Source2,CA,2020,1,0.07650874038802968,0,1,0
A-6607645,Source1,CA,2020,0,0.03655621720964416,0,0,0
A-3114421,Source2,CA,2017,1,0.27959378937186924,1,0,0
A-10595,Source2,CA,2017,0,0.07822547104658674,0,0,0
A-2568660,Source2,CA,2018,0,0.4681004122181611,1,0,1
A-1815243,Source2,TX,2019,1,0.19741839573037231,1,0,0
A-7287282,Source1,CA,2019,0,0.07171294182795454,0,0,0
A-4109314,Source1,CA,,0,0.04074586141472798,0,0,0
A-5209441,Source1,CA,2022,0,0.3484128122484536,1,0,1
A-4327183,Source1,CA,2023,0,0.1848049656632425,1,0,1
A-2937204,Source2,CA,2018,0,0.5003456701537732,1,0,1
A-7474379,Source1,TX,2018,0,0.2671965225069731,1,0,1
A-3139558,Source2,TX,2017,0,0.291148294458017,1,0,1
A-3741153,Source1,CA,2022,0,0.09582503966712069,0,0,0
A-4131045,Source1,TX,2022,0,0.05412209795676688,0,0,0
A-3427268,Source1,TX,2016,1,0.33692454763040636,1,0,0
A-3297537,Source2,CA,2017,1,0.44411660089695976,1,0,0
A-6710796,Source1,TX,2020,0,0.04798670039142091,0,0,0
A-2115230,Source2,TX,2019,0,0.11606732767909919,0,0,0
A-1473220,Source2,TX,2020,0,0.15370742233571572,0,0,0
A-1076183,Source2,TX,2021,0,0.14750115723260313,0,0,0
A-6812413,Source1,CA,2020,0,0.06825816320503394,0,0,0
A-4045368,Source1,CA,2022,0,0.03896944963987557,0,0,0
A-433638,Source2,TX,2017,0,0.22219414386210964,1,0,1
A-62878,Source2,CA,2017,1,0.2158470873878108,1,0,0
A-393252,Source2,TX,2017,0,0.2746719480006071,1,0,1
A-5124828,Source1,CA,2022,0,0.08317238010191044,0,0,0
A-7310252,Source1,CA,2019,0,0.049411732914364855,0,0,0
A-2818723,Source2,TX,2018,0,0.05657649013354882,0,0,0
A-6157495,Source1,CA,2021,0,0.0478317657117118,0,0,0
A-2183688,Source2,TX,2019,0,0.22453263272787294,1,0,1
A-7356257,Source1,CA,2019,0,0.07692590856411216,0,0,0
A-7297449,Source1,CA,2019,0,0.08385317212376844,0,0,0
A-7147992,Source1,CA,2020,0,0.28481997613554705,1,0,1
A-5964915,Source1,TX,2021,0,0.06433631046728024,0,0,0
A-2007954,Source2,TX,2019,0,0.04835685260291237,0,0,0
A-3932752,Source1,CA,2023,0,0.0741312630844595,0,0,0
A-727606,Source2,TX,2022,0,0.1062242502008431,0,0,0
A-2398337,Source2,TX,2018,0,0.28264396349132676,1,0,1
A-5467181,Source1,CA,2021,0,0.31649039091569564,1,0,1
A-7215967,Source1,CA,2020,0,0.09277952164250519,0,0,0
A-5625715,Source1,CA,2021,0,0.026026586252019118,0,0,0
A-4161293,Source1,CA,2022,0,0.348202294654823,1,0,1
A-1070747,Source2,CA,2021,1,0.29134898294780304,1,0,0
A-6714769,Source1,CA,2020,0,0.09058909419486319,0,0,0
A-5190672,Source1,TX,2022,1,0.16052141648229062,0,1,0
A-809959,Source2,CA,2021,1,0.059722978301019025,0,1,0
A-2580837,Source2,CA,2018,0,0.2783607752258431,1,0,1
A-4017004,Source1,CA,2022,0,0.07114325671190082,0,0,0
A-287998,Source2,TX,2016,0,0.03906600692202314,0,0,0
A-4171511,Source1,CA,2023,0,0.08415273816423088,0,0,0
A-4634467,Source1,CA,,0,0.15578964305338958,0,0,0
A-1912016,Source3,CA,2019,0,0.04073228956397425,0,0,0
A-5110660,Source1,CA,,0,0.15578964305338958,0,0,0
A-2807930,Source2,TX,2018,1,0.15668510193175228,0,1,0
A-7411055,Source1,CA,2019,0,0.3743140011234309,1,0,1
A-6985424,Source1,CA,2020,1,0.10862962106324998,0,1,0
A-3639879,Source1,CA,2017,0,0.06295344832602158,0,0,0
A-7144011,Source1,CA,2020,0,0.40326943191280995,1,0,1
A-6709415,Source1,CA,2020,0,0.04073745708150646,0,0,0
A-5578180,Source1,CA,2021,0,0.063044900536036,0,0,0
A-5013315,Source1,CA,,0,0.06176709366561961,0,0,0
A-1670078,Source3,CA,2020,0,0.0483560385240419,0,0,0
A-2083930,Source2,CA,2019,0,0.1402966676572759,0,0,0
A-5509886,Source1,CA,2021,0,0.08010228893495489,0,0,0
A-7048698,Source1,CA,2020,0,0.14389282496281114,0,0,0
A-7156574,Source1,CA,2020,0,0.14809839835986063,0,0,0
A-4948904,Source1,CA,,0,0.02712454699660847,0,0,0
A-14720,Source2,CA,2016,1,0.44736149168295675,1,0,0
A-3421545,Source1,CA,2016,0,0.39525428526152045,1,0,1
A-7217805,Source1,CA,2020,0,0.05156670866579682,0,0,0
A-4265193,Source1,CA,2022,0,0.17629521199302417,0,0,0
A-4276855,Source1,CA,2023,0,0.03420943842138146,0,0,0
A-3638962,Source1,CA,2017,0,0.3517976903146461,1,0,1
A-4460827,Source1,CA,2022,0,0.2021929698800129,1,0,1
A-5743977,Source1,CA,2021,0,0.273408984329494,1,0,1
A-4025350,Source1,CA,2022,0,0.1933446850950285,1,0,1
A-867676,Source2,TX,2021,1,0.15963685758049753,0,1,0
A-3654957,Source1,CA,,0,0.15578964305338958,0,0,0
A-460659,Source2,CA,2017,1,0.2469137248209697,1,0,0
A-7162356,Source1,CA,2020,0,0.09111732713304097,0,0,0
A-3415341,Source1,CA,2016,0,0.07823357018275859,0,0,0
A-2202057,Source2,TX,2019,0,0.28180094885069934,1,0,1
A-1630629,Source2,TX,2020,0,0.06458153574548134,0,0,0
A-7608073,Source1,CA,2018,0,0.3562200191513415,1,0,1
A-6494362,Source1,TX,2021,0,0.12674354784727052,0,0,0
A-5478432,Source1,CA,2021,0,0.09596364696345325,0,0,0
A-1809741,Source2,CA,2019,1,0.12041461523277816,0,1,0
A-2362786,Source2,CA,2019,1,0.40643490184227177,1,0,0
A-6427079,Source1,CA,2021,0,0.07664814799163007,0,0,0
A-1486873,Source3,CA,2020,1,0.12867367063629218,0,1,0
A-433404,Source2,TX,2017,0,0.19730139563528099,1,0,1
A-4580195,Source1,CA,2023,0,0.03858166197040401,0,0,0
A-5137349,Source1,TX,,0,0.24284876298247107,1,0,1
A-7470527,Source1,TX,2019,1,0.3674663689459229,1,0,0
A-628989,Source2,CA,2022,0,0.07396610794659697,0,0,0
A-1902246,Source3,CA,2019,0,0.1648224242551078,0,0,0
A-2242784,Source2,TX,2019,1,0.1719604177709107,0,1,0
A-4910622,Source1,CA,,0,0.0829706381132728,0,0,0
A-5188121,Source1,CA,2022,0,0.16359222758808062,0,0,0
A-6491052,Source1,CA,2021,0,0.2725091056674501,1,0,1
A-5483547,Source1,TX,2021,0,0.2665393315908289,1,0,1
A-3882212,Source1,CA,,0,0.0499725602394668,0,0,0
A-4412582,Source1,CA,2022,0,0.03983407400042465,0,0,0
A-4388584,Source1,CA,,0,0.19661691831430841,1,0,1
A-4831063,Source1,TX,2022,0,0.075175593442208,0,0,0
A-2063819,Source2,CA,2019,0,0.13896104479219046,0,0,0
A-4136972,Source1,CA,2022,0,0.17432106195886238,0,0,0
A-6069578,Source1,CA,2021,0,0.10588627981733131,0,0,0
A-1182348,Source2,CA,2021,0,0.11668181421309867,0,0,0
A-392302,Source2,TX,2017,0,0.38223498128648464,1,0,1
A-4991447,Source1,CA,,0,0.04894139754211243,0,0,0
A-7408652,Source1,CA,2019,0,0.3289792914923431,1,0,1
A-5410840,Source1,CA,2022,0,0.060415959666955434,0,0,0
A-1770411,Source2,TX,2019,0,0.06356294404887969,0,0,0
A-4290214,Source1,CA,,0,0.17134890238776251,1,0,1
A-7358461,Source1,CA,2019,0,0.09117615043723556,0,0,0
A-3020487,Source2,TX,2018,1,0.24367816668752065,1,0,0
A-73705,Source2,CA,2016,1,0.3707939832518419,1,0,0
A-662755,Source2,TX,2022,0,0.1404854668012163,0,0,0
A-3551443,Source1,CA,2016,0,0.29628556545265494,1,0,1
A-4067601,Source1,CA,,0,0.02275511696081134,0,0,0
A-2247572,Source2,CA,2019,0,0.31457606922740655,1,0,1
A-1689059,Source2,TX,2019,0,0.14250585574702695,0,0,0
A-1561744,Source3,CA,2020,0,0.3070487885046571,1,0,1
A-2029389,Source2,CA,2019,0,0.09089705394354465,0,0,0
A-1125164,Source2,CA,2021,0,0.20974711678758942,1,0,1
A-1999470,Source2,TX,2019,0,0.06473206293028601,0,0,0
A-7118134,Source1,CA,2020,0,0.05422792290632665,0,0,0
A-5898695,Source1,CA,2021,0,0.2558561354780649,1,0,1
A-7286239,Source1,CA,2019,0,0.24193881886840268,1,0,1
A-5850050,Source1,CA,2021,0,0.23211685012079658,1,0,1
A-5395474,Source1,CA,2022,0,0.0974546309897671,0,0,0
A-685217,Source2,TX,2022,0,0.05113149633078333,0,0,0
A-6423511,Source1,CA,2021,0,0.06700675097351759,0,0,0
A-4495785,Source1,CA,,0,0.0964139134230647,0,0,0
A-5790122,Source1,CA,2021,0,0.07954282927914888,0,0,0
A-6336933,Source1,TX,2021,0,0.32050502110250045,1,0,1
A-1874638,Source2,TX,2019,0,0.16451620572097736,0,0,0
A-5417607,Source1,CA,,0,0.04680239110324366,0,0,0
A-1741790,Source2,CA,2019,0,0.15314621973162373,0,0,0
A-7206450,Source1,CA,2020,0,0.2661458368829071,1,0,1
A-2454731,Source2,CA,2018,0,0.2996490171997333,1,0,1
A-6713426,Source1,CA,2020,0,0.2107203638326809,1,0,1
A-1351596,Source2,CA,2020,1,0.08193224199294964,0,1,0
A-4274624,Source1,CA,2022,0,0.2638454053468683,1,0,1
A-4597918,Source1,CA,,0,0.14057010409651194,0,0,0
A-5570054,Source1,CA,2021,0,0.2771284398804961,1,0,1
A-4121717,Source1,CA,2022,0,0.0785388001335946,0,0,0
A-4151710,Source1,CA,,0,0.06819030412917088,0,0,0
A-7297658,Source1,CA,2019,0,0.08197194518629942,0,0,0
A-1144704,Source3,CA,2021,1,0.0678922090331832,0,1,0
A-2487655,Source2,CA,2018,1,0.29768049902584465,1,0,0
A-7735427,Source1,CA,2019,0,0.07440519168741631,0,0,0
A-4891240,Source1,TX,2022,0,0.15460899021593583,0,0,0
A-1574907,Source3,CA,2020,0,0.10534334884403743,0,0,0
A-455070,Source2,CA,2017,1,0.3581619761003573,1,0,0
A-1548599,Source2,TX,2020,1,0.3534917146694482,1,0,0
A-1244057,Source2,CA,2020,0,0.1477131918268217,0,0,0
A-5250646,Source1,CA,2022,0,0.06579507727169484,0,0,0
A-7568746,Source1,CA,2018,0,0.3346913659272988,1,0,1
A-6083539,Source1,CA,2021,0,0.07859563421980809,0,0,0
A-1136356,Source2,TX,2021,1,0.10635536619591066,0,1,0
A-7594225,Source1,CA,2018,0,0.2651200750070157,1,0,1
A-1921416,Source2,TX,2019,1,0.1518082203285182,0,1,0
A-2040268,Source2,CA,2019,0,0.053805718678724725,0,0,0
A-4405334,Source1,TX,2022,0,0.13806243138231294,0,0,0
A-460237,Source2,CA,2017,0,0.22804496642567643,1,0,1
A-6459961,Source1,CA,2021,0,0.06273869062960277,0,0,0
A-1960272,Source2,TX,2019,0,0.20383488105816006,1,0,1
A-1684333,Source2,TX,2019,1,0.09697042583887225,0,1,0
A-2066244,Source2,CA,2019,1,0.24710891096257362,1,0,0
A-5845163,Source1,CA,,0,0.06350543365820366,0,0,0
A-6876746,Source1,TX,2020,0,0.18246605166308377,0,0,0
A-5304823,Source1,CA,2022,0,0.13214865706484402,0,0,0
A-6242139,Source1,CA,2021,0,0.1754100025580174,0,0,0
A-7156864,Source1,CA,2020,0,0.13504641272553491,0,0,0
A-5837045,Source1,CA,2021,0,0.18809736176703656,1,0,1
A-1375047,Source2,CA,2020,0,0.14352836753165535,0,0,0
A-5258474,Source1,CA,2022,0,0.17322309233418323,1,0,1
A-4534843,Source1,TX,2022,0,0.11235083889525103,0,0,0
A-2299997,Source2,TX,2019,1,0.23307364918013734,1,0,0
A-2739303,Source2,CA,2018,1,0.44750776323076125,1,0,0
A-1009064,Source2,CA,2021,0,0.13071188744042683,0,0,0
A-3318734,Source2,TX,2017,1,0.31437628524496064,1,0,0
A-6091196,Source1,CA,2021,0,0.058261311823455376,0,0,0
A-4741379,Source1,CA,2023,0,0.12524046124164467,0,0,0
A-651354,Source2,TX,2022,0,0.15035366455400875,0,0,0
A-3612428,Source1,TX,2017,0,0.19246836526507347,1,0,1
A-7700886,Source1,CA,2017,0,0.2831130042674208,1,0,1
A-2629237,Source2,TX,2018,1,0.3902741853755875,1,0,0
A-62639,Source2,CA,2017,0,0.4056239717992264,1,0,1
A-2226832,Source2,TX,2019,0,0.2833838064008593,1,0,1
A-5061678,Source1,CA,2022,0,0.07539650527941796,0,0,0
A-5189653,Source1,TX,2023,0,0.07971984871772889,0,0,0
A-2675854,Source2,TX,2018,1,0.40542675619122576,1,0,0
A-5086407,Source1,CA,,0,0.1659384826370322,1,0,1
A-7031709,Source1,TX,2020,0,0.05413902735213834,0,0,0
A-7046576,Source1,TX,2020,0,0.07212711794518287,0,0,0
A-7231333,Source1,CA,2020,0,0.16861874888273481,0,0,0
A-3073658,Source2,TX,2018,1,0.1769182683787451,1,0,0
A-2713499,Source3,CA,2018,1,0.3968232587224919,1,0,0
A-316825,Source2,CA,2017,0,0.17596061846240527,1,0,1
A-3531721,Source1,CA,2017,0,0.27833620053480224,1,0,1
A-2430182,Source2,CA,2018,1,0.36571235790913226,1,0,0
A-3172359,Source2,TX,2017,0,0.176868780667342,0,0,0
A-7776743,Source1,CA,2019,0,0.2127148580122153,1,0,1
A-2015804,Source2,TX,2019,1,0.24635345409884613,1,0,0
A-4519790,Source1,CA,2022,0,0.22338560361830512,1,0,1
A-3085231,Source2,CA,2018,0,0.36413677031732306,1,0,1
A-5279528,Source1,CA,,0,0.1841314043252221,1,0,1
A-338115,Source2,CA,2017,0,0.19022047714788745,1,0,1
A-2104421,Source2,CA,2019,1,0.21301793663177326,1,0,0
A-2580884,Source2,CA,2018,1,0.46625849735321057,1,0,0
A-86562,Source2,CA,2016,0,0.283548615123108,1,0,1
A-3609720,Source1,CA,2017,1,0.32600640315896123,1,0,0
A-316306,Source2,CA,2017,0,0.3899012705748606,1,0,1
A-5267610,Source1,CA,2022,0,0.1057572109452581,0,0,0
A-6788770,Source1,CA,2020,0,0.03342288395939308,0,0,0
A-4727076,Source1,CA,,0,0.0440239870649913,0,0,0
A-4226737,Source1,CA,2022,0,0.05667473837725682,0,0,0
A-5680719,Source1,CA,2021,0,0.1373753140301012,0,0,0
A-7407981,Source1,CA,2019,0,0.09950003048617877,0,0,0
A-1599042,Source2,TX,2020,0,0.35130981671657496,1,0,1
A-1731406,Source2,CA,2019,1,0.10057194692202945,0,1,0
A-3543711,Source1,CA,2016,0,0.4140514608917987,1,0,1
A-3028502,Source2,TX,2018,0,0.384721226731181,1,0,1
A-301978,Source2,TX,2016,1,0.41531387482579935,1,0,0
A-7129575,Source1,CA,2020,0,0.056673690645732286,0,0,0
A-6876906,Source1,CA,2020,0,0.07512509379908809,0,0,0
A-287296,Source2,TX,2016,0,0.3905589760485606,1,0,1
A-11648,Source2,CA,2017,0,0.14594674647259298,0,0,0
A-2323048,Source2,CA,2019,0,0.27039457157221525,1,0,1
A-6519561,Source1,CA,2021,0,0.041500572090789334,0,0,0
A-30799,Source2,CA,2016,0,0.3740056926832095,1,0,1
A-1644542,Source2,TX,2020,1,0.029404198829668254,0,1,0
A-2868370,Source2,CA,2018,1,0.13153940681820203,0,1,0
A-4647427,Source1,CA,2022,0,0.10738278007278719,0,0,0
A-6033493,Source1,TX,2021,0,0.07462773945659004,0,0,0
A-5426550,Source1,CA,2022,0,0.113201090055706,0,0,0
A-3713271,Source1,CA,2022,0,0.20508011516762456,1,0,1
A-1428692,Source2,TX,2020,0,0.18829999805418096,1,0,1
A-6037991,Source1,CA,2021,0,0.35740815315134855,1,0,1
A-6111507,Source1,CA,2021,0,0.07873813808515773,0,0,0
A-5220068,Source1,TX,2022,0,0.11370548763128427,0,0,0
A-1175523,Source2,CA,2021,0,0.1302854496649803,0,0,0
A-4043415,Source1,CA,2023,0,0.07189868658591089,0,0,0
A-7245462,Source1,CA,2020,0,0.06567087184539058,0,0,0
A-6526313,Source1,TX,2021,0,0.09960730847087981,0,0,0
A-584927,Source2,CA,2022,1,0.07816785328585868,0,1,0
A-7421651,Source1,CA,2019,0,0.05033486774363503,0,0,0
A-2434502,Source3,CA,2018,1,0.3139055174595723,1,0,0
A-5172041,Source1,CA,2022,0,0.04240128197128067,0,0,0
A-4017014,Source1,CA,2022,0,0.2893079264106899,1,0,1
A-676343,Source2,CA,2022,1,0.17845968963199488,1,0,0
A-1650960,Source3,CA,2020,1,0.05031847783237738,0,1,0
A-655116,Source2,CA,2022,0,0.3788188590675777,1,0,1
A-1560365,Source2,TX,2020,1,0.1770953389785187,1,0,0
A-571448,Source2,CA,2022,0,0.22796187549282002,1,0,1
A-1758829,Source2,TX,2019,0,0.33639667493609593,1,0,1
A-5526233,Source1,CA,2021,0,0.09101218387177318,0,0,0
A-3664446,Source1,CA,,0,0.10302894666054511,0,0,0
A-484268,Source2,TX,2017,1,0.33100713683198146,1,0,0
A-104451,Source2,CA,2016,1,0.33218688663512863,1,0,0
A-6468861,Source1,CA,2021,0,0.2592701830997016,1,0,1
A-104865,Source2,CA,2016,0,0.12271539658914783,0,0,0
A-5888539,Source1,CA,2021,0,0.15184888589790033,0,0,0
A-3692368,Source1,CA,2023,0,0.13096676830103599,0,0,0
A-2786362,Source2,TX,2018,0,0.040573197086937504,0,0,0
A-900956,Source2,CA,2021,0,0.06188713228155844,0,0,0
A-3176916,Source2,TX,2017,0,0.2916967736225258,1,0,1
A-7229572,Source1,CA,2020,0,0.0558384313638115,0,0,0
A-2322181,Source2,TX,2019,0,0.40461096538809793,1,0,1
A-2059311,Source2,CA,2019,0,0.1594996401695731,0,0,0
A-88786,Source2,CA,2016,0,0.3524592158091632,1,0,1
A-7603475,Source1,CA,2018,0,0.3770607130328688,1,0,1
A-4837970,Source1,TX,2022,0,0.3359191777687506,1,0,1
A-6886864,Source1,TX,2020,0,0.07066693142927132,0,0,0
A-6497197,Source1,TX,2021,0,0.05074114127565825,0,0,0
A-1818097,Source2,TX,2019,0,0.03693729034888432,0,0,0
A-6508211,Source1,CA,2021,0,0.06235166485289832,0,0,0
A-3256534,Source2,CA,2017,1,0.45134683952527066,1,0,0
A-1285682,Source2,TX,2020,0,0.10366440990338095,0,0,0
A-5756925,Source1,CA,,0,0.03619833498521041,0,0,0
A-4971556,Source1,CA,2022,0,0.19077218588868514,1,0,1
A-2795698,Source2,TX,2018,1,0.368522244895121,1,0,0
A-7141382,Source1,CA,2020,0,0.22277360905814617,1,0,1
A-450815,Source2,TX,2017,0,0.344996695866002,1,0,1
A-7287862,Source1,CA,2019,0,0.24360237515568545,1,0,1
A-2655498,Source2,CA,2018,1,0.45602436243161915,1,0,0
A-3331404,Source2,TX,2017,0,0.24952934466292498,1,0,1
A-5638557,Source1,CA,2021,0,0.03734042603717412,0,0,0
A-7389332,Source1,CA,2019,0,0.10841743460993733,0,0,0
A-1248570,Source2,CA,2020,0,0.16608765845527912,0,0,0
A-5753317,Source1,CA,2021,0,0.062422159721543205,0,0,0
A-3894100,Source1,CA,2022,0,0.17798549375454448,0,0,0
A-6822663,Source1,CA,2020,0,0.10060200307932483,0,0,0
A-261982,Source2,TX,2016,0,0.2017980433664767,1,0,1
A-6253034,Source1,CA,2021,0,0.04338829952867956,0,0,0
A-1121993,Source2,TX,2021,0,0.30711285095701707,1,0,1
A-7167579,Source1,CA,2020,0,0.08921764877963331,0,0,0
A-5475448,Source1,CA,2021,0,0.1332085636614289,0,0,0
A-1193133,Source2,CA,2021,0,0.3181272372653776,1,0,1
A-4830334,Source1,TX,2022,0,0.1245903355271081,0,0,0
A-430966,Source2,TX,2017,0,0.16336235089665974,0,0,0
A-3282430,Source2,CA,2017,0,0.12482351793597295,0,0,0
A-4438377,Source1,CA,,0,0.05736156724756358,0,0,0
A-4520583,Source1,CA,2022,0,0.04370523902348855,0,0,0
A-3568198,Source1,TX,2017,0,0.2845574613891558,1,0,1
A-7240235,Source1,CA,2020,0,0.10620037562181787,0,0,0
A-6666701,Source1,CA,2020,0,0.12651233634182024,0,0,0
A-778091,Source2,CA,2021,1,0.04810309151832924,0,1,0
A-1985289,Source2,TX,2019,1,0.23000655252771676,1,0,0
A-1818844,Source3,CA,2019,1,0.28294036199396044,1,0,0
A-7606673,Source1,CA,2018,0,0.07816800407912926,0,0,0
A-1076818,Source2,CA,2021,1,0.09473815590001158,0,1,0
A-7101350,Source1,CA,2020,0,0.16080598810464272,0,0,0
A-5126012,Source1,CA,,0,0.23657747482542804,1,0,1
A-752523,Source2,CA,2022,0,0.05576903625979285,0,0,0
A-928342,Source2,CA,2021,0,0.13899893704552682,0,0,0
A-2537993,Source2,TX,2018,1,0.3578210797940312,1,0,0
A-5376211,Source1,CA,,0,0.04862845033739329,0,0,0
A-3365098,Source2,CA,2017,1,0.34267847263403434,1,0,0
A-4146448,Source1,TX,,0,0.05973416210062886,0,0,0
A-6143441,Source1,CA,2021,0,0.13138933469952224,0,0,0
A-4572180,Source1,TX,2022,0,0.11539805179192966,0,0,0
A-2587654,Source2,CA,2018,0,0.49139914023626324,1,0,1
A-3236706,Source2,TX,2017,0,0.3498882181635895,1,0,1
A-4181877,Source1,CA,2022,0,0.0488822641450513,0,0,0
A-52856,Source2,CA,2016,0,0.12867544285553606,0,0,0
A-457926,Source2,CA,2017,1,0.3798071198677309,1,0,0
A-44251,Source2,CA,2016,1,0.5123169045950252,1,0,0
A-4712638,Source1,CA,,0,0.0882155776857885,0,0,0
A-4583577,Source1,CA,,0,0.03832219999023721,0,0,0
A-10779,Source2,CA,2017,0,0.22457245544877794,1,0,1
A-2879838,Source2,CA,2018,0,0.0856734226004864,0,0,0
A-6637307,Source1,CA,2020,0,0.26285243918721923,1,0,1
A-6653516,Source1,CA,2020,0,0.05135479013914669,0,0,0
A-1663710,Source3,CA,2020,1,0.06438857251125094,0,1,0
A-4971329,Source1,CA,2023,0,0.2628575489686794,1,0,1
A-3907645,Source1,CA,2022,0,0.08021391460433738,0,0,0
A-4568404,Source1,TX,2022,0,0.04455348633010751,0,0,0
A-2427156,Source2,CA,2018,1,0.43428363740561754,1,0,0
A-7283835,Source1,CA,2020,0,0.04822493784947115,0,0,0
A-389035,Source2,TX,2017,0,0.15557364807157303,0,0,0
A-3794754,Source1,CA,2022,0,0.08502955246886747,0,0,0
A-399918,Source2,CA,2017,0,0.2875719982803303,1,0,1
A-3276082,Source2,TX,2017,1,0.13862985488984986,0,1,0
A-810613,Source2,CA,2021,0,0.07207534455127132,0,0,0
A-7236152,Source1,CA,2020,0,0.06818804103069775,0,0,0
A-5754908,Source1,CA,2021,0,0.27855571151757197,1,0,1
A-5373975,Source1,CA,2023,0,0.22046401999512696,1,0,1
A-1692681,Source3,CA,2019,0,0.09085608963080813,0,0,0
A-871623,Source2,CA,2021,0,0.10874401425011763,0,0,0
A-2625776,Source2,CA,2018,1,0.3853394861820541,1,0,0
A-15140,Source2,CA,2016,0,0.4101032754775756,1,0,1
A-18078,Source2,CA,2016,0,0.2720317847108173,1,0,1
A-7245404,Source1,CA,2020,0,0.243981353723793,1,0,1
A-6521947,Source1,CA,,0,0.02676502341576592,0,0,0
A-5013061,Source1,CA,,0,0.021610594657402116,0,0,0
A-1884692,Source2,CA,2019,0,0.18631590731605682,1,0,1
A-62408,Source2,CA,2017,0,0.04729057853908662,0,0,0
A-5405721,Source1,CA,,0,0.028595453475853717,0,0,0
A-3750176,Source1,CA,,0,0.024214770275761854,0,0,0
A-6609377,Source1,CA,2020,0,0.0897334756048747,0,0,0
A-7679199,Source1,CA,2017,0,0.3049514430243441,1,0,1
A-5858821,Source1,CA,,0,0.06349448087780607,0,0,0
A-663569,Source2,TX,2022,1,0.12588855885194034,0,1,0
A-7763352,Source1,TX,2019,0,0.10670251042837153,0,0,0
A-1261313,Source2,TX,2020,0,0.08343919412305999,0,0,0
A-3177519,Source2,CA,2017,1,0.3682450902344102,1,0,0
A-1298099,Source2,TX,2020,0,0.22131330848788378,1,0,1
A-4803444,Source1,CA,2022,0,0.11016414758955224,0,0,0
A-485350,Source2,TX,2017,0,0.3928257441836389,1,0,1
A-2991754,Source2,TX,2018,0,0.2843436483367394,1,0,1
A-1795521,Source2,CA,2019,0,0.08402834986360277,0,0,0
A-459899,Source2,CA,2017,0,0.14453173939078418,0,0,0
A-541558,Source2,CA,2022,0,0.30051456539824184,1,0,1
A-4384986,Source1,CA,2022,0,0.05410904487409579,0,0,0
A-1280486,Source2,TX,2020,0,0.0786966905731448,0,0,0
A-4791189,Source1,CA,2022,0,0.17623963209300658,0,0,0
A-2639855,Source2,CA,2018,1,0.3145090813702812,1,0,0
A-2572064,Source2,CA,2018,0,0.39200443228509146,1,0,1
A-1857762,Source3,CA,2019,0,0.26744712124875797,1,0,1
A-2657964,Source2,CA,2018,0,0.29521247910594683,1,0,1
A-4844277,Source1,CA,2022,0,0.35462041423955404,1,0,1
A-6731585,Source1,CA,2020,0,0.05709639433171727,0,0,0
A-2302795,Source2,CA,2019,0,0.23348561008136573,1,0,1
A-7196389,Source1,TX,2020,1,0.15431983387814244,0,1,0
A-454712,Source2,CA,2017,0,0.13969107096825337,0,0,0
A-92681,Source2,CA,2016,0,0.3494760258736764,1,0,1
A-2350239,Source2,CA,2019,1,0.4532256841910698,1,0,0
A-4822039,Source1,CA,,0,0.04797044573823002,0,0,0
A-396662,Source2,CA,2017,0,0.34938827989450294,1,0,1
A-1759239,Source3,CA,2019,0,0.11184697943164704,0,0,0
A-3691686,Source1,CA,2023,0,0.26201267592058197,1,0,1
A-2867523,Source2,TX,2018,1,0.38472687459302757,1,0,0
A-4838822,Source1,CA,2022,0,0.3624572224438164,1,0,1
A-5896811,Source1,CA,2021,0,0.16207067798813518,0,0,0
A-1642200,Source2,TX,2020,1,0.1264243031397492,0,1,0
A-6642984,Source1,CA,2020,0,0.1717628254289966,0,0,0
A-793468,Source3,CA,2021,0,0.03640374641421278,0,0,0
A-3335076,Source2,CA,2017,0,0.21896452966861255,1,0,1
A-438830,Source2,CA,2017,1,0.34157900615859066,1,0,0
A-1335391,Source2,CA,2020,0,0.05151104314040712,0,0,0
A-3731006,Source1,CA,2022,0,0.22192677173613853,1,0,1
A-2113621,Source2,CA,2019,0,0.15497040407650728,0,0,0
A-778069,Source2,CA,2021,0,0.045058599783665096,0,0,0
A-7445079,Source1,CA,2019,0,0.30662003763238904,1,0,1
A-1371754,Source2,CA,2020,1,0.14683809503555484,0,1,0
A-71145,Source2,CA,2016,1,0.34994203325922973,1,0,0
A-3931979,Source1,CA,2022,0,0.0291330664181929,0,0,0
A-3622817,Source1,CA,2017,0,0.0539730517255818,0,0,0
A-6204303,Source1,CA,2021,0,0.14977678482533213,0,0,0
A-3084485,Source2,TX,2018,1,0.2949144498727181,1,0,0
A-2306234,Source2,CA,2019,1,0.38118396987819364,1,0,0
A-2546729,Source2,TX,2018,1,0.3052617704423017,1,0,0
A-2982722,Source2,CA,2018,1,0.35464390480034974,1,0,0
A-5927770,Source1,CA,,0,0.10463543824180377,0,0,0
A-1755377,Source2,TX,2019,0,0.23287569610594616,1,0,1
A-290169,Source2,TX,2016,0,0.10602799057015837,0,0,0
A-2991901,Source2,CA,2018,1,0.3171211901767396,1,0,0
A-5037666,Source1,TX,2022,0,0.08977709564449937,0,0,0
A-7221290,Source1,CA,2020,0,0.06846010411895224,0,0,0
A-3837347,Source1,CA,2022,0,0.06286259936885322,0,0,0
A-5092192,Source1,CA,2023,0,0.11948227970322774,0,0,0
A-2254001,Source2,CA,2019,1,0.16377759146963175,1,0,0
A-3677087,Source1,CA,,0,0.09723690696725183,0,0,0
A-4204775,Source1,CA,2022,0,0.08343070580333638,0,0,0
A-6140155,Source1,CA,,0,0.08586524116973827,0,0,0
A-464773,Source2,CA,2017,1,0.4194663271362516,1,0,0
A-2169655,Source2,CA,2019,0,0.1510950491315935,0,0,0
A-2915311,Source2,CA,2018,0,0.2860668153728789,1,0,1
A-4030081,Source1,CA,2022,0,0.13405958225063871,0,0,0
A-3285068,Source2,CA,2017,1,0.18049199671018645,0,1,0
A-3794476,Source1,CA,2023,0,0.06896065774646369,0,0,0
A-3421776,Source1,CA,2016,0,0.19476575396371934,1,0,1
A-2888215,Source2,TX,2018,0,0.304019913686629,1,0,1
A-3091493,Source2,CA,2018,1,0.44847693815746065,1,0,0
A-1356222,Source2,CA,2020,0,0.07847750565831972,0,0,0
A-2634119,Source2,TX,2018,1,0.34745697019889904,1,0,0
A-2214964,Source2,TX,2019,0,0.35255721966815184,1,0,1
A-1834315,Source2,CA,2019,0,0.060914802507838095,0,0,0
A-6358670,Source1,CA,2021,0,0.0517389722940077,0,0,0
A-7128283,Source1,CA,2020,0,0.04721409009955001,0,0,0
A-7053770,Source1,CA,2020,0,0.1037177504460722,0,0,0
A-6091170,Source1,CA,2021,0,0.06633427854477505,0,0,0
A-2089067,Source2,CA,2019,0,0.062398397593837494,0,0,0
A-3762722,Source1,CA,2022,0,0.07630305685184836,0,0,0
A-2521752,Source2,TX,2018,0,0.2633489394476926,1,0,1
A-7329636,Source1,CA,2019,0,0.08384943492891754,0,0,0
A-3127140,Source2,CA,2017,0,0.33696992671458725,1,0,1
A-798043,Source2,TX,2021,0,0.2084778195331248,1,0,1
A-7172538,Source1,CA,2020,0,0.3699171687278105,1,0,1
A-2860277,Source2,TX,2018,0,0.06189034225344307,0,0,0
A-6776769,Source1,CA,2020,0,0.05993697207716098,0,0,0
A-4342827,Source1,CA,2022,0,0.18306943815127993,1,0,1
A-4781348,Source1,CA,,0,0.13154197635146106,0,0,0
A-5717144,Source1,TX,2021,0,0.20963124246392031,1,0,1
A-891730,Source2,CA,2021,0,0.14335495936210915,0,0,0
A-1710477,Source2,CA,2019,0,0.30845203208920496,1,0,1
A-7032995,Source1,TX,2020,1,0.13231361384043733,0,1,0
A-3863102,Source1,CA,2022,0,0.07838841060713951,0,0,0
A-5740322,Source1,CA,,0,0.02844946950127102,0,0,0
A-5958170,Source1,TX,2021,0,0.16973482800603445,0,0,0
A-1386258,Source2,TX,2020,1,0.12852511138184847,0,1,0
A-7211360,Source1,CA,2020,0,0.029684371557212846,0,0,0
A-4730624,Source1,CA,2022,0,0.14566716126411344,0,0,0
A-5241533,Source1,CA,2022,0,0.14987925561627516,0,0,0
A-4983731,Source1,CA,,0,0.022346024705409074,0,0,0
A-5180187,Source1,CA,2023,0,0.05973485573311886,0,0,0
A-3423159,Source1,CA,2016,0,0.37981960106609763,1,0,1
A-6776458,Source1,CA,2020,0,0.07645902919197324,0,0,0
A-1715749,Source3,CA,2019,1,0.2716100861505802,1,0,0
A-285747,Source2,TX,2016,0,0.06381939614464363,0,0,0
A-3309444,Source2,CA,2017,0,0.29049451500610024,1,0,1
A-4494835,Source1,CA,2022,0,0.351257955894625,1,0,1
A-4983642,Source1,TX,,0,0.042172841735897464,0,0,0
A-4121281,Source1,CA,2022,0,0.033039444922081565,0,0,0
A-3777633,Source1,CA,2022,0,0.19768120973188763,1,0,1
A-4855359,Source1,CA,2023,0,0.09314311565894609,0,0,0
A-7071483,Source1,CA,2020,0,0.1423478133524924,0,0,0
A-336775,Source2,CA,2017,0,0.32466729455466703,1,0,1
A-2682927,Source2,TX,2018,0,0.06746596176527708,0,0,0
A-85485,Source2,CA,2016,0,0.09581704090203051,0,0,0
A-2918340,Source2,TX,2018,0,0.15961898354388032,0,0,0
A-7527630,Source1,TX,2018,1,0.227081224754756,1,0,0
A-5284980,Source1,CA,2023,0,0.08485982677561899,0,0,0
A-1522647,Source3,CA,2020,0,0.11938727947829846,0,0,0
A-6569013,Source1,CA,2021,0,0.028827781940417286,0,0,0
A-3102089,Source2,TX,2017,0,0.3608680007305006,1,0,1
A-4383658,Source1,TX,2022,0,0.137700523290647,0,0,0
A-7336142,Source1,CA,2019,0,0.17338966419329865,0,0,0
A-2854391,Source2,CA,2018,0,0.21111489162334118,1,0,1
A-303207,Source2,TX,2016,0,0.05746447806383872,0,0,0
A-5043565,Source1,CA,2022,0,0.1943628490274049,1,0,1
A-6312151,Source1,CA,2021,0,0.04232779500500676,0,0,0
A-7062504,Source1,CA,2020,1,0.16769079875260304,0,1,0
A-489485,Source2,TX,2017,1,0.3723417197433498,1,0,0
A-4255218,Source1,CA,2022,0,0.06851606161047696,0,0,0
A-618515,Source2,CA,2022,0,0.10199943569765349,0,0,0
A-394490,Source2,TX,2017,0,0.3257324192262817,1,0,1
A-1509740,Source3,CA,2020,0,0.20818686600789843,1,0,1
A-4920359,Source1,CA,2022,0,0.18001586727629748,1,0,1
A-7331579,Source1,CA,2019,0,0.12128284188103547,0,0,0
A-2364411,Source2,TX,2019,0,0.2818132652748269,1,0,1
A-3180518,Source2,CA,2017,0,0.2560758581926662,1,0,1
A-37870,Source2,CA,2016,0,0.05690657283057593,0,0,0
A-6055382,Source1,CA,2021,0,0.19233959019348443,1,0,1
A-399167,Source2,CA,2017,1,0.3071557593725626,1,0,0
A-6856885,Source1,CA,2020,0,0.04123183108716109,0,0,0
A-33787,Source2,CA,2016,0,0.24675624462074586,1,0,1
A-7163048,Source1,CA,2020,0,0.16658153551193902,0,0,0
A-2457662,Source2,CA,2018,0,0.31646810127027836,1,0,1
A-7629699,Source1,CA,2018,0,0.15370434555135506,0,0,0
A-4916233,Source1,CA,,0,0.051598343323921145,0,0,0
A-2300460,Source2,CA,2019,0,0.13776817887298992,0,0,0
A-6561795,Source1,CA,2021,0,0.04226176533572168,0,0,0
A-2828899,Source2,CA,2018,0,0.22346448431201904,1,0,1
A-4946357,Source1,CA,2022,0,0.06556203923953693,0,0,0
A-395077,Source2,TX,2017,0,0.2586576057956075,1,0,1
A-3038769,Source2,CA,2018,0,0.052919746456048175,0,0,0
A-6845060,Source1,TX,2020,0,0.06424417135683819,0,0,0
A-400961,Source2,CA,2017,1,0.3548113950378185,1,0,0
A-489267,Source2,TX,2017,0,0.30474554255477104,1,0,1
A-1653558,Source3,CA,2020,1,0.08523044202285833,0,1,0
A-5808000,Source1,TX,2021,0,0.053067101919495874,0,0,0
A-7572608,Source1,CA,2018,0,0.4207017722274882,1,0,1
A-5466399,Source1,CA,2021,0,0.035654276211413136,0,0,0
A-1043058,Source2,TX,2021,0,0.3229615532394835,1,0,1
A-1924351,Source2,CA,2019,1,0.05704987974386801,0,1,0
A-4480819,Source1,CA,2022,0,0.08292788382410061,0,0,0
A-7221351,Source1,CA,2020,0,0.07164218173924904,0,0,0
A-4735469,Source1,CA,,0,0.023945674915868877,0,0,0
A-4861706,Source1,CA,,0,0.06732049141969441,0,0,0
A-3985246,Source1,CA,2022,0,0.14281186710971513,0,0,0
A-1438866,Source2,CA,2020,0,0.14244296982294696,0,0,0
A-6096503,Source1,CA,2021,0,0.09219837659124962,0,0,0
A-5308174,Source1,CA,2023,0,0.06148540951673942,0,0,0
A-101401,Source2,CA,2016,1,0.3624611470089699,1,0,0
A-1669809,Source2,TX,2020,0,0.202328483179904,1,0,1
A-2843499,Source2,CA,2018,0,0.3271568300383887,1,0,1
A-3885143,Source1,CA,,0,0.17741556974114248,1,0,1
A-2943410,Source2,CA,2018,1,0.35667688779750983,1,0,0
A-6294034,Source1,CA,2021,0,0.3345561515460306,1,0,1
A-7224309,Source1,CA,2020,0,0.08674611842665739,0,0,0
A-451850,Source2,TX,2017,0,0.26309873863094635,1,0,1
A-5559069,Source1,CA,2021,0,0.1859143844853778,0,0,0
A-760560,Source2,CA,2021,0,0.04733430831350195,0,0,0
A-1567929,Source2,TX,2020,1,0.155338637914112,0,1,0
A-7580981,Source1,CA,2018,0,0.2826669888799661,1,0,1
A-3429059,Source1,TX,2017,0,0.37406403181078135,1,0,1
A-2343393,Source2,TX,2019,0,0.3241739533596702,1,0,1
A-7376245,Source1,CA,2019,0,0.08830850366090534,0,0,0
A-7274377,Source1,CA,2020,0,0.04884843723550407,0,0,0
A-3828305,Source1,CA,2022,0,0.3729325465421637,1,0,1
A-2691766,Source2,TX,2018,0,0.21836945787019105,1,0,1
A-6813383,Source1,TX,2020,0,0.1526610181908981,0,0,0
A-7015557,Source1,CA,2020,0,0.09471050697659211,0,0,0
A-7319869,Source1,CA,2019,0,0.0312610154389783,0,0,0
A-2722084,Source2,CA,2018,0,0.10062605061178165,0,0,0
A-6268717,Source1,TX,2021,0,0.1668208494918751,0,0,0
A-1045390,Source2,TX,2021,0,0.19560092379877686,1,0,1
A-2834210,Source2,CA,2018,1,0.38336855860189173,1,0,0
A-6120622,Source1,CA,2021,0,0.30956803276349404,1,0,1
A-2827983,Source2,TX,2018,0,0.06060839000179944,0,0,0
A-1169554,Source2,CA,2021,0,0.11663799595540243,0,0,0
A-5185265,Source1,TX,2022,0,0.07644880045982139,0,0,0
A-5642069,Source1,CA,2021,0,0.03605098172853956,0,0,0
A-5676781,Source1,TX,2021,0,0.08443371731900548,0,0,0
A-6460784,Source1,CA,2021,0,0.04811218782731975,0,0,0
A-7241613,Source1,CA,2020,1,0.2610241657291087,1,0,0
A-5276623,Source1,TX,2022,0,0.04981461035298411,0,0,0
A-93673,Source2,CA,2016,0,0.129582124002299,0,0,0
A-487021,Source2,TX,2017,0,0.210530371565732,1,0,1
A-3082471,Source2,CA,2018,1,0.3557371997294124,1,0,0
A-7362863,Source1,CA,2019,0,0.08965350083884764,0,0,0
A-7291060,Source1,CA,2019,0,0.03805166450284838,0,0,0
A-338010,Source2,CA,2017,1,0.2894082150662845,1,0,0
A-7416772,Source1,CA,2019,0,0.07036525128590668,0,0,0
A-3240136,Source3,CA,2017,1,0.37754038695415315,1,0,0
A-7343075,Source1,CA,2019,0,0.09573417746244559,0,0,0
A-3590778,Source1,CA,2017,1,0.29790333850519235,1,0,0
A-3683985,Source1,CA,2023,0,0.23045510451019763,1,0,1
A-3735073,Source1,CA,,0,0.17390363728753266,1,0,1
A-5499076,Source1,CA,,0,0.04568917390639725,0,0,0
A-518019,Source2,CA,2022,0,0.11163888171400407,0,0,0
A-1816102,Source3,CA,2019,1,0.13377441207102475,0,1,0
A-7104248,Source1,CA,2020,0,0.3353297028535172,1,0,1
A-3023395,Source2,TX,2018,0,0.30811019075382895,1,0,1
A-3438169,Source1,TX,2016,1,0.3415584119047453,1,0,0
A-7421890,Source1,CA,2019,0,0.11764339718192504,0,0,0
A-7595679,Source1,CA,2018,0,0.11701539679210471,0,0,0
A-2750703,Source2,TX,2018,1,0.3418993732167346,1,0,0
A-4526203,Source1,CA,2023,0,0.20242473076790732,1,0,1
A-3258801,Source2,TX,2017,0,0.39911836443686904,1,0,1
A-7001424,Source1,TX,2020,1,0.15032302205341827,0,1,0
A-4085179,Source1,CA,2022,0,0.08306284259188554,0,0,0
A-3270253,Source2,TX,2017,0,0.16898315881854303,0,0,0
A-2819537,Source2,CA,2018,1,0.4515042731377511,1,0,0
A-388210,Source2,TX,2017,0,0.057634482911634796,0,0,0
A-5218812,Source1,CA,,0,0.07425388825620263,0,0,0
A-1213587,Source2,CA,2020,1,0.082619204746186,0,1,0
A-49898,Source2,CA,2016,0,0.336727661167289,1,0,1
A-2778211,Source2,CA,2018,1,0.38208997012088525,1,0,0
A-5354265,Source1,CA,2022,0,0.2997463652798299,1,0,1
A-2749163,Source2,CA,2018,1,0.28989810022312157,1,0,0
A-38389,Source2,CA,2016,1,0.27580218459763456,1,0,0
A-2634878,Source2,CA,2018,1,0.21881838136982168,1,0,0
A-1577673,Source2,TX,2020,1,0.25512652292061305,1,0,0
A-403379,Source2,CA,2017,1,0.3611309688112552,1,0,0
A-2255851,Source2,TX,2019,0,0.289141501322079,1,0,1
A-4704649,Source1,TX,,0,0.06758048004890384,0,0,0
A-6869334,Source1,CA,2020,0,0.07702147300764653,0,0,0
A-3538437,Source1,CA,2016,0,0.2540609414308972,1,0,1
A-2054639,Source2,CA,2019,1,0.10865818826487608,0,1,0
A-4665434,Source1,CA,2022,0,0.036304650693819066,0,0,0
A-3160057,Source2,CA,2017,0,0.39922732809465555,1,0,1
A-459079,Source2,CA,2017,1,0.32121441358967306,1,0,0
A-3765482,Source1,CA,2022,0,0.07092210677923845,0,0,0
A-6563560,Source1,TX,2021,0,0.19540410819707174,1,0,1
A-3174419,Source2,TX,2017,0,0.20279044364703144,1,0,1
A-306982,Source2,TX,2016,0,0.15182214243044106,0,0,0
A-554947,Source2,TX,2022,1,0.17446647410262153,0,1,0
A-7148082,Source1,CA,2020,0,0.09574600248092217,0,0,0
A-838633,Source2,CA,2021,0,0.055837679997543174,0,0,0
A-4113775,Source1,TX,2022,0,0.19478574162474535,1,0,1
A-56100,Source2,CA,2016,0,0.3640138877266999,1,0,1
A-5085033,Source1,CA,,0,0.04124229645970053,0,0,0
A-6107303,Source1,CA,2021,0,0.13034676633087225,0,0,0
A-5693292,Source1,CA,2021,0,0.11294388587144992,0,0,0
A-7513134,Source1,CA,2018,0,0.2857446243384786,1,0,1
A-4618059,Source1,CA,2022,0,0.26349883344150793,1,0,1
A-7162682,Source1,CA,2020,0,0.08309494013738428,0,0,0
A-4504489,Source1,CA,,0,0.03087679518154641,0,0,0
A-991063,Source2,CA,2021,0,0.18835132326147946,1,0,1
A-1173359,Source2,CA,2021,0,0.06408234844952464,0,0,0
A-4231662,Source1,CA,,0,0.17058419673118114,1,0,1
A-508128,Source2,TX,2017,0,0.35305783487902737,1,0,1
A-1915378,Source2,TX,2019,0,0.18581271000845864,1,0,1
A-5486116,Source1,TX,2021,0,0.14990728685775925,0,0,0
A-2290069,Source2,CA,2019,0,0.3535109624678321,1,0,1
A-3111160,Source2,TX,2017,0,0.28369555296200355,1,0,1
A-1653556,Source2,CA,2020,0,0.12763789459044,0,0,0
A-1479879,Source3,CA,2020,1,0.15669640204187457,0,1,0
A-269028,Source2,TX,2017,0,0.1815833257476464,1,0,1
A-3035834,Source2,CA,2018,1,0.23444044093407013,1,0,0
A-6362053,Source1,CA,2021,0,0.17436227630002438,0,0,0
A-2499572,Source2,CA,2018,0,0.3731757309527036,1,0,1
A-386343,Source2,TX,2017,1,0.11234671330878003,0,1,0
A-2438355,Source2,CA,2018,1,0.3553438952628405,1,0,0
A-4208475,Source1,CA,2022,0,0.06361853646121678,0,0,0
A-6539632,Source1,CA,2021,0,0.07604084807680511,0,0,0
A-1808859,Source3,CA,2019,0,0.08157580655480737,0,0,0
A-3546601,Source1,CA,2016,0,0.37819728130382807,1,0,1
A-24313,Source2,CA,2016,0,0.44093663414653533,1,0,1
A-1660337,Source2,CA,2020,0,0.12478999981142377,0,0,0
A-7537881,Source1,CA,2018,0,0.29476582238325694,1,0,1
A-268374,Source2,TX,2017,0,0.04198649946325074,0,0,0
A-4075312,Source1,CA,2022,0,0.27897565838885374,1,0,1
A-6718923,Source1,CA,2020,0,0.05139138054378578,0,0,0
A-3352459,Source3,TX,2017,1,0.33700884021218597,1,0,0
A-5997370,Source1,TX,2021,0,0.13730093214459793,0,0,0
A-1794748,Source2,CA,2019,1,0.11454647404415422,0,1,0
A-2066889,Source2,TX,2019,0,0.2145499471042338,1,0,1
A-4069629,Source1,TX,2022,0,0.15515886332054382,0,0,0
A-3663901,Source1,CA,,0,0.02417747309148051,0,0,0
A-5122379,Source1,CA,,0,0.21531636302516635,1,0,1
A-6682775,Source1,CA,2020,0,0.06628679641849307,0,0,0
A-7345176,Source1,CA,2019,0,0.09860411580627941,0,0,0
A-3127262,Source2,CA,2017,0,0.295424376232967,1,0,1
A-3591232,Source1,CA,2017,0,0.36992270173939884,1,0,1
A-6199503,Source1,CA,2021,0,0.049749446496252556,0,0,0
A-3595250,Source1,TX,2017,0,0.3776902600818783,1,0,1
A-1706709,Source2,TX,2019,0,0.0437355555883573,0,0,0
A-2649009,Source2,CA,2018,1,0.08904778513194188,0,1,0
A-6398338,Source1,CA,2021,0,0.053937415576249134,0,0,0
A-2005466,Source2,TX,2019,0,0.1594580322757893,0,0,0
A-2275066,Source2,CA,2019,0,0.2818982114161168,1,0,1
A-3555648,Source1,CA,2016,1,0.09569676886211391,0,1,0
A-5570613,Source1,CA,2021,0,0.10114833971997945,0,0,0
A-337580,Source2,CA,2017,0,0.3085017692175218,1,0,1
A-1763708,Source2,TX,2019,1,0.09177500175554648,0,1,0
A-5296661,Source1,CA,,0,0.1676641203050661,1,0,1
A-3353018,Source2,CA,2017,0,0.31853369847645246,1,0,1
A-49384,Source2,CA,2016,0,0.41542138355374403,1,0,1
A-2498577,Source2,TX,2018,0,0.40500693742600846,1,0,1
A-3920527,Source1,CA,,0,0.025665936035840376,0,0,0
A-30660,Source2,CA,2016,1,0.32109865650114666,1,0,0
A-2932031,Source2,TX,2018,0,0.2807160194890236,1,0,1
A-4960170,Source1,CA,2022,0,0.2836167886795743,1,0,1
A-3830179,Source1,CA,2022,0,0.22346448431201904,1,0,1
A-3003400,Source2,CA,2018,0,0.3321941726285221,1,0,1
A-2556816,Source2,TX,2018,0,0.43530390643644407,1,0,1
A-2575370,Source2,CA,2018,0,0.13638396168267453,0,0,0
A-3735278,Source1,TX,,0,0.06055710659033039,0,0,0
A-2732735,Source2,CA,2018,1,0.3610430508525536,1,0,0
A-494090,Source2,CA,2017,1,0.43497849499103136,1,0,0
A-6652900,Source1,CA,2020,0,0.09419556198582028,0,0,0
A-5384633,Source1,TX,,0,0.05029645064806013,0,0,0
A-6147620,Source1,TX,2021,0,0.15334493277957656,0,0,0
A-54042,Source2,CA,2016,0,0.15743106465009107,0,0,0
A-277104,Source2,TX,2016,0,0.12851048046604166,0,0,0
A-7578442,Source1,CA,2018,1,0.3639756429839095,1,0,0
A-5581666,Source1,CA,2021,0,0.10285098789668032,0,0,0
A-484502,Source2,TX,2017,0,0.144133564723561,0,0,0
A-3888071,Source1,TX,2022,0,0.03827231841543867,0,0,0
A-1609946,Source2,TX,2020,0,0.02492004515841708,0,0,0
A-6704807,Source1,CA,2020,0,0.056536026834842865,0,0,0
A-5078729,Source1,TX,2022,0,0.07447527446310323,0,0,0
A-3428962,Source1,TX,2017,1,0.16329564622106904,0,1,0
A-3716618,Source1,TX,2023,0,0.03086455126694455,0,0,0
A-849442,Source2,CA,2021,0,0.10220474672352187,0,0,0
A-4789370,Source1,CA,,0,0.08397894617497241,0,0,0
A-2732845,Source2,CA,2018,1,0.40611825616655706,1,0,0
A-7251934,Source1,TX,2020,1,0.051071335084206124,0,1,0
A-5394953,Source1,CA,2022,0,0.05157799947051471,0,0,0
A-5920176,Source1,CA,2021,0,0.23894492756854638,1,0,1
A-7007620,Source1,CA,2020,0,0.3804972615506552,1,0,1
A-5590653,Source1,CA,2021,0,0.0711575244481806,0,0,0
A-1953006,Source2,TX,2019,0,0.20143742413078933,1,0,1
A-5567087,Source1,TX,2021,0,0.1619242508746618,0,0,0
A-3851326,Source1,CA,2022,0,0.07230972559352007,0,0,0
A-1286805,Source2,CA,2020,0,0.0826074575847338,0,0,0
A-21001,Source2,CA,2016,0,0.2166372323652969,1,0,1
A-1794046,Source3,CA,2019,0,0.05386162706336871,0,0,0
A-89161,Source2,CA,2016,1,0.4481129663119524,1,0,0
A-2178336,Source2,CA,2019,0,0.050611175073077594,0,0,0
A-3862238,Source1,CA,2022,1,0.07342012306702693,0,1,0
A-6329685,Source1,CA,2021,0,0.16294185696061253,0,0,0
A-7347501,Source1,CA,2019,0,0.08328654920906851,0,0,0
A-3695336,Source1,CA,2023,0,0.19357395524050358,1,0,1
A-49530,Source2,CA,2016,0,0.3178717739847429,1,0,1
A-2469829,Source2,TX,2018,0,0.3149358882282273,1,0,1
A-1893516,Source3,CA,2019,0,0.12425189015386824,0,0,0
A-108989,Source2,CA,2016,1,0.33599967065295633,1,0,0
A-3289948,Source2,TX,2017,0,0.3299702103609499,1,0,1
A-3305302,Source2,TX,2017,0,0.28950561093234706,1,0,1
A-1806092,Source2,CA,2019,0,0.031621055771717824,0,0,0
A-4049669,Source1,CA,,0,0.1915016306748334,1,0,1
A-5624080,Source1,CA,2021,0,0.1384332812494458,0,0,0
A-1637827,Source2,CA,2020,1,0.27068183732339646,1,0,0
A-2349877,Source2,TX,2019,0,0.14133454677951432,0,0,0
A-4970372,Source1,CA,2022,0,0.30911775725334356,1,0,1
A-7367530,Source1,CA,2019,0,0.044297136747299966,0,0,0
A-7249123,Source1,CA,2020,0,0.07471586204651874,0,0,0
A-6261703,Source1,CA,2021,0,0.15301993518190624,0,0,0
A-6331841,Source1,CA,2021,0,0.11452156770773148,0,0,0
A-400409,Source2,CA,2017,0,0.3370201961977636,1,0,1
A-7151852,Source1,CA,2020,0,0.18057321532647572,0,0,0
A-577517,Source2,CA,2022,1,0.16973019061424938,0,1,0
A-6262003,Source1,CA,2021,0,0.10973001796682677,0,0,0
A-2982694,Source2,CA,2018,1,0.3598171253965536,1,0,0
A-2992066,Source2,CA,2018,0,0.3928780267051334,1,0,1
A-6882958,Source1,CA,,0,0.028931522090839924,0,0,0
A-3590265,Source1,CA,2017,0,0.3637713089020273,1,0,1
A-7287319,Source1,CA,2019,0,0.02625820061957667,0,0,0
A-4002690,Source1,TX,,0,0.03830372751959754,0,0,0
A-263194,Source2,TX,2016,0,0.23067554176515942,1,0,1
A-5676496,Source1,CA,2021,0,0.07144720937116508,0,0,0
A-5405204,Source1,CA,,0,0.052670080987153714,0,0,0
A-7594751,Source1,CA,2018,0,0.3580508789432659,1,0,1
A-305523,Source2,TX,2016,0,0.06899775184540888,0,0,0
A-6329606,Source1,CA,2021,0,0.11215435009635588,0,0,0
A-4026051,Source1,CA,2022,0,0.0664694460916023,0,0,0
A-4960650,Source1,TX,2022,0,0.05534579848041059,0,0,0
A-4531145,Source1,CA,2022,0,0.3619563099012194,1,0,1
A-6742108,Source1,CA,2020,0,0.0508095809530114,0,0,0
A-6262842,Source1,CA,2021,0,0.0879557732219114,0,0,0
A-2783587,Source2,TX,2018,1,0.2034629890942939,1,0,0
A-47710,Source2,CA,2016,1,0.36623474029469594,1,0,0
A-7697833,Source1,CA,2017,1,0.42102624639235026,1,0,0
A-2295389,Source2,CA,2019,0,0.3086744145508499,1,0,1
A-5100306,Source1,CA,2023,0,0.12321093705991784,0,0,0
A-794407,Source2,CA,2021,0,0.03722388509050263,0,0,0
A-1489624,Source2,TX,2020,0,0.15463347568082678,0,0,0
A-2885196,Source2,CA,2018,0,0.13463397147748798,0,0,0
A-7607487,Source1,CA,2018,0,0.3946788808808183,1,0,1
A-7600369,Source1,CA,2018,0,0.07356308318468459,0,0,0
A-4422390,Source1,CA,,0,0.11276666548637833,0,0,0
A-6127419,Source1,CA,2021,0,0.1118452962531927,0,0,0
A-2930025,Source2,TX,2018,0,0.058634550098744034,0,0,0
A-5142961,Source1,CA,,0,0.029798194848725375,0,0,0
A-3256034,Source2,TX,2017,0,0.05800063537667318,0,0,0
A-3359158,Source2,TX,2017,1,0.41896614363574625,1,0,0
A-2632256,Source2,CA,2018,0,0.10923005005749187,0,0,0
A-4267550,Source1,CA,,0,0.045612828001399146,0,0,0
A-486817,Source2,TX,2017,1,0.32776403489476985,1,0,0
A-1543365,Source2,TX,2020,0,0.12720017186631544,0,0,0
A-25768,Source2,CA,2016,0,0.384058117702336,1,0,1
A-1971264,Source2,CA,2019,1,0.05761353552428341,0,1,0
A-344086,Source2,CA,2017,0,0.2782188593941063,1,0,1
A-2254453,Source2,CA,2019,0,0.20232458477617632,1,0,1
A-271582,Source2,TX,2017,1,0.30050658737145214,1,0,0
A-3191882,Source2,TX,2017,0,0.14859721653687005,0,0,0
A-319351,Source2,CA,2017,1,0.3279839827892253,1,0,0
A-4207025,Source1,CA,,0,0.06299233722416177,0,0,0
A-1469693,Source3,TX,2020,1,0.13125266392165574,0,1,0
A-465202,Source2,CA,2017,1,0.27469814652474306,1,0,0
A-6286595,Source1,TX,2021,0,0.16318913669851026,0,0,0
A-7046847,Source1,CA,2020,0,0.21612902331531822,1,0,1
A-4142885,Source1,CA,,0,0.04013585008126815,0,0,0
A-2667154,Source2,TX,2018,1,0.3505569394935945,1,0,0
A-7414264,Source1,CA,2019,0,0.15936054793877197,0,0,0
A-3743096,Source1,CA,2022,0,0.2724108525127205,1,0,1
A-91038,Source2,CA,2016,0,0.4084871444803152,1,0,1
A-6640619,Source1,CA,2020,0,0.18475810627906097,0,0,0
A-5647552,Source1,CA,2021,0,0.1366126163633007,0,0,0
A-494631,Source2,CA,2017,1,0.36611081892884856,1,0,0
A-1788400,Source2,CA,2019,0,0.35173644054026215,1,0,1
A-6844699,Source1,CA,2020,0,0.14296255856613999,0,0,0
A-5758744,Source1,CA,2021,0,0.17273582792370887,0,0,0
A-4670649,Source1,TX,2022,0,0.18212795048878477,0,0,0
A-18719,Source2,CA,2016,0,0.3783680737674656,1,0,1
A-786618,Source2,TX,2021,1,0.3547254082981288,1,0,0
A-7422446,Source1,CA,2019,0,0.41897309586079406,1,0,1
A-3824230,Source1,CA,2022,0,0.23874444738831083,1,0,1
A-3567252,Source1,TX,2017,0,0.26103059383625704,1,0,1
A-1482210,Source2,TX,2020,0,0.13601533767010474,0,0,0
A-2906851,Source2,CA,2018,0,0.06864165709972839,0,0,0
A-1186203,Source2,TX,2021,1,0.11827272848650336,0,1,0
A-40161,Source2,CA,2016,0,0.10422117201612377,0,0,0
A-4863530,Source1,CA,2022,0,0.07575422568354337,0,0,0
A-1126575,Source2,CA,2021,0,0.20707759454999194,1,0,1
A-7337365,Source1,CA,2019,0,0.07102681610838499,0,0,0
A-1854784,Source2,TX,2019,0,0.2687550288095892,1,0,1
A-3433352,Source1,TX,2016,0,0.33567507302812144,1,0,1
A-3592276,Source1,CA,2017,0,0.30685662877465203,1,0,1
A-440240,Source2,CA,2017,0,0.04338906090507425,0,0,0
A-2653650,Source2,TX,2018,0,0.37813937241081585,1,0,1
A-6848712,Source1,TX,2020,0,0.08256503044846362,0,0,0
A-5920090,Source1,CA,2021,0,0.32420338346529853,1,0,1
A-6406673,Source1,CA,2021,0,0.0948662274020597,0,0,0
A-6161068,Source1,CA,2021,0,0.048560336888021895,0,0,0
A-2726929,Source2,CA,2018,0,0.09750954630286661,0,0,0
A-7131,Source2,CA,2016,0,0.0661380107574103,0,0,0
A-1761986,Source3,CA,2019,0,0.08688702282105915,0,0,0
A-5178862,Source1,CA,2023,0,0.27318055940452673,1,0,1
A-1804996,Source2,TX,2019,1,0.14042705111941484,0,1,0
A-1545745,Source2,CA,2020,0,0.086567241272773,0,0,0
A-5129800,Source1,CA,,0,0.03168360812567835,0,0,0
A-5674215,Source1,TX,2021,0,0.11626628507522829,0,0,0
A-3640297,Source1,TX,2017,1,0.42305188647132386,1,0,0
A-274275,Source2,TX,2016,1,0.3341679746521346,1,0,0
A-38696,Source2,CA,2016,0,0.4265754901183496,1,0,1
A-910778,Source2,CA,2021,0,0.2826964449803556,1,0,1
A-6161241,Source1,CA,2021,0,0.2390278184361086,1,0,1
A-1146865,Source3,CA,2021,0,0.06722700988818169,0,0,0
A-6198162,Source1,CA,,0,0.032419258437321394,0,0,0
A-2116109,Source2,CA,2019,1,0.13836570239969745,0,1,0
A-6765103,Source1,CA,2020,0,0.05079984904689587,0,0,0
A-2706549,Source2,CA,2018,0,0.34886460814105547,1,0,1
A-5348730,Source1,CA,2022,0,0.12632271865999256,0,0,0
A-4656129,Source1,CA,2022,0,0.0676292421547474,0,0,0
A-3431196,Source1,TX,2016,0,0.32761043001464185,1,0,1
A-1019724,Source2,TX,2021,0,0.03023447087900865,0,0,0
A-4755860,Source1,CA,2022,0,0.10732701911301228,0,0,0
A-429696,Source2,TX,2017,0,0.21487592423619506,1,0,1
A-4340681,Source1,CA,2022,0,0.13628736399264707,0,0,0
A-4850346,Source1,CA,2022,0,0.059683114827667604,0,0,0
A-5803783,Source1,CA,,0,0.07207859616871755,0,0,0
A-7304786,Source1,CA,2019,0,0.09953181187765076,0,0,0
A-2704047,Source2,CA,2018,0,0.33100431881560854,1,0,1
A-1166042,Source2,TX,2021,0,0.2349648949333107,1,0,1
A-2013404,Source2,TX,2019,1,0.1723276803512734,0,1,0
A-6068371,Source1,CA,2021,0,0.09328009332684276,0,0,0
A-6948865,Source1,TX,2020,0,0.21203313084038883,1,0,1
A-1084675,Source2,TX,2021,1,0.17297706838381746,0,1,0
A-7481478,Source1,CA,2018,1,0.29041001731782873,1,0,0
A-4540500,Source1,TX,,0,0.08070199823953646,0,0,0
A-3102999,Source2,CA,2017,1,0.4407229214781566,1,0,0
A-7726575,Source1,CA,2019,0,0.12588292366740256,0,0,0
A-4990469,Source1,CA,,0,0.05010458696948457,0,0,0
A-3544155,Source1,CA,2016,0,0.38863761549697545,1,0,1
A-3970798,Source1,CA,2022,0,0.13663499536845675,0,0,0
A-6519372,Source1,CA,2021,0,0.05148912511199475,0,0,0
A-1995304,Source2,TX,2019,0,0.12856003528443066,0,0,0
A-493665,Source2,CA,2017,1,0.12755640539883242,0,1,0
A-4801942,Source1,CA,2022,0,0.10018113550290572,0,0,0
A-7328680,Source1,CA,2019,0,0.2885702395169737,1,0,1
A-5328003,Source1,CA,,0,0.16610152689361918,1,0,1
A-6185275,Source1,CA,,0,0.020192695878203448,0,0,0
A-303417,Source2,TX,2016,0,0.46594259068931654,1,0,1
A-6704148,Source1,TX,2020,0,0.08220567184175273,0,0,0
A-804645,Source2,CA,2021,0,0.03788525184415472,0,0,0
A-394242,Source2,TX,2017,0,0.1281797648623037,0,0,0
A-6762075,Source1,CA,2020,0,0.051976610170648196,0,0,0
A-2535936,Source2,CA,2018,1,0.32988886894163766,1,0,0
A-1485322,Source2,CA,2020,0,0.10915683112036112,0,0,0
A-2286031,Source2,TX,2019,1,0.19512602687974062,1,0,0
A-1990527,Source2,CA,2019,0,0.14017287526198619,0,0,0
A-35948,Source2,CA,2016,0,0.24529083751826208,1,0,1
A-351232,Source2,CA,2017,1,0.27897565838885374,1,0,0
A-3149237,Source2,TX,2017,1,0.4267900325851592,1,0,0
A-7156701,Source1,CA,2020,0,0.13311772869665653,0,0,0
A-6755497,Source1,CA,2020,0,0.04066501860440068,0,0,0
A-4393810,Source1,CA,2022,0,0.19634536235700772,1,0,1
A-3720596,Source1,CA,2022,0,0.28995972865488473,1,0,1
A-4583824,Source1,CA,,0,0.07987677383088085,0,0,0
A-6840559,Source1,CA,2020,0,0.03741726937558918,0,0,0
A-7068731,Source1,CA,2020,0,0.2612659208893279,1,0,1
A-41965,Source2,CA,2016,1,0.3699781000127423,1,0,0
A-7023570,Source1,CA,2020,0,0.30258136223807247,1,0,1
A-3874431,Source1,CA,,0,0.049694505051248714,0,0,0
A-4983922,Source1,CA,,0,0.15578964305338958,0,0,0
A-4007953,Source1,CA,,0,0.06341142234732353,0,0,0
A-3196583,Source2,CA,2017,1,0.3474839872400467,1,0,0
A-492257,Source2,CA,2017,0,0.27302438602010126,1,0,1
A-5755109,Source1,CA,2021,0,0.044162243419551314,0,0,0
A-6136860,Source1,CA,2021,0,0.051792406708044435,0,0,0
A-5510260,Source1,CA,2021,0,0.26831884346825496,1,0,1
A-4955702,Source1,CA,2021,0,0.13243073157228696,0,0,0
A-3783839,Source1,CA,2022,0,0.1460266478222566,0,0,0
A-1280677,Source2,TX,2020,0,0.32078671558232097,1,0,1
A-6089805,Source1,CA,2021,0,0.05112387994127433,0,0,0
A-7630411,Source1,CA,2018,0,0.15823838277041466,0,0,0
A-999581,Source2,CA,2021,0,0.1240378756271493,0,0,0
A-1330276,Source2,TX,2020,0,0.10252919180125872,0,0,0
A-7408933,Source1,CA,2019,0,0.11302716057807738,0,0,0
A-4881543,Source1,CA,2022,0,0.3882504527793881,1,0,1
A-4867263,Source1,CA,,0,0.024138305944343498,0,0,0
A-5362445,Source1,CA,,0,0.1443961341846821,0,0,0
A-112036,Source2,CA,2016,1,0.35705450241226866,1,0,0
A-7156613,Source1,CA,2020,0,0.21155603351249314,1,0,1
A-3429657,Source1,TX,2017,0,0.2838175606008301,1,0,1
A-1575466,Source3,CA,2020,1,0.09742938030000622,0,1,0
A-4159164,Source1,CA,,0,0.08888721749952817,0,0,0
A-906275,Source3,CA,2021,1,0.17938228292585215,0,1,0
A-6554158,Source1,CA,2021,0,0.05639092361622659,0,0,0
A-3107839,Source2,TX,2017,0,0.31792319679516684,1,0,1
A-6043409,Source1,CA,2021,0,0.03080273999156191,0,0,0
A-7345092,Source1,CA,2019,0,0.1747482230089315,0,0,0
A-2284078,Source2,CA,2019,1,0.40378719148553943,1,0,0
A-2637557,Source2,CA,2018,0,0.3303218837485927,1,0,1
A-1621302,Source2,CA,2020,1,0.05605752224429139,0,1,0
A-7191411,Source1,TX,2020,1,0.2638940375945703,1,0,0
A-4392922,Source1,CA,2022,0,0.297930308275557,1,0,1
A-3384892,Source2,CA,2017,0,0.4002831114375741,1,0,1
A-286584,Source2,TX,2016,0,0.3018207230783266,1,0,1
A-6091285,Source1,CA,2021,0,0.3008682828282213,1,0,1
A-6430981,Source1,TX,,0,0.03070262083201477,0,0,0
A-3388552,Source2,CA,2017,1,0.4730619234275256,1,0,0
A-6709134,Source1,CA,2021,0,0.04941060134749415,0,0,0
A-6138860,Source1,CA,,0,0.0629566226566036,0,0,0
A-6761260,Source1,CA,2020,0,0.1589295475054121,0,0,0
A-6296803,Source1,CA,2021,0,0.15140769441009844,0,0,0
A-690389,Source2,CA,2022,0,0.04646930798544197,0,0,0
A-7111241,Source1,CA,2020,0,0.15725841511383937,0,0,0
A-4433427,Source1,TX,2022,0,0.14480168235306787,0,0,0
A-7336245,Source1,CA,2019,0,0.14185928605656653,0,0,0
A-6543352,Source1,CA,,0,0.027587765557821976,0,0,0
A-5968645,Source1,TX,2021,0,0.3011637805276365,1,0,1
A-1375138,Source2,CA,2020,0,0.10271394852408808,0,0,0
A-7407574,Source1,CA,2019,0,0.14280648392915202,0,0,0
A-268677,Source2,TX,2017,1,0.24608985900755567,1,0,0
A-6839565,Source1,CA,2020,0,0.2945547389654248,1,0,1
A-7752805,Source1,CA,2019,0,0.05330326586384284,0,0,0
A-1373084,Source2,TX,2020,0,0.276385445220398,1,0,1
A-932795,Source2,TX,2021,0,0.14633775921301365,0,0,0
A-6481610,Source1,CA,2021,0,0.03280200146571699,0,0,0
A-4179204,Source1,CA,2022,0,0.053004923195713496,0,0,0
A-5854779,Source1,CA,2021,0,0.18865681236015813,1,0,1
A-1523979,Source2,TX,2020,1,0.11310835248591822,0,1,0
A-5938091,Source1,CA,2021,0,0.1590489497689071,1,0,1
A-3609192,Source1,CA,2017,0,0.30825906694988303,1,0,1
A-485909,Source2,TX,2017,0,0.2887443385850812,1,0,1
A-6252362,Source1,TX,2021,0,0.075276185361148,0,0,0
A-7353955,Source1,CA,2019,0,0.08811782616383897,0,0,0
A-2958037,Source2,CA,2018,0,0.34142458051116453,1,0,1
A-275727,Source2,TX,2016,0,0.050519009812070526,0,0,0
A-2219949,Source2,CA,2019,1,0.2676923939734139,1,0,0
A-5896978,Source1,TX,2021,0,0.13409396999492337,0,0,0
A-1194508,Source2,TX,2021,0,0.06374756639666943,0,0,0
A-7106914,Source1,CA,2020,0,0.10164459630559945,0,0,0
A-5795140,Source1,CA,2021,0,0.07816569608144613,0,0,0
A-7747756,Source1,CA,2019,0,0.08655211682390085,0,0,0
A-1203842,Source2,CA,2021,1,0.029834467476193966,0,1,0
A-109054,Source2,CA,2016,1,0.4742528729288701,1,0,0
A-5230107,Source1,CA,2022,0,0.1490192992632547,0,0,0
A-3709024,Source1,CA,2022,0,0.21298213834918017,1,0,1
A-1353317,Source2,TX,2020,0,0.3145043296544712,1,0,1
A-3947164,Source1,TX,2022,0,0.13264666663729435,0,0,0
A-5903915,Source1,CA,2021,1,0.05907700147971071,0,1,0
A-6182410,Source1,CA,2021,0,0.08599331667295043,0,0,0
A-276998,Source2,TX,2016,0,0.2431686987309592,1,0,1
A-4573487,Source1,CA,2022,0,0.04689845022781982,0,0,0
A-44029,Source2,CA,2016,1,0.2987145141009402,1,0,0
A-6623531,Source1,CA,2020,0,0.16164849433640413,0,0,0
A-637749,Source2,TX,2022,1,0.3196940115412299,1,0,0
A-4811292,Source1,CA,2022,0,0.1470565996428858,0,0,0
A-4816978,Source1,TX,2022,0,0.2592065294371063,1,0,1
A-4960500,Source1,CA,2022,0,0.1584630945868816,0,0,0
A-3826409,Source1,CA,2023,0,0.022635627182721822,0,0,0
A-7475361,Source1,TX,2018,1,0.2826964449803556,1,0,0
A-5206225,Source1,CA,,0,0.06210140963568206,0,0,0
A-7538951,Source1,CA,2018,0,0.3576569259033899,1,0,1
A-3551704,Source1,CA,2016,0,0.2962037582008291,1,0,1
A-2229988,Source2,CA,2019,0,0.35777122165772457,1,0,1
A-7158975,Source1,CA,2020,0,0.0378680056545649,0,0,0
A-1480977,Source2,TX,2020,0,0.12715948884304135,0,0,0
A-2033952,Source2,CA,2019,0,0.13570454241740842,0,0,0
A-4301884,Source1,CA,2022,0,0.0914696176807215,0,0,0
A-5438542,Source1,TX,2022,0,0.21244978709028972,1,0,1
A-3981275,Source1,CA,2022,0,0.27992111144494214,1,0,1
A-7015103,Source1,TX,2020,0,0.046318062275790065,0,0,0
A-7177099,Source1,CA,2020,0,0.05628247361748613,0,0,0
A-3012070,Source2,TX,2018,1,0.2701457225545979,1,0,0
A-3427880,Source1,TX,2016,1,0.22827957769449583,1,0,0
A-4042165,Source1,CA,2022,0,0.15815232402275228,0,0,0
A-2025730,Source2,TX,2019,0,0.05889236537092398,0,0,0
A-6969857,Source1,CA,2020,0,0.07031948260040431,0,0,0
A-1783340,Source3,CA,2019,1,0.07349226114697774,0,1,0
A-3332381,Source2,CA,2017,1,0.16928016286231654,0,1,0
A-5394681,Source1,CA,,0,0.2095535057817753,1,0,1
A-5212301,Source1,CA,,0,0.03356274198154047,0,0,0
A-1098000,Source2,CA,2021,0,0.05586495013096461,0,0,0
A-5215294,Source1,CA,,0,0.06586214806007999,0,0,0
A-5342576,Source1,CA,2022,0,0.09468897372396458,0,0,0
A-4314802,Source1,CA,2023,0,0.15578964305338958,0,0,0
A-1328742,Source2,CA,2020,0,0.09584023758221522,0,0,0
A-1280983,Source2,CA,2020,0,0.25930345841559777,1,0,1
A-1175108,Source2,TX,2021,0,0.06313204712597498,0,0,0
A-6661138,Source1,CA,2020,0,0.08071232627668319,0,0,0
A-3381610,Source2,TX,2017,0,0.19076852404386185,1,0,1
A-2335367,Source2,TX,2019,0,0.25154790309837216,1,0,1
A-7355625,Source1,CA,2019,0,0.3530748291214736,1,0,1
A-5688564,Source1,CA,2021,0,0.06733182819652375,0,0,0
A-3014578,Source2,TX,2018,0,0.09617564877539768,0,0,0
A-2287075,Source2,CA,2019,1,0.14539529740120752,0,1,0
A-2578358,Source2,CA,2018,0,0.267434666742843,1,0,1
A-3188152,Source3,CA,2017,1,0.3964166521333033,1,0,0
A-6843440,Source1,CA,2020,0,0.07167361598862872,0,0,0
A-5143419,Source1,TX,,0,0.15578964305338958,0,0,0
A-2752258,Source2,CA,2018,1,0.36176905988352936,1,0,0
A-5193735,Source1,CA,,0,0.08296700867684746,0,0,0
A-3610327,Source1,CA,2017,0,0.35874035300938506,1,0,1
A-847889,Source2,CA,2021,0,0.34092257969091744,1,0,1
A-4367830,Source1,CA,,0,0.04546128944890068,0,0,0
A-2104057,Source2,TX,2019,1,0.1884006977804101,1,0,0
A-3942950,Source1,TX,,0,0.11141663417344286,0,0,0
A-518590,Source2,CA,2022,0,0.1453899722822378,0,0,0
A-901205,Source2,TX,2021,0,0.2825631157829027,1,0,1
A-389686,Source2,TX,2017,0,0.3733447754641505,1,0,1
A-4168798,Source1,TX,2023,0,0.1755644426474227,0,0,0
A-3390780,Source2,TX,2017,0,0.39431809427236236,1,0,1
A-3426279,Source1,TX,2016,0,0.2938919391635305,1,0,1
A-4977423,Source1,CA,2022,0,0.12308803673782438,0,0,0
A-50439,Source2,CA,2016,0,0.16969262408708824,0,0,0
A-7212032,Source1,CA,2020,0,0.2630042457872065,1,0,1
A-7426548,Source1,TX,2019,0,0.34880040756387587,1,0,1
A-7568714,Source1,CA,2018,1,0.2993599314551877,1,0,0
A-7315120,Source1,CA,2019,0,0.11438917256663524,0,0,0
A-2828474,Source2,TX,2018,1,0.2943227602671868,1,0,0
A-746963,Source2,CA,2022,1,0.05360778491781737,0,1,0
A-7373405,Source1,CA,2019,0,0.023883640026644948,0,0,0
A-2460654,Source2,CA,2018,0,0.3213521788946318,1,0,1
A-4736491,Source1,CA,,0,0.05900054911799962,0,0,0
A-7187609,Source1,CA,2020,0,0.09638148515535765,0,0,0
A-93906,Source2,CA,2016,0,0.10453828220297597,0,0,0
A-6852927,Source1,CA,2020,0,0.16121219013920723,0,0,0
A-7303106,Source1,CA,2019,0,0.0744085961233365,0,0,0
A-1277248,Source2,CA,2020,1,0.0581023232567595,0,1,0
A-552955,Source2,TX,2022,0,0.044073526714776434,0,0,0
A-4343688,Source1,CA,2022,0,0.37534402395317223,1,0,1
A-2572969,Source2,CA,2018,1,0.24176663149368532,1,0,0
A-1614963,Source3,CA,2020,0,0.06883858357964212,0,0,0
A-2070046,Source2,CA,2019,0,0.08094414955035031,0,0,0
A-2669118,Source2,TX,2018,1,0.3747151594022384,1,0,0
A-1862523,Source2,TX,2019,0,0.16418152921183152,0,0,0
A-2831656,Source2,CA,2018,1,0.41677668908681065,1,0,0
A-463856,Source2,CA,2017,1,0.44514905414240147,1,0,0
A-1655122,Source2,TX,2020,0,0.14290276392681084,0,0,0
A-5955803,Source1,CA,,0,0.033343908836983335,0,0,0
A-6156005,Source1,CA,2021,0,0.17726180422423793,1,0,1
A-3190811,Source2,CA,2017,0,0.3536862174179264,1,0,1
A-7290049,Source1,CA,2019,0,0.27534415718387695,1,0,1
A-3888239,Source1,CA,,0,0.020222892810606692,0,0,0
A-430640,Source2,TX,2017,0,0.176985967253672,0,0,0
A-7271546,Source1,CA,2020,0,0.21545144174525702,1,0,1
A-1047176,Source2,TX,2021,1,0.08129688083924277,0,1,0
A-3545001,Source1,CA,2016,0,0.3507567413138965,1,0,1
A-7242468,Source1,CA,2020,0,0.24930326551736584,1,0,1
A-2567831,Source2,TX,2018,0,0.3640689120888761,1,0,1
A-3139822,Source2,TX,2017,0,0.2749341387775348,1,0,1
A-5743638,Source1,CA,2021,0,0.39273340468047857,1,0,1
A-3983455,Source1,CA,,0,0.06563789474487045,0,0,0
A-100719,Source2,CA,2016,0,0.07270233505727261,0,0,0
A-509509,Source2,TX,2017,0,0.04001072646651686,0,0,0
A-3044467,Source2,CA,2018,1,0.41914463431703214,1,0,0
A-1366958,Source2,CA,2020,1,0.0975699838318269,0,1,0
A-64470,Source2,CA,2017,1,0.13639089148200523,0,1,0
A-6267326,Source1,TX,2021,0,0.111932132253082,0,0,0
A-1851592,Source2,TX,2019,0,0.11005786389808118,0,0,0
A-1985362,Source2,TX,2019,0,0.1327599093826205,0,0,0
A-1397299,Source2,TX,2020,1,0.14346434997331697,0,1,0
A-435429,Source2,TX,2017,0,0.12356193819414163,0,0,0
A-5898948,Source1,CA,2021,0,0.1747446545918837,0,0,0
A-4354068,Source1,TX,2022,0,0.21152937467602206,1,0,1
A-3570527,Source1,TX,2017,1,0.1830757478070528,1,0,0
A-4227961,Source1,CA,2022,0,0.07205492994320742,0,0,0
A-5996207,Source1,CA,,0,0.031596304105340936,0,0,0
A-806989,Source2,TX,2021,0,0.04088256106167944,0,0,0
A-2496562,Source2,CA,2018,0,0.3422307321151823,1,0,1
A-6888842,Source1,CA,2020,0,0.09055868506158657,0,0,0
A-2472460,Source2,TX,2018,1,0.278075727981066,1,0,0
A-902781,Source2,CA,2021,0,0.13031383859749499,0,0,0
A-4358861,Source1,CA,,0,0.043109684992162764,0,0,0
A-7586491,Source1,CA,2018,0,0.15841968926409197,0,0,0
A-3132673,Source2,TX,2017,0,0.1639615628977404,1,0,1
A-7621021,Source1,TX,2018,0,0.261456131575097,1,0,1
A-5643664,Source1,CA,2021,0,0.23746501197636732,1,0,1
A-7699123,Source1,CA,2017,0,0.3507100503332072,1,0,1
A-6783117,Source1,CA,2020,0,0.18737326951888872,1,0,1
A-4703670,Source1,CA,,0,0.03267529461100467,0,0,0
A-6571825,Source1,CA,,0,0.019464844919732723,0,0,0
A-493378,Source2,CA,2017,1,0.40991654944154526,1,0,0
A-3831625,Source1,TX,2022,0,0.1892906557818971,1,0,1
A-4628641,Source1,TX,2022,0,0.2772716548625553,1,0,1
A-6390175,Source1,TX,,0,0.03274886430434879,0,0,0
A-5915308,Source1,CA,2021,0,0.30789705028891146,1,0,1
A-5423050,Source1,CA,2022,0,0.058781437195014996,0,0,0
A-64729,Source2,CA,2017,1,0.26170118405710435,1,0,0
A-6948509,Source1,CA,2020,0,0.03108618144875584,0,0,0
A-3309306,Source2,CA,2017,0,0.06361025889207024,0,0,0
A-6878909,Source1,CA,2020,0,0.061422482102019296,0,0,0
A-7338597,Source1,CA,2019,0,0.09621675338690652,0,0,0
A-1875046,Source2,TX,2019,0,0.08158466916582806,0,0,0
A-6736326,Source1,CA,2020,0,0.030593134282828293,0,0,0
A-7410285,Source1,CA,2019,0,0.1229722012135787,0,0,0
A-5528500,Source1,CA,2021,0,0.1241556277791576,0,0,0
A-5524656,Source1,CA,2021,0,0.16671533563268076,0,0,0
A-29037,Source2,CA,2016,0,0.14390227920096738,0,0,0
A-7556688,Source1,CA,2018,0,0.26734798507635965,1,0,1
A-7690038,Source1,CA,2017,0,0.2697477775262628,1,0,1
A-5566816,Source1,CA,2021,0,0.20387357691723587,1,0,1
A-458830,Source2,CA,2017,0,0.05636621804221076,0,0,0
A-6377985,Source1,CA,,0,0.03133441648371456,0,0,0
A-3809359,Source1,CA,2021,0,0.03705027313539845,0,0,0
A-4277217,Source1,CA,2022,0,0.04917298940562917,0,0,0
A-496206,Source2,CA,2017,1,0.38558931866929125,1,0,0
A-1756426,Source2,CA,2019,0,0.09116324386019269,0,0,0
A-4263323,Source1,CA,2022,0,0.24623898213340736,1,0,1
A-6758472,Source1,CA,2020,0,0.0730148527383351,0,0,0
A-6523506,Source1,CA,2021,0,0.08200660485374518,0,0,0
A-3879966,Source1,CA,2022,0,0.04443762994889177,0,0,0
A-3437005,Source1,TX,2016,1,0.33516832550412556,1,0,0
A-7248498,Source1,CA,2020,0,0.278959661226589,1,0,1
A-7544753,Source1,CA,2018,0,0.3422563258888994,1,0,1
A-7331775,Source1,CA,2019,0,0.11562158253482677,0,0,0
A-1330609,Source2,CA,2020,0,0.05820097588485455,0,0,0
A-6206333,Source1,CA,2021,0,0.21365906960671638,1,0,1
A-3550593,Source1,CA,2016,0,0.2448667052561075,1,0,1
A-1529853,Source2,CA,2020,0,0.12529959861912027,0,0,0
A-435450,Source2,TX,2017,1,0.045530211548807556,0,1,0
A-3813252,Source1,CA,2023,0,0.025681930368524453,0,0,0
A-7410448,Source1,CA,2019,0,0.2413879931190789,1,0,1
A-3590024,Source1,CA,2017,0,0.31608659294038594,1,0,1
A-555112,Source2,CA,2022,1,0.26298467245004725,1,0,0
A-1892568,Source2,TX,2019,0,0.1290773229386375,0,0,0
A-2989368,Source2,CA,2018,1,0.3721129094396818,1,0,0
A-7277139,Source1,CA,2020,0,0.07741529288396173,0,0,0
A-1041167,Source2,TX,2021,1,0.19708533155632396,1,0,0
A-279836,Source2,TX,2016,1,0.36176768809682625,1,0,0
A-7392387,Source1,CA,2019,0,0.07958507303658291,0,0,0
A-3064987,Source2,CA,2018,1,0.32768491405465616,1,0,0
A-7699773,Source1,CA,2017,0,0.31769844980518397,1,0,1
A-6096655,Source1,CA,2021,0,0.058821157504728015,0,0,0
A-6509057,Source1,CA,2021,0,0.25545180739904766,1,0,1
A-1887489,Source3,CA,2019,0,0.11195955484527428,0,0,0
A-6730615,Source1,CA,2020,0,0.04106508079104844,0,0,0
A-4355580,Source1,CA,2022,0,0.10046849596388592,0,0,0
A-4594420,Source1,TX,2023,0,0.03731973510841003,0,0,0
A-7095759,Source1,CA,2020,0,0.04463050552544867,0,0,0
A-2378443,Source2,TX,2018,0,0.2584849248036109,1,0,1
A-837611,Source2,TX,2021,0,0.3643546358323711,1,0,1
A-6760506,Source1,CA,2020,0,0.10695353368628088,0,0,0
A-7312975,Source1,CA,2019,0,0.30138125720000786,1,0,1
A-1533583,Source2,TX,2020,1,0.21835241778007353,1,0,0
A-1169323,Source2,TX,2021,0,0.050568798162206705,0,0,0
A-753839,Source2,CA,2022,0,0.03544358781734981,0,0,0
A-2261247,Source2,CA,2019,0,0.12404405693881035,0,0,0
A-4300909,Source1,CA,2022,0,0.07564600417980583,0,0,0
A-632315,Source2,CA,2022,1,0.22798335068899406,1,0,0
A-2871764,Source2,CA,2018,1,0.39923069032764025,1,0,0
A-1995606,Source2,TX,2019,0,0.19286111941816136,1,0,1
A-4552628,Source1,CA,2022,0,0.3357178317354984,1,0,1
A-6791809,Source1,TX,2020,0,0.40940822299967516,1,0,1
A-7056002,Source1,TX,2020,0,0.08328911349997621,0,0,0
A-3103494,Source2,CA,2017,0,0.35935291387219637,1,0,1
A-284535,Source2,TX,2016,0,0.35440165408451363,1,0,1
A-5362288,Source1,CA,,0,0.07873244206567356,0,0,0
A-7304590,Source1,CA,2019,0,0.09467475089042603,0,0,0
A-5250551,Source1,CA,2022,0,0.24754112210517754,1,0,1
A-4446671,Source1,TX,2022,0,0.04977582146421,0,0,0
A-3162470,Source2,CA,2017,1,0.39978374019352103,1,0,0
A-2580927,Source2,CA,2018,0,0.41059082696908894,1,0,1
A-3246246,Source2,CA,2017,1,0.38255049156304216,1,0,0
A-6695233,Source1,CA,2020,0,0.02623561964532749,0,0,0
A-3874510,Source1,CA,,0,0.06677654769623961,0,0,0
A-4255775,Source1,CA,2022,0,0.08186986831008972,0,0,0
A-4884366,Source1,CA,,0,0.06067953508833113,0,0,0
A-1140004,Source2,CA,2021,0,0.05723956743456245,0,0,0
A-1498659,Source2,TX,2020,0,0.17863109953293485,1,0,1
A-3312534,Source2,CA,2017,1,0.3861189206860603,1,0,0
A-2764744,Source2,CA,2018,0,0.16317183603549146,0,0,0
A-4394015,Source1,CA,2022,0,0.27444092886289645,1,0,1
A-768855,Source2,CA,2021,0,0.048011368797784434,0,0,0
A-26349,Source2,CA,2016,0,0.16136429925513746,0,0,0
A-6253638,Source1,TX,2021,0,0.10906008362332095,0,0,0
A-6402376,Source1,CA,2021,0,0.057209029684319755,0,0,0
A-6674116,Source1,CA,2020,0,0.27179325990130176,1,0,1
A-5006300,Source1,CA,,0,0.0455005933062118,0,0,0
A-6705089,Source1,CA,2020,0,0.029132965818443747,0,0,0
A-316266,Source2,CA,2017,1,0.1763822259342221,1,0,0
A-4402644,Source1,CA,,0,0.05139890167121482,0,0,0
A-7308454,Source1,CA,2019,0,0.11023273285459993,0,0,0
A-1509779,Source2,CA,2020,0,0.10093984553908766,0,0,0
A-6629031,Source1,CA,2020,0,0.030955629454669387,0,0,0
A-7269178,Source1,CA,2020,0,0.04120811968756115,0,0,0
A-1778366,Source2,TX,2019,0,0.12809858950376873,0,0,0
A-3124436,Source2,CA,2017,1,0.30876700046810873,1,0,0
A-73540,Source2,CA,2016,1,0.4108028974789864,1,0,0
A-3417909,Source1,CA,2016,0,0.11386383052463289,0,0,0
A-4301994,Source1,TX,2022,0,0.06058238897147853,0,0,0
A-25533,Source2,CA,2016,0,0.35095952909139166,1,0,1
A-5053474,Source1,CA,2022,0,0.0726524537667401,0,0,0
A-5244927,Source1,CA,2022,0,0.14810092657529342,0,0,0
A-487620,Source2,TX,2017,0,0.2396368083771898,1,0,1
A-4401208,Source1,CA,,0,0.06615160042995255,0,0,0
A-7718354,Source1,CA,2019,1,0.12003013516385515,0,1,0
A-786210,Source2,CA,2021,1,0.08256001908652356,0,1,0
A-3529623,Source1,CA,2017,0,0.31277095513851966,1,0,1
A-317448,Source2,CA,2017,1,0.333239256110493,1,0,0
A-689569,Source2,CA,2022,0,0.05125247200032794,0,0,0
A-3121333,Source2,TX,2017,0,0.06992479981584822,0,0,0
A-639746,Source2,CA,2022,0,0.06510325732411806,0,0,0
A-4155219,Source1,CA,2022,0,0.18018188495311244,0,0,0
A-7367828,Source1,CA,2019,0,0.098241202215973,0,0,0
A-2338969,Source2,CA,2019,0,0.21431895369092033,1,0,1
A-968918,Source2,CA,2021,1,0.1590708497362427,0,1,0
A-2157753,Source2,TX,2019,0,0.12751400997764567,0,0,0
A-5724194,Source1,CA,2021,0,0.07259116231598624,0,0,0
A-4930831,Source1,TX,,0,0.1955114853250291,1,0,1
A-4758088,Source1,CA,2023,0,0.23774039657890675,1,0,1
A-6825513,Source1,CA,2020,0,0.16168937364545624,0,0,0
A-4580556,Source1,CA,,0,0.1556161660184925,0,0,0
A-2451843,Source2,CA,2018,0,0.22340272251958174,1,0,1
A-1236947,Source2,TX,2020,0,0.05311135203538227,0,0,0
A-6671989,Source1,CA,2020,0,0.06110884024591824,0,0,0
A-715027,Source2,CA,2022,0,0.04876693090857468,0,0,0
A-5557751,Source1,CA,,0,0.05839955562399742,0,0,0
A-5854510,Source1,CA,2021,0,0.08313444834578913,0,0,0
A-1030116,Source2,TX,2021,1,0.2519699786289634,1,0,0
A-6659539,Source1,TX,2020,0,0.10548053083073314,0,0,0
A-2248554,Source2,CA,2019,1,0.4280458305212707,1,0,0
A-1986114,Source2,CA,2019,0,0.30503149240337357,1,0,1
A-1697019,Source2,TX,2019,0,0.03022160833684181,0,0,0
A-7530777,Source1,CA,2018,0,0.2669297170003486,1,0,1
A-5451471,Source1,CA,2022,0,0.06645917214806962,0,0,0
A-4836927,Source1,CA,2022,0,0.1554528874009314,0,0,0
A-3038695,Source2,CA,2018,0,0.24584979265614226,1,0,1
A-3525878,Source1,CA,2016,0,0.2872858276113453,1,0,1
A-3594249,Source1,TX,2017,1,0.2866354275023505,1,0,0
A-7412842,Source1,CA,2019,0,0.3021182922568285,1,0,1
A-2770619,Source2,TX,2018,1,0.35824829211099907,1,0,0
A-7445694,Source1,TX,2019,1,0.3196102821570765,1,0,0
A-3049508,Source3,CA,2018,1,0.0920806526548613,0,1,0
A-3822103,Source1,TX,,0,0.04333033144636829,0,0,0
A-2096449,Source2,CA,2019,0,0.11598193935415932,0,0,0
A-1912806,Source2,CA,2019,1,0.11944175501333229,0,1,0
A-2963907,Source2,CA,2018,0,0.3716527534506141,1,0,1
A-3415395,Source1,CA,2016,0,0.3311250194214837,1,0,1
A-45764,Source2,CA,2016,1,0.2907872248267303,1,0,0
A-1515110,Source2,TX,2020,1,0.3411148195550557,1,0,0
A-6916382,Source1,CA,2020,0,0.05448295071930781,0,0,0
A-2755278,Source2,CA,2018,1,0.24394743222320042,1,0,0
A-388258,Source2,TX,2017,0,0.28315103324943736,1,0,1
A-6940872,Source1,CA,2020,0,0.05036748505380871,0,0,0
A-3414440,Source1,CA,2016,0,0.3404004344720505,1,0,1
A-931030,Source2,CA,2021,0,0.07703791543292154,0,0,0
A-7389968,Source1,TX,2019,1,0.1702940308019742,0,1,0
A-2691097,Source2,CA,2018,1,0.30289140231089207,1,0,0
A-3952871,Source1,TX,2022,0,0.17980710308259823,1,0,1
A-454325,Source2,CA,2017,0,0.3288963193385156,1,0,1
A-2794044,Source2,CA,2018,1,0.4483025667063695,1,0,0
A-7124349,Source1,CA,2020,0,0.20587366870303564,1,0,1
A-2502139,Source2,CA,2018,0,0.4215909440314062,1,0,1
A-4252740,Source1,CA,2022,0,0.16297628879964693,0,0,0
A-1235349,Source2,TX,2020,0,0.29517955891009684,1,0,1
A-5242968,Source1,CA,2022,0,0.15578964305338958,0,0,0
A-1516839,Source2,TX,2020,0,0.05068604829698736,0,0,0
A-7364315,Source1,CA,2019,0,0.07823177263821554,0,0,0
A-4325839,Source1,CA,2022,0,0.13573126861089085,0,0,0
A-1215055,Source2,CA,2020,0,0.18806118723755438,1,0,1
A-6561508,Source1,CA,2021,0,0.07012657602373479,0,0,0
A-437812,Source2,CA,2017,0,0.36368256304132235,1,0,1
A-1456090,Source2,CA,2020,0,0.05957543056959778,0,0,0
A-6834091,Source1,TX,2020,0,0.1298878766882478,0,0,0
A-7337376,Source1,CA,2019,0,0.19284419718425644,1,0,1
A-55783,Source2,CA,2016,0,0.06279235617447558,0,0,0
A-6596209,Source1,CA,2020,0,0.18615689786325373,1,0,1
A-3954569,Source1,CA,2022,0,0.042154028370989687,0,0,0
A-1517730,Source2,CA,2020,0,0.1282384401466353,0,0,0
A-10970,Source2,CA,2017,1,0.2842234469568693,1,0,0
A-7530745,Source1,CA,2018,1,0.36043386719903203,1,0,0
A-2299673,Source2,TX,2019,1,0.21385710152463638,1,0,0
A-1396238,Source2,CA,2020,1,0.15968638201293955,0,1,0
A-4105841,Source1,CA,2023,0,0.2762230072585589,1,0,1
A-430920,Source2,TX,2017,0,0.15548198746188552,0,0,0
A-65211,Source2,CA,2017,1,0.10191038343793439,0,1,0
A-43189,Source2,CA,2016,1,0.16159707549105146,0,1,0
A-6656716,Source1,CA,2020,0,0.18710208077322793,0,0,0
A-32463,Source2,CA,2016,1,0.27883665976522315,1,0,0
A-4994186,Source1,CA,2022,0,0.16768455252892392,0,0,0
A-5146486,Source1,CA,2022,0,0.21251885353755257,1,0,1
A-3339864,Source2,TX,2017,0,0.34666750808409136,1,0,1
A-2046195,Source2,CA,2019,0,0.08706059467288858,0,0,0
A-5478149,Source1,TX,2021,0,0.26251691020146395,1,0,1
A-3961128,Source1,CA,2023,0,0.060841012085686465,0,0,0
A-30422,Source2,CA,2016,0,0.3094020615719974,1,0,1
A-7438120,Source1,CA,2019,0,0.20328197124060346,1,0,1
A-5447928,Source1,CA,2022,0,0.07900233827777785,0,0,0
A-2625386,Source2,TX,2018,1,0.422306173506778,1,0,0
A-6189951,Source1,CA,,0,0.048669327755107204,0,0,0
A-3376480,Source2,CA,2017,1,0.3659301669600898,1,0,0
A-6027090,Source1,CA,2021,0,0.15004428813898363,0,0,0
A-5993542,Source1,TX,2021,0,0.20099709790096884,1,0,1
A-5935765,Source1,TX,2021,0,0.2799323077295681,1,0,1
A-5026324,Source1,CA,2022,0,0.11837643122260695,0,0,0
A-5178826,Source1,TX,2022,0,0.08062864894359871,0,0,0
A-2094028,Source2,CA,2019,0,0.13399481901244206,0,0,0
A-721121,Source2,CA,2022,0,0.2173420472898404,1,0,1
A-7237488,Source1,CA,2020,0,0.21759343538189743,1,0,1
A-1121747,Source2,TX,2021,1,0.19868285759844007,1,0,0
A-7580441,Source1,TX,2018,0,0.31347839374763287,1,0,1
A-3362331,Source2,CA,2017,0,0.0641605412395306,0,0,0
A-6872871,Source1,CA,2020,0,0.07910311113002343,0,0,0
A-2146634,Source2,CA,2019,0,0.25273056910199265,1,0,1
A-3894978,Source1,TX,2022,0,0.05725554322920388,0,0,0
A-4473430,Source1,CA,2022,0,0.07570338406779156,0,0,0
A-6558012,Source1,CA,2021,0,0.03847404337348363,0,0,0
A-4426053,Source1,TX,,0,0.08098922872546092,0,0,0
A-1609782,Source2,TX,2020,0,0.08437613970325933,0,0,0
A-5813974,Source1,CA,2021,0,0.08087204460260682,0,0,0
A-1839043,Source2,TX,2019,0,0.0951659916562819,0,0,0
A-4974787,Source1,CA,2022,0,0.11162201278278734,0,0,0
A-4848180,Source1,CA,,0,0.058343106041065275,0,0,0
A-263002,Source2,TX,2016,0,0.05154640986526503,0,0,0
A-5431803,Source1,CA,2022,0,0.2514910452128521,1,0,1
A-2699479,Source2,CA,2018,0,0.3193946554570009,1,0,1
A-7031961,Source1,CA,2020,1,0.029995694345857422,0,1,0
A-4109400,Source1,TX,,0,0.02543348925973842,0,0,0
A-5820033,Source1,CA,2021,0,0.16190021843469782,0,0,0
A-115305,Source2,CA,2016,0,0.3679531415774342,1,0,1
A-7093264,Source1,CA,2020,0,0.18231616581139715,1,0,1
A-3525629,Source1,CA,2016,0,0.2866774347922633,1,0,1
A-5837898,Source1,CA,2021,0,0.026197586472807566,0,0,0
A-4090913,Source1,CA,2022,0,0.06665619193624435,0,0,0
A-4349936,Source1,CA,,0,0.07427111357032809,0,0,0
A-2600088,Source2,CA,2018,1,0.37083016642066513,1,0,0
A-6028035,Source1,CA,2021,0,0.14517321395036614,0,0,0
A-1099281,Source2,TX,2021,0,0.22263837395812694,1,0,1
A-2330242,Source2,CA,2019,1,0.3734026845463516,1,0,0
A-3980905,Source1,CA,2022,0,0.16549896832366556,0,0,0
A-3780116,Source1,CA,2022,0,0.05355144399779842,0,0,0
A-663901,Source2,TX,2022,1,0.31532308476630344,1,0,0
A-3678557,Source1,CA,2023,0,0.0665448067362609,0,0,0
A-6079118,Source1,CA,2021,0,0.05336960791799272,0,0,0
A-684394,Source2,TX,2022,0,0.042082967094429144,0,0,0
A-2580966,Source2,CA,2018,0,0.423087920378438,1,0,1
A-2776057,Source2,CA,2018,1,0.4570930384339829,1,0,0
A-5471859,Source1,TX,,0,0.09871197843595389,0,0,0
A-5028239,Source1,CA,2022,0,0.06551652792670234,0,0,0
A-6455112,Source1,CA,2021,0,0.13315068895989005,0,0,0
A-461271,Source2,CA,2017,1,0.4040946838918538,1,0,0
A-7056812,Source1,CA,2020,0,0.15001255333734734,0,0,0
A-317628,Source2,CA,2017,1,0.3385891206291426,1,0,0
A-348620,Source2,CA,2017,0,0.4513620337144877,1,0,1
A-5744831,Source1,CA,2021,0,0.1942830330954712,1,0,1
A-6768504,Source1,TX,2020,0,0.025888600717682064,0,0,0
A-332675,Source2,TX,2017,0,0.0842211070818153,0,0,0
A-5051496,Source1,CA,2023,0,0.13761344519465338,0,0,0
A-754070,Source2,CA,2022,0,0.18619088192112088,1,0,1
A-2578110,Source2,CA,2018,0,0.15845584931565307,0,0,0
A-68525,Source2,CA,2016,0,0.1655162766801322,0,0,0
A-1015648,Source2,CA,2021,0,0.1658906875642999,0,0,0
A-3968705,Source1,CA,2022,0,0.11010739033421217,0,0,0
A-7144251,Source1,CA,2020,0,0.05815876106790745,0,0,0
A-2486757,Source2,TX,2018,0,0.2455369041727105,1,0,1
A-1534968,Source2,TX,2020,1,0.2156186814007878,1,0,0
A-846918,Source2,CA,2021,1,0.13145778626946586,0,1,0
A-7769267,Source1,CA,2019,0,0.13522273691960823,0,0,0
A-3373747,Source2,TX,2017,1,0.4372843282203557,1,0,0
A-5592766,Source1,TX,2021,0,0.03215956427202676,0,0,0
A-3526230,Source1,CA,2016,0,0.3921379875276993,1,0,1
A-6047338,Source1,CA,2021,0,0.1365938831624731,0,0,0
A-2936483,Source2,CA,2018,0,0.20725073624723858,1,0,1
A-658289,Source2,CA,2022,0,0.07369547453179041,0,0,0
A-4762273,Source1,CA,2022,0,0.24664278449316157,1,0,1
A-5743407,Source1,CA,2021,0,0.04880273373479523,0,0,0
A-3384554,Source2,TX,2017,1,0.20792494065475667,1,0,0
A-1665613,Source2,TX,2020,0,0.1471839902083365,0,0,0
A-5556447,Source1,CA,2020,1,0.10256927924951595,0,1,0
A-30350,Source2,CA,2016,1,0.3339432565195784,1,0,0
A-320023,Source2,CA,2017,1,0.4025852564745211,1,0,0
A-5964577,Source1,CA,2021,0,0.136772453065374,0,0,0
A-405673,Source2,CA,2017,1,0.22614489031338653,1,0,0
A-7589462,Source1,TX,2018,0,0.26897502996177824,1,0,1
A-74768,Source2,CA,2016,0,0.17081927616017115,1,0,1
A-7337047,Source1,CA,2019,0,0.07129680145763265,0,0,0
A-351000,Source2,CA,2017,1,0.39739645680840546,1,0,0
A-7762754,Source1,TX,2019,0,0.1894673721805849,1,0,1
A-3102219,Source2,CA,2017,1,0.2860936248714486,1,0,0
A-4555730,Source1,CA,,0,0.03706261455751277,0,0,0
A-1142881,Source2,CA,2021,1,0.10882429947058188,0,1,0
A-7411895,Source1,CA,2019,0,0.10545903504116316,0,0,0
A-5697638,Source1,CA,2021,0,0.21192148114830092,1,0,1
A-5828456,Source1,CA,2021,0,0.2143543342807465,1,0,1
A-2544648,Source2,CA,2018,0,0.408792998130346,1,0,1
A-509372,Source2,TX,2017,1,0.34518034093024574,1,0,0
A-2043784,Source2,CA,2019,0,0.026421705609195174,0,0,0
A-1824449,Source2,TX,2019,0,0.05172183605511902,0,0,0
A-6765344,Source1,CA,2020,0,0.07892256081637306,0,0,0
A-2755492,Source2,CA,2018,0,0.3261473038851796,1,0,1
A-4312436,Source1,CA,2023,0,0.07851581997008375,0,0,0
A-5450565,Source1,CA,2022,0,0.13257423758803452,0,0,0
A-46097,Source2,CA,2016,1,0.2731861533518293,1,0,0
A-3935,Source2,CA,2016,1,0.4228596633750895,1,0,0
A-7494382,Source1,CA,2018,0,0.3571363032861443,1,0,1
A-6682702,Source1,TX,2020,0,0.07160051388370745,0,0,0
A-548396,Source2,CA,2022,1,0.11178370873239185,0,1,0
A-4487746,Source1,TX,,0,0.18910071540811577,1,0,1
A-5103047,Source1,CA,2022,0,0.06459143713059953,0,0,0
A-2997481,Source2,CA,2018,0,0.32758081444360293,1,0,1
A-3349690,Source2,TX,2017,0,0.2701156248277011,1,0,1
A-5822424,Source1,TX,2021,0,0.15881332721924502,0,0,0
A-5519468,Source1,TX,2021,0,0.18006439226472565,0,0,0
A-833333,Source2,TX,2021,0,0.09442213515220199,0,0,0
A-4115822,Source1,CA,2022,0,0.2449760639843209,1,0,1
A-7181637,Source1,CA,2020,0,0.14379064467952718,0,0,0
A-3969479,Source1,CA,2022,0,0.1593399361259725,0,0,0
A-2084670,Source2,CA,2019,0,0.12748028982700438,0,0,0
A-7531364,Source1,TX,2018,0,0.28090975675459495,1,0,1
A-80272,Source2,CA,2016,1,0.3543424968885901,1,0,0
A-2841027,Source2,CA,2018,1,0.21365055690936335,1,0,0
A-6313444,Source1,CA,2021,0,0.15572801608903739,0,0,0
A-6405266,Source1,CA,2021,0,0.06494237597758756,0,0,0
A-6804473,Source1,CA,2020,0,0.08048724923790489,0,0,0
A-7644413,Source1,CA,2017,0,0.2872631732248032,1,0,1
A-1949863,Source2,TX,2019,0,0.2474285011594009,1,0,1
A-5102946,Source1,CA,2022,0,0.06980484868665641,0,0,0
A-4772692,Source1,TX,,0,0.04191228651589106,0,0,0
A-2104571,Source2,CA,2019,1,0.21621168594308698,1,0,0
A-114113,Source2,CA,2016,0,0.3769344560652231,1,0,1
A-6110962,Source1,CA,2021,0,0.15591000206050387,0,0,0
A-4394115,Source1,TX,2022,0,0.06568336263989241,0,0,0
A-6820958,Source1,CA,2020,0,0.08144503955168804,0,0,0
A-5640266,Source1,TX,2021,0,0.3036231810401716,1,0,1
A-6163800,Source1,CA,2021,0,0.2523167180136542,1,0,1
A-2940571,Source2,CA,2018,0,0.3628267360413697,1,0,1
A-4462627,Source1,CA,2022,0,0.045397858072235765,0,0,0
A-2685127,Source2,TX,2018,0,0.1916943062839712,1,0,1
A-6160874,Source1,CA,2021,0,0.11886019487683605,0,0,0
A-403019,Source2,CA,2017,1,0.37457230405778175,1,0,0
A-3740577,Source1,TX,2022,0,0.09145663424539019,0,0,0
A-783039,Source2,CA,2021,1,0.2158861568497475,1,0,0
A-6643294,Source1,CA,2020,0,0.092345879912954,0,0,0
A-5669608,Source1,CA,2021,0,0.04183728429571584,0,0,0
A-7655840,Source1,CA,2017,1,0.40761514931600756,1,0,0
A-3248733,Source2,CA,2017,0,0.35470407678424765,1,0,1
A-1770649,Source2,TX,2019,1,0.1001953817184446,0,1,0
A-61469,Source2,CA,2017,0,0.2730364480084613,1,0,1
A-4038693,Source1,CA,2022,0,0.10799081002850382,0,0,0
A-1802282,Source2,TX,2019,0,0.2096938481791759,1,0,1
A-2912575,Source2,CA,2018,0,0.27839578103947915,1,0,1
A-7076432,Source1,CA,2020,0,0.05088804972682594,0,0,0
A-440756,Source2,CA,2017,1,0.04434081118154495,0,1,0
A-6205957,Source1,TX,2021,0,0.14977468911563752,0,0,0
A-6888655,Source1,CA,2020,0,0.25643569613788897,1,0,1
A-6422680,Source1,TX,2021,0,0.14584780269447023,0,0,0
A-4549358,Source1,CA,2022,0,0.16825798150989374,0,0,0
A-3133250,Source2,CA,2017,1,0.37174848611809874,1,0,0
A-271489,Source2,TX,2017,0,0.38275445532596536,1,0,1
A-1941626,Source2,CA,2019,0,0.3183151250053583,1,0,1
A-402806,Source2,CA,2017,1,0.38378125024230125,1,0,0
A-3989715,Source1,CA,,0,0.20735395190564362,1,0,1
A-112011,Source2,CA,2016,1,0.35507536602807804,1,0,0
A-263059,Source2,TX,2016,0,0.09774629031566974,0,0,0
A-654190,Source2,TX,2022,0,0.1971096100298888,1,0,1
A-1599388,Source2,CA,2020,0,0.037601472071846866,0,0,0
A-4547495,Source1,CA,2022,0,0.053996207281418074,0,0,0
A-7004899,Source1,CA,2020,0,0.15304973524982296,0,0,0
A-5649630,Source1,CA,2021,0,0.22778541092573193,1,0,1
A-6441600,Source1,TX,2021,0,0.13174593449077265,0,0,0
A-3899807,Source1,CA,2022,0,0.13921998301366795,0,0,0
A-6388096,Source1,CA,2021,0,0.035578631317830525,0,0,0
A-4476974,Source1,CA,2022,0,0.03768905261578746,0,0,0
A-4475691,Source1,CA,2022,0,0.32418703145299443,1,0,1
A-1031910,Source2,TX,2021,0,0.3340637060802619,1,0,1
A-3436570,Source1,TX,2016,0,0.3131750042463593,1,0,1
A-3594498,Source1,TX,2017,1,0.31838819778465427,1,0,0
A-439283,Source2,CA,2017,0,0.37828415457962844,1,0,1
A-7108368,Source1,CA,2020,0,0.06095120712315812,0,0,0
A-4290893,Source1,CA,,0,0.05622131709604024,0,0,0
A-6290020,Source1,CA,2021,0,0.11439677406580766,0,0,0
A-5333341,Source1,TX,2022,0,0.053871352409922545,0,0,0
A-4211569,Source1,CA,2022,0,0.10849073073067386,0,0,0
A-6538759,Source1,CA,2021,0,0.04588012151551392,0,0,0
A-6495663,Source1,CA,2021,0,0.044885801581064935,0,0,0
A-4625934,Source1,TX,,0,0.2019447316791288,1,0,1
A-2022955,Source2,TX,2019,0,0.1413907334367041,0,0,0
A-3111647,Source2,CA,2017,0,0.09265255235612682,0,0,0
A-1462197,Source2,CA,2020,0,0.0914929294833675,0,0,0
A-1242589,Source2,CA,2020,1,0.2578799019273381,1,0,0
A-7107479,Source1,CA,2020,0,0.07903536271342766,0,0,0
A-5036455,Source1,CA,2023,0,0.22684473139283426,1,0,1
A-1447345,Source3,CA,2020,1,0.1493407813424891,0,1,0
A-299904,Source2,TX,2016,0,0.4158080976907799,1,0,1
A-2997508,Source2,CA,2018,1,0.3483458539893044,1,0,0
A-409349,Source2,CA,2017,1,0.22155503903245782,1,0,0
A-3413740,Source1,CA,2016,1,0.07310979052214639,0,1,0
A-6761059,Source1,CA,2020,0,0.2741399320164535,1,0,1
A-101028,Source2,CA,2016,1,0.45205873096511884,1,0,0
A-3048933,Source2,TX,2018,0,0.20106654849395333,1,0,1
A-5048757,Source1,TX,2022,0,0.0685377967859034,0,0,0
A-896989,Source2,CA,2021,1,0.22353445932111654,1,0,0
A-820265,Source3,CA,2021,1,0.363901570362991,1,0,0
A-5982046,Source1,CA,2021,0,0.19510840543544483,1,0,1
A-4313136,Source1,CA,2022,0,0.13350238231899586,0,0,0
A-7366811,Source1,CA,2019,0,0.34173911204572816,1,0,1
A-647112,Source2,CA,2022,0,0.24068619850388706,1,0,1
A-6415685,Source1,CA,2021,0,0.04641474504520995,0,0,0
A-3362292,Source2,CA,2017,1,0.29590416931513647,1,0,0
A-264209,Source2,TX,2016,0,0.089478817235251,0,0,0
A-7051109,Source1,CA,2020,0,0.14494588647948808,0,0,0
A-5620045,Source1,CA,2021,0,0.06275027749540937,0,0,0
A-3042025,Source2,CA,2018,0,0.336092595606462,1,0,1
A-2674331,Source2,CA,2018,0,0.4097127617669412,1,0,1
A-1216329,Source2,TX,2020,0,0.2824206019280875,1,0,1
A-4967268,Source1,TX,2023,0,0.12882638960122364,0,0,0
A-7770333,Source1,CA,2019,0,0.07849019777187169,0,0,0
A-3322095,Source2,CA,2017,0,0.31182644313948116,1,0,1
A-4952272,Source1,CA,2023,0,0.056205811846560746,0,0,0
A-7589031,Source1,CA,2018,0,0.3698552634016318,1,0,1
A-2134713,Source2,TX,2019,0,0.0711643316955058,0,0,0
A-3867094,Source1,CA,,0,0.05655829226414473,0,0,0
A-5337535,Source1,CA,,0,0.17063925027540175,0,0,0
A-4811434,Source1,TX,2022,0,0.24455480794031703,1,0,1
A-7406459,Source1,CA,2019,0,0.15577958873683886,0,0,0
A-6048364,Source1,TX,2021,0,0.13008298626523104,0,0,0
A-284384,Source2,TX,2016,0,0.057073316852652115,0,0,0
A-3596176,Source1,TX,2017,0,0.384938925229696,1,0,1
A-1162957,Source2,TX,2021,0,0.07325295684691373,0,0,0
A-7019914,Source1,CA,2020,0,0.2755291101618737,1,0,1
A-7409205,Source1,CA,2019,0,0.0686192948747521,0,0,0
A-5701776,Source1,CA,2021,0,0.3682290575425303,1,0,1
A-3327976,Source2,CA,2017,0,0.3053443889853281,1,0,1
A-7360500,Source1,CA,2019,0,0.04396588782276235,0,0,0
A-7508010,Source1,CA,2018,1,0.2845075340029127,1,0,0
A-286934,Source2,TX,2016,0,0.34961411562764183,1,0,1
A-2457049,Source2,TX,2018,0,0.07327387671718039,0,0,0
A-5878629,Source1,CA,2021,0,0.11495808218629915,0,0,0
A-2634959,Source2,CA,2018,0,0.08559961521035016,0,0,0
A-1459942,Source2,TX,2020,0,0.05176141239526135,0,0,0
A-3313,Source2,CA,2016,1,0.3571350259771297,1,0,0
A-2549275,Source2,TX,2018,0,0.43728823157091046,1,0,1
A-7330469,Source1,CA,2019,0,0.12211363360261071,0,0,0
A-2144503,Source2,CA,2019,0,0.16236124489180476,1,0,1
A-4384928,Source1,CA,2022,0,0.09427638378761569,0,0,0
A-2222131,Source2,CA,2019,1,0.06953441920844568,0,1,0
A-3191887,Source2,TX,2017,0,0.27513064274844135,1,0,1
A-7402650,Source1,CA,2019,0,0.07503075336933128,0,0,0
A-3720319,Source1,TX,2022,0,0.102474411890578,0,0,0
A-5400093,Source1,CA,,0,0.16951463681798704,1,0,1
A-7553611,Source1,CA,2018,0,0.4374108581723647,1,0,1
A-6479617,Source1,CA,2021,0,0.08233303756397295,0,0,0
A-7361119,Source1,CA,2019,0,0.09641181577423161,0,0,0
A-7368967,Source1,CA,2019,0,0.09227293700877019,0,0,0
A-4873844,Source1,TX,,0,0.10560337171880978,0,0,0
A-6131262,Source1,CA,2021,0,0.1390052101625154,0,0,0
A-83509,Source2,CA,2016,0,0.3665753753434157,1,0,1
A-6985467,Source1,CA,2020,0,0.26461477975957465,1,0,1
A-391024,Source2,TX,2017,0,0.1813652079882144,1,0,1
A-7318718,Source1,CA,2019,0,0.28561000428401595,1,0,1
A-5499141,Source1,CA,,0,0.09698848074306758,0,0,0
A-6500306,Source1,CA,2021,0,0.09578744489426308,0,0,0
A-2501503,Source2,TX,2018,0,0.2970506722088059,1,0,1
A-1556477,Source2,CA,2020,0,0.09759825988322443,0,0,0
A-2683372,Source2,CA,2018,1,0.4049241823471986,1,0,0
A-78832,Source2,CA,2016,1,0.37395352878282806,1,0,0
A-519542,Source2,CA,2022,1,0.09104419001099984,0,1,0
A-7085268,Source1,CA,2020,0,0.16970863753956497,0,0,0
A-279259,Source2,TX,2016,0,0.4120922857603514,1,0,1
A-6906482,Source1,CA,2020,0,0.03875833698010768,0,0,0
A-860185,Source2,CA,2021,0,0.12891968156949182,0,0,0
A-2020940,Source2,TX,2019,0,0.0812410504678395,0,0,0
A-1483297,Source2,CA,2020,0,0.1356752920634842,0,0,0
A-5310800,Source1,TX,2022,0,0.19963534862043564,1,0,1
A-3251181,Source2,CA,2017,0,0.08331020843893404,0,0,0
A-1663224,Source3,CA,2020,0,0.03197549437083484,0,0,0
A-559266,Source2,CA,2022,0,0.08442126367212291,0,0,0
A-6097368,Source1,CA,2021,0,0.20251491185201279,1,0,1
A-398838,Source2,CA,2017,1,0.37468484601716046,1,0,0
A-3539144,Source1,CA,2016,0,0.30768877528796185,1,0,1
A-584486,Source2,CA,2022,0,0.32666655018366686,1,0,1
A-1128400,Source2,CA,2021,1,0.3061514385381551,1,0,0
A-2781289,Source2,TX,2018,0,0.08554340007748876,0,0,0
A-2882634,Source2,CA,2018,1,0.3395220410367464,1,0,0
A-302440,Source2,TX,2016,0,0.06466550716492069,0,0,0
A-7638101,Source1,TX,2018,0,0.25792958724372494,1,0,1
A-4934504,Source1,CA,2023,0,0.03242358514194743,0,0,0
A-3790227,Source1,CA,,0,0.024816271049656786,0,0,0
A-4497605,Source1,CA,2022,0,0.15871077892810725,0,0,0
A-1465187,Source2,TX,2020,1,0.0987393755120155,0,1,0
A-1949868,Source2,TX,2019,0,0.2454682948923672,1,0,1
A-3322218,Source2,CA,2017,0,0.4313846922703111,1,0,1
A-1919469,Source2,TX,2019,0,0.0688548350299198,0,0,0
A-315670,Source2,CA,2017,0,0.1328988274278581,0,0,0
A-3531898,Source1,CA,2017,0,0.2938730443113157,1,0,1
A-2945725,Source2,CA,2018,0,0.28599051601598324,1,0,1
A-2889394,Source2,CA,2018,1,0.2545402393019453,1,0,0
A-7056292,Source1,CA,2020,0,0.11392240811179724,0,0,0
A-3908590,Source1,CA,2022,0,0.2507951056748293,1,0,1
A-6236474,Source1,CA,2021,0,0.05776180934714509,0,0,0
A-7404156,Source1,CA,2019,0,0.21258821021756108,1,0,1
A-343057,Source2,CA,2017,0,0.34334283213601735,1,0,1
A-3552029,Source1,CA,2016,0,0.26331980674296446,1,0,1
A-7277100,Source1,CA,2020,1,0.0937883730245395,0,1,0
A-1060498,Source2,CA,2021,0,0.17769281700114414,0,0,0
A-2365337,Source2,CA,2019,0,0.15805529005565253,0,0,0
A-3279464,Source2,CA,2017,0,0.18687384969381263,1,0,1
A-3321623,Source2,TX,2017,1,0.41085170480704514,1,0,0
A-3656528,Source1,CA,2023,0,0.1418156608737205,0,0,0
A-4952679,Source1,CA,2022,0,0.2395672070969764,1,0,1
A-1486396,Source2,TX,2020,0,0.029280487361409435,0,0,0
A-3834228,Source1,CA,2022,0,0.26986224220991356,1,0,1
A-97044,Source2,CA,2016,1,0.4638689525168287,1,0,0
A-96964,Source2,CA,2016,1,0.415866860471224,1,0,0
A-6873268,Source1,CA,2020,0,0.08845111281925784,0,0,0
A-5780814,Source1,CA,2021,0,0.07703573425198258,0,0,0
A-2629795,Source2,CA,2018,1,0.3763443890007469,1,0,0
A-4973169,Source1,CA,,0,0.029699621697418715,0,0,0
A-2982495,Source2,CA,2018,0,0.1977444448359394,1,0,1
A-4405873,Source1,CA,2022,0,0.17104587256824957,0,0,0
A-2470237,Source2,TX,2018,0,0.2674450744751121,1,0,1
A-496624,Source2,CA,2017,1,0.41593851732847986,1,0,0
A-5196796,Source1,CA,2022,0,0.09970522619837315,0,0,0
A-607495,Source2,CA,2022,1,0.06298414964500688,0,1,0
A-2555230,Source2,CA,2018,0,0.1453715159783811,0,0,0
A-2645888,Source2,TX,2018,0,0.3422540838783166,1,0,1
A-5835830,Source1,CA,2021,0,0.14249322805412296,0,0,0
A-5064903,Source1,CA,2022,0,0.21777959990831003,1,0,1
A-7406671,Source1,CA,2019,1,0.16355361157759407,0,1,0
A-5008560,Source1,CA,,0,0.03769327293741938,0,0,0
A-6662183,Source1,CA,2020,0,0.033565388489751956,0,0,0
A-45803,Source2,CA,2016,1,0.4738180421393111,1,0,0
A-1515461,Source2,CA,2020,0,0.17159276721822395,0,0,0
A-5729867,Source1,CA,2021,0,0.10623065479980495,0,0,0
A-47085,Source2,CA,2016,1,0.3215528852453714,1,0,0
A-4341261,Source1,CA,2022,0,0.16135126128989116,0,0,0
A-2240758,Source2,CA,2019,0,0.23666181335807313,1,0,1
A-5180010,Source1,CA,2022,0,0.06654838998165577,0,0,0
A-6875296,Source1,CA,2020,0,0.03989029697504964,0,0,0
A-4170716,Source1,CA,2022,0,0.2549217291356307,1,0,1
A-7286559,Source1,CA,2019,0,0.08637046903839846,0,0,0
A-820207,Source2,CA,2021,1,0.09431947818628297,0,1,0
A-5547803,Source1,TX,2021,0,0.07833504929362503,0,0,0
A-4627057,Source1,CA,2022,0,0.024751119431281606,0,0,0
A-7625043,Source1,TX,2018,1,0.29135270048054834,1,0,0
A-5301558,Source1,TX,2022,0,0.1413557041371001,0,0,0
A-5451454,Source1,CA,2022,0,0.10288145344869482,0,0,0
A-5929808,Source1,CA,2021,0,0.14521024630099597,0,0,0
A-2329761,Source2,TX,2019,0,0.23042822592327222,1,0,1
A-6295762,Source1,CA,2021,0,0.26518951567193383,1,0,1
A-7291066,Source1,CA,2019,0,0.1505424785298389,0,0,0
A-6866229,Source1,CA,2020,0,0.38014632192314474,1,0,1
A-3666414,Source1,CA,,0,0.05534594966221786,0,0,0
A-6824671,Source1,CA,2020,0,0.08749290022250426,0,0,0
A-3692321,Source1,CA,2023,0,0.2982634824563997,1,0,1
A-3700453,Source1,CA,2023,0,0.02850664031492302,0,0,0
A-1347249,Source2,TX,2020,0,0.13337284749005066,0,0,0
A-7289561,Source1,CA,2019,0,0.051358221741633195,0,0,0
A-7019911,Source1,CA,2020,0,0.2755291101618737,1,0,1
A-1949921,Source2,TX,2019,0,0.13362315500232017,0,0,0
A-3742035,Source1,TX,2022,0,0.0570870186505625,0,0,0
A-4114256,Source1,CA,2022,0,0.12007075041382351,0,0,0
A-1130427,Source2,CA,2021,0,0.036227748817865016,0,0,0
A-497527,Source2,CA,2017,1,0.3387927153015401,1,0,0
A-6069945,Source1,CA,2021,0,0.09164924971523618,0,0,0
A-3067786,Source2,TX,2018,0,0.28231680034076373,1,0,1
A-5909516,Source1,CA,2021,0,0.14881339540422694,0,0,0
A-4019802,Source1,CA,,0,0.0984134626288998,0,0,0
A-7395642,Source1,CA,2019,0,0.18700587669439606,1,0,1
A-2869788,Source2,TX,2018,0,0.17522930762173033,0,0,0
A-3719256,Source1,CA,2022,0,0.1124783725030748,0,0,0
A-5251305,Source1,CA,2022,0,0.1589830846973846,0,0,0
A-937506,Source2,CA,2021,0,0.07942729659468843,0,0,0
A-5271404,Source1,CA,,0,0.06682900461701416,0,0,0
A-2134942,Source2,CA,2019,0,0.1257936966633458,0,0,0
A-3044352,Source2,CA,2018,1,0.22324999811330087,1,0,0
A-6530028,Source1,CA,2021,0,0.03979343045901952,0,0,0
A-6477783,Source1,TX,,0,0.04233439828075598,0,0,0
A-2775660,Source2,CA,2018,0,0.09621474910578694,0,0,0
A-5113551,Source1,CA,2022,0,0.02370507343357519,0,0,0
A-4604278,Source1,TX,,0,0.22856777120917648,1,0,1
A-5994336,Source1,TX,,0,0.10460407783589684,0,0,0
A-5149064,Source1,CA,2022,0,0.08380192303415188,0,0,0
A-724671,Source2,TX,2022,0,0.07637019697337231,0,0,0
A-6428767,Source1,CA,2021,0,0.039670244408100644,0,0,0
A-6773654,Source1,CA,2020,0,0.10895427620025384,0,0,0
A-1669425,Source2,TX,2020,0,0.042388286402746764,0,0,0
A-761008,Source2,CA,2021,0,0.02507833887197337,0,0,0
A-262806,Source2,TX,2016,1,0.26237089420178245,1,0,0
A-53591,Source2,CA,2016,0,0.11943909772909236,0,0,0
A-713061,Source2,CA,2022,0,0.08329527768153372,0,0,0
A-1556162,Source2,TX,2020,0,0.0795759813554586,0,0,0
A-5526872,Source1,CA,,0,0.20594828135819981,1,0,1
A-7703147,Source1,CA,2019,0,0.15319299859580587,0,0,0
A-4928125,Source1,CA,2022,0,0.2640990979545806,1,0,1
A-2490506,Source2,TX,2018,0,0.37951291945188254,1,0,1
A-6033738,Source1,CA,2021,0,0.13762953792154484,0,0,0
A-2726806,Source2,CA,2018,0,0.34184123611726625,1,0,1
A-704770,Source3,CA,2022,1,0.2600038349241639,1,0,0
A-27031,Source2,CA,2016,1,0.33722726924848123,1,0,0
A-5768752,Source1,TX,2021,0,0.3574391713890944,1,0,1
A-440693,Source2,CA,2017,0,0.24901361646275225,1,0,1
A-6339283,Source1,CA,2021,0,0.10425797932562879,0,0,0
A-993129,Source2,TX,2021,0,0.2600998253281491,1,0,1
A-6943251,Source1,TX,2020,0,0.20877145649602089,1,0,1
A-928566,Source2,CA,2021,0,0.06744796264646656,0,0,0
A-3156628,Source2,TX,2017,1,0.15852325373548606,0,1,0
A-6873557,Source1,TX,2020,0,0.0672905664897112,0,0,0
A-926981,Source2,CA,2021,0,0.0970435505788333,0,0,0
A-698109,Source2,TX,2022,0,0.13979633920124043,0,0,0
A-3607938,Source1,CA,2017,0,0.30758891921646503,1,0,1
A-5546034,Source1,TX,2021,0,0.18606578424900766,1,0,1
A-3403069,Source2,CA,2017,1,0.20948565839374284,1,0,0
A-1554288,Source3,CA,2020,0,0.0925352925663856,0,0,0
A-2345,Source2,CA,2016,0,0.11855785686942517,0,0,0
A-2587040,Source2,CA,2018,0,0.10932105660217539,0,0,0
A-3412601,Source2,CA,2017,0,0.0650275955701896,0,0,0
A-2970046,Source2,TX,2018,0,0.2160852768603681,1,0,1
A-6895348,Source1,TX,2020,0,0.12459214467699828,0,0,0
A-5272092,Source1,TX,,0,0.07170539210761254,0,0,0
A-5702610,Source1,CA,2021,0,0.05311715556986012,0,0,0
A-7238779,Source1,TX,2020,1,0.14917501610951805,0,1,0
A-35028,Source2,CA,2016,0,0.33229067796183653,1,0,1
A-1871587,Source3,CA,2019,0,0.15371387835652062,0,0,0
A-4462516,Source1,CA,2022,0,0.08987094114103053,0,0,0
A-846007,Source2,CA,2021,0,0.3409092098185248,1,0,1
A-484526,Source3,TX,2017,1,0.2826964449803556,1,0,0
A-2186410,Source2,TX,2019,0,0.11637534139611401,0,0,0
A-7095592,Source1,CA,2020,0,0.2306831889552141,1,0,1
A-6197350,Source1,CA,,0,0.2048298878364705,1,0,1
A-2235707,Source2,CA,2019,1,0.22742182481360138,1,0,0
A-285671,Source2,TX,2016,0,0.07683532923227288,0,0,0
A-843358,Source2,CA,2021,0,0.042287120992720986,0,0,0
A-7326589,Source1,CA,2019,0,0.37372479412206133,1,0,1
A-1839611,Source2,TX,2019,0,0.32076542526861707,1,0,1
A-1513239,Source2,CA,2020,1,0.31257806142195627,1,0,0
A-5212007,Source1,CA,,0,0.03084316087335156,0,0,0
A-7078864,Source1,CA,2020,1,0.22497722907213893,1,0,0
A-4494101,Source1,CA,2023,0,0.16287840326764347,0,0,0
A-2916701,Source2,CA,2018,1,0.43590922775060187,1,0,0
A-6166456,Source1,CA,,0,0.025617349363424618,0,0,0
A-5310889,Source1,CA,2022,0,0.0675355279199984,0,0,0
A-261079,Source2,TX,2016,1,0.17877841827847357,1,0,0
A-5931263,Source1,CA,2021,0,0.3234215961137219,1,0,1
A-5296684,Source1,CA,,0,0.09092904032446225,0,0,0
A-4298622,Source1,CA,2022,0,0.03380095046523876,0,0,0
A-440726,Source2,CA,2017,1,0.17808319264145447,0,1,0
A-7303565,Source1,CA,2019,0,0.3578587492377282,1,0,1
A-5600295,Source1,CA,2021,0,0.2767737881010688,1,0,1
A-2374831,Source2,CA,2018,0,0.3504411584394497,1,0,1
A-6404629,Source1,TX,2021,0,0.07330565726810045,0,0,0
A-1840988,Source2,CA,2019,1,0.08698745763696712,0,1,0
A-4072091,Source1,CA,2023,0,0.08924907952094073,0,0,0
A-6081767,Source1,TX,2021,0,0.08339667055108227,0,0,0
A-2651600,Source2,CA,2018,0,0.03838318184293974,0,0,0
A-643840,Source2,TX,2022,0,0.07211567582635522,0,0,0
A-3792208,Source1,CA,,0,0.11615720096237743,0,0,0
A-7545567,Source1,CA,2018,0,0.30162158823635354,1,0,1
A-3068384,Source2,CA,2018,0,0.0634809224374013,0,0,0
A-51949,Source2,CA,2016,0,0.1535193858327199,0,0,0
A-5877761,Source1,TX,2021,0,0.27509806555584604,1,0,1
A-5028550,Source1,CA,2022,1,0.07072643042747671,0,1,0
A-5977348,Source1,CA,2021,0,0.1367200054427066,0,0,0
A-1355493,Source2,CA,2020,0,0.253391363420246,1,0,1
A-7478983,Source1,CA,2018,0,0.28929422116993936,1,0,1
A-5590202,Source1,CA,2021,0,0.15722936049793373,0,0,0
A-6873431,Source1,CA,2020,0,0.029946638509732098,0,0,0
A-5968908,Source1,CA,2021,0,0.2856737975036175,1,0,1
A-4970350,Source1,CA,2022,0,0.05887572787491603,0,0,0
A-5944241,Source1,CA,2021,0,0.1643658544012921,0,0,0
A-7509570,Source1,CA,2018,0,0.37786272659792847,1,0,1
A-29382,Source2,CA,2016,1,0.38113656544088415,1,0,0
A-4366647,Source1,CA,,0,0.03655635422695343,0,0,0
A-696285,Source2,CA,2022,0,0.3042147274550651,1,0,1
A-3931012,Source1,TX,2022,0,0.0603493093943135,0,0,0
A-1031618,Source2,TX,2021,1,0.22179619703879147,1,0,0
A-2653493,Source2,TX,2018,0,0.09810707960737677,0,0,0
A-3784980,Source1,TX,2022,0,0.30961573980298984,1,0,1
A-4808849,Source1,CA,2022,0,0.11343434343261864,0,0,0
A-2160743,Source2,CA,2019,0,0.05992633556148789,0,0,0
A-2779636,Source2,CA,2018,0,0.14860224963496843,0,0,0
A-2791462,Source2,CA,2018,1,0.2835252934770669,1,0,0
A-2522627,Source3,CA,2018,0,0.04819492991693294,0,0,0
A-7335748,Source1,CA,2019,0,0.10044511450081879,0,0,0
A-2501614,Source2,TX,2018,0,0.4123642794905023,1,0,1
A-4103521,Source1,TX,2022,0,0.16776683832883718,0,0,0
A-6116725,Source1,TX,2021,0,0.0811373856664567,0,0,0
A-5485119,Source1,TX,2021,0,0.22280667458086617,1,0,1
A-55169,Source2,CA,2016,0,0.35417714889557156,1,0,1
A-7355433,Source1,CA,2019,0,0.11506112124406662,0,0,0
A-5916017,Source1,TX,2021,0,0.3575545306060993,1,0,1
A-2519080,Source2,TX,2018,0,0.058232697616023676,0,0,0
A-3621605,Source1,CA,2017,0,0.2855086303241192,1,0,1
A-2567523,Source2,TX,2018,0,0.1805496281934383,0,0,0
A-5633855,Source1,CA,2021,0,0.1012121993903999,0,0,0
A-1587825,Source2,CA,2020,0,0.06589964041022142,0,0,0
A-100921,Source2,CA,2016,1,0.31071480916063293,1,0,0
A-1375,Source2,CA,2016,1,0.412489998145188,1,0,0
A-298186,Source2,TX,2016,0,0.1637539430763129,0,0,0
A-3807904,Source1,CA,2022,0,0.06590386747689932,0,0,0
A-13763,Source2,CA,2016,1,0.5094331599042775,1,0,0
A-4615624,Source1,CA,2022,0,0.0725141487487655,0,0,0
A-1946306,Source2,CA,2019,0,0.068457322005993,0,0,0
A-2457714,Source2,CA,2018,1,0.3709474956077601,1,0,0
A-6802323,Source1,CA,2020,0,0.04454765545983934,0,0,0
A-6093730,Source1,CA,2021,0,0.0696718917862492,0,0,0
A-2828997,Source2,CA,2018,1,0.36630585865339466,1,0,0
A-3682147,Source1,CA,2023,0,0.03493792692895663,0,0,0
A-3431049,Source1,TX,2016,1,0.3137850328578072,1,0,0
A-5690476,Source1,CA,2021,1,0.05124641506002494,0,1,0
A-6666019,Source1,CA,2020,0,0.2535020371596258,1,0,1
A-341830,Source2,CA,2017,1,0.30178450537202284,1,0,0
A-1520079,Source2,TX,2020,0,0.0900807106831593,0,0,0
A-5513032,Source1,CA,2021,0,0.2039011181706122,1,0,1
A-3743354,Source1,TX,2022,0,0.2300880925781632,1,0,1
A-7434284,Source1,TX,2019,1,0.28805994222734693,1,0,0
A-26870,Source2,CA,2016,0,0.07337246609567574,0,0,0
A-3730972,Source1,CA,2022,0,0.09082441424126657,0,0,0
A-2158148,Source2,CA,2019,0,0.2812291530733416,1,0,1
A-4183017,Source1,CA,2022,0,0.08084439768292986,0,0,0
A-29951,Source2,CA,2016,1,0.25730791035626754,1,0,0
A-93080,Source2,CA,2016,1,0.4847415323946901,1,0,0
A-3908313,Source1,CA,2022,0,0.07555967414942008,0,0,0
A-1047334,Source2,TX,2021,0,0.3652343173626035,1,0,1
A-7213199,Source1,CA,2020,0,0.2609016397491645,1,0,1
A-4051930,Source1,CA,2022,0,0.2842343006514024,1,0,1
A-5866861,Source1,CA,2021,0,0.031899467373712395,0,0,0
A-5309578,Source1,CA,2022,0,0.27942891131151393,1,0,1
A-7110702,Source1,CA,2020,0,0.1590339354274149,0,0,0
A-1986195,Source2,CA,2019,0,0.10611909199468486,0,0,0
A-5840029,Source1,TX,2021,0,0.06104401904952289,0,0,0
A-2080137,Source2,CA,2019,1,0.3441893437998364,1,0,0
A-290114,Source2,TX,2016,1,0.3446151503832623,1,0,0
A-4941261,Source1,CA,,0,0.1373757987407751,0,0,0
A-7594269,Source1,CA,2018,0,0.1268827317778829,0,0,0
A-638421,Source3,CA,2022,0,0.1782742102351976,1,0,1
A-6201381,Source1,CA,2021,0,0.0677350891849607,0,0,0
A-2982092,Source2,TX,2018,1,0.18357153249827435,1,0,0
A-6940397,Source1,CA,2020,0,0.04250022069990094,0,0,0
A-7341777,Source1,CA,2019,0,0.3807195132893303,1,0,1
A-2552207,Source2,CA,2018,0,0.28894050627845763,1,0,1
A-93247,Source2,CA,2016,0,0.4162849261279029,1,0,1
A-5172533,Source1,TX,2022,0,0.21185844372469384,1,0,1
A-7347284,Source1,CA,2019,0,0.3269955331508646,1,0,1
A-1421356,Source2,CA,2020,0,0.13432857037711685,0,0,0
A-891596,Source2,CA,2021,0,0.04608726211526231,0,0,0
A-4661162,Source1,CA,2022,0,0.039799519039013506,0,0,0
A-5512568,Source1,TX,2021,0,0.04553164226960067,0,0,0
A-7157157,Source1,CA,2020,0,0.08940682165087566,0,0,0
A-1860427,Source2,CA,2019,1,0.06492650439105715,0,1,0
A-5183339,Source1,CA,,0,0.04771536840091004,0,0,0
A-5672232,Source1,TX,2021,0,0.11725537079348618,0,0,0
A-1399817,Source2,CA,2020,1,0.29174658121276653,1,0,0
A-7699832,Source1,CA,2017,1,0.32351911963859414,1,0,0
A-1791222,Source3,CA,2019,0,0.24768957059288085,1,0,1
A-4048649,Source1,CA,,0,0.04589185388503475,0,0,0
A-1956979,Source2,CA,2019,0,0.2734560364270481,1,0,1
A-301467,Source2,TX,2016,1,0.3797195453846135,1,0,0
A-3648621,Source1,CA,2017,0,0.35077642817114435,1,0,1
A-6258284,Source1,CA,2021,0,0.06792135754967339,0,0,0
A-2790923,Source2,TX,2018,0,0.16688460638295696,1,0,1
A-967305,Source2,CA,2021,0,0.35892988654537505,1,0,1
A-5963330,Source1,TX,,0,0.06754178974240328,0,0,0
A-5728963,Source1,CA,2021,0,0.2056297447084281,1,0,1
A-2451691,Source2,CA,2018,0,0.37678910358277234,1,0,1
A-62969,Source2,CA,2017,0,0.33984363074713464,1,0,1
A-7108540,Source1,CA,2020,1,0.060907888042979766,0,1,0
A-4839463,Source1,CA,2022,0,0.08439852665025578,0,0,0
A-7263173,Source1,CA,2020,0,0.03828432078947057,0,0,0
A-7283125,Source1,CA,2020,0,0.13267503312184167,0,0,0
A-5901040,Source1,CA,2021,0,0.23549183707543225,1,0,1
A-3127321,Source2,CA,2017,0,0.29161984674176034,1,0,1
A-870772,Source2,TX,2021,1,0.0642043591149769,0,1,0
A-3722931,Source1,TX,2022,0,0.11418856565291383,0,0,0
A-5945137,Source1,CA,2021,0,0.1172485355320487,0,0,0
A-5018398,Source1,CA,2022,0,0.05343644751224315,0,0,0
A-5800027,Source1,CA,2021,0,0.08578032685058153,0,0,0
A-7340419,Source1,CA,2019,0,0.0816497155435248,0,0,0
A-6891040,Source1,CA,2020,0,0.09100504340340844,0,0,0
A-5249822,Source1,TX,2022,0,0.05411839635376581,0,0,0
A-3117045,Source2,TX,2017,0,0.30408486451822037,1,0,1
A-5360577,Source1,TX,,0,0.03587028456505082,0,0,0
A-7281943,Source1,CA,2020,0,0.04489108832056041,0,0,0
A-3273153,Source2,CA,2017,1,0.314100389736968,1,0,0
A-3952129,Source1,TX,2022,0,0.17030466728557486,0,0,0
A-2594930,Source2,CA,2018,0,0.2147080921191901,1,0,1
A-3237339,Source2,CA,2017,0,0.07800235252257902,0,0,0
A-6186971,Source1,CA,2021,0,0.040304047190431125,0,0,0
A-4193547,Source1,CA,2022,0,0.17185674469531967,0,0,0
A-2016134,Source2,CA,2019,0,0.29018232136164535,1,0,1
A-7345138,Source1,CA,2019,0,0.13812100578206238,0,0,0
A-460763,Source2,CA,2017,1,0.3784684473439448,1,0,0
A-96803,Source2,CA,2016,0,0.1806061222533456,0,0,0
A-5697924,Source1,CA,2021,0,0.149706675674735,0,0,0
A-5439599,Source1,CA,2022,0,0.32035286222230497,1,0,1
A-3526190,Source1,CA,2016,0,0.2616862474210849,1,0,1
A-4414328,Source1,CA,2022,0,0.06433231260975036,0,0,0
A-1464661,Source2,CA,2020,0,0.07693255377784833,0,0,0
A-1364100,Source2,TX,2020,0,0.10276965020739257,0,0,0
A-5461563,Source1,CA,2022,0,0.05857737633600525,0,0,0
A-1761923,Source3,CA,2019,0,0.14809962735647014,0,0,0
A-7451839,Source1,TX,2019,0,0.29118988410807367,1,0,1
A-5674989,Source1,CA,2021,0,0.14189055220674948,0,0,0
A-5404408,Source1,CA,,0,0.1732437580053694,1,0,1
A-6488178,Source1,CA,2021,0,0.05712223042300113,0,0,0
A-3568793,Source1,TX,2017,0,0.33643345125070073,1,0,1
A-6357044,Source1,CA,2021,0,0.09498666245682613,0,0,0
A-450993,Source2,TX,2017,0,0.21374084620818787,1,0,1
A-3979917,Source1,CA,,0,0.06209682380253305,0,0,0
A-428988,Source2,TX,2017,1,0.16455630371421398,0,1,0
A-6308626,Source1,CA,2021,0,0.1766628027860008,0,0,0
A-63006,Source2,CA,2017,1,0.4205447489152402,1,0,0
A-565374,Source2,CA,2022,1,0.3413391344125224,1,0,0
A-7233825,Source1,CA,2020,1,0.0483846723563931,0,1,0
A-2347533,Source2,CA,2019,0,0.34737820944544673,1,0,1
A-434049,Source2,TX,2017,1,0.2453960437091415,1,0,0
A-2738643,Source2,CA,2018,1,0.4581693223614315,1,0,0
A-6820147,Source1,CA,2020,0,0.11742769449452069,0,0,0
A-54659,Source2,CA,2016,0,0.17359941296208733,0,0,0
A-957271,Source2,CA,2021,0,0.06569975488683792,0,0,0
A-2061507,Source2,CA,2019,1,0.3048216975447008,1,0,0
A-5934380,Source1,CA,2021,0,0.05362225150697507,0,0,0
A-893842,Source2,CA,2021,0,0.1343116832988727,0,0,0
A-4717943,Source1,TX,2023,0,0.13234512300399254,0,0,0
A-6798742,Source1,CA,2020,0,0.05046477844994128,0,0,0
A-1058894,Source2,CA,2021,1,0.12499339815718698,0,1,0
A-4463394,Source1,CA,2022,0,0.09523825263509897,0,0,0
A-3782060,Source1,CA,2022,0,0.11747862045847865,0,0,0
A-1156345,Source2,CA,2021,1,0.3036307050406365,1,0,0
A-2626827,Source2,CA,2018,0,0.4270699159266916,1,0,1
A-837704,Source2,CA,2021,0,0.08238113246329805,0,0,0
A-554180,Source2,CA,2022,0,0.0720509418663082,0,0,0
A-4852586,Source1,TX,2022,0,0.09678637595308515,0,0,0
A-7401878,Source1,CA,2019,0,0.17583129896181984,0,0,0
A-3823128,Source1,CA,2022,0,0.04258429874183165,0,0,0
A-818287,Source2,CA,2021,1,0.08931909141794471,0,1,0
A-497544,Source2,CA,2017,1,0.32865178257854943,1,0,0
A-3564615,Source1,CA,2017,1,0.2765505058650305,1,0,0
A-3378522,Source2,TX,2017,0,0.19810253580399168,1,0,1
A-293254,Source2,TX,2016,0,0.15162015980162372,0,0,0
A-4692924,Source1,CA,2022,0,0.22158073155901117,1,0,1
A-3985093,Source1,CA,2022,0,0.15030308479178373,0,0,0
A-1218026,Source2,CA,2020,0,0.24258643272232994,1,0,1
A-4511073,Source1,TX,2022,0,0.04814928757210411,0,0,0
A-1921150,Source2,TX,2019,0,0.13881408574499518,0,0,0
A-3902594,Source1,CA,2022,0,0.1277283716929192,0,0,0
A-5426770,Source1,CA,2022,0,0.025513588083943432,0,0,0
A-4062791,Source1,CA,,0,0.06381793760272811,0,0,0
A-6229719,Source1,CA,2021,0,0.26915076828367246,1,0,1
A-6978991,Source1,CA,2020,0,0.10336144392282057,0,0,0
A-273898,Source2,TX,2016,0,0.38455677238108354,1,0,1
A-2315865,Source2,TX,2019,0,0.18553465827043522,0,0,0
A-3930030,Source1,CA,2022,0,0.0916886060568484,0,0,0
A-5766826,Source1,CA,2021,0,0.07785473761540472,0,0,0
A-4507591,Source1,TX,2023,0,0.04620350513383756,0,0,0
A-2456501,Source2,TX,2018,0,0.17108207649338908,1,0,1
A-3037754,Source2,TX,2018,0,0.17226801303271796,0,0,0
A-4662131,Source1,TX,,0,0.05994098243042391,0,0,0
A-3027,Source2,CA,2016,1,0.2077521539026653,1,0,0
A-6273916,Source1,TX,2021,0,0.08210334245500327,0,0,0
A-7498524,Source1,TX,2018,1,0.3898274950858579,1,0,0
A-4235462,Source1,CA,2022,0,0.25593028408987484,1,0,1
A-5426953,Source1,TX,2022,0,0.1501693991522904,0,0,0
A-33907,Source2,CA,2016,0,0.18752523150517267,0,0,0
A-6717695,Source1,CA,2020,0,0.04088414949514525,0,0,0
A-6129171,Source1,CA,2021,0,0.07612598841735438,0,0,0
A-883811,Source2,CA,2021,1,0.3622636351221943,1,0,0
A-4939460,Source1,CA,,0,0.14760106889002972,0,0,0
A-7245473,Source1,CA,2020,0,0.2654788852049389,1,0,1
A-3748921,Source1,CA,,0,0.13818469403093983,0,0,0
A-5986964,Source1,TX,2021,0,0.15315074114394445,0,0,0
A-16527,Source2,CA,2016,0,0.32393805525265607,1,0,1
A-2813852,Source2,CA,2018,0,0.4622642642626282,1,0,1
A-7243995,Source1,CA,2020,0,0.04501693350741053,0,0,0
A-5367710,Source1,CA,2022,0,0.060988194286288634,0,0,0
A-5192568,Source1,CA,2022,0,0.11447598837666799,0,0,0
A-6319587,Source1,CA,2021,0,0.20209140269959666,1,0,1
A-7730660,Source1,CA,2019,0,0.11765597882662879,0,0,0
A-894574,Source2,CA,2021,0,0.1566516504239248,0,0,0
A-7272970,Source1,CA,2020,0,0.09090700067777531,0,0,0
A-7110327,Source1,CA,2020,0,0.27914023896232976,1,0,1
A-1015749,Source2,CA,2021,0,0.3000612263007696,1,0,1
A-280242,Source2,TX,2016,0,0.06782449798700128,0,0,0
A-4279241,Source1,TX,2022,0,0.15610553975513392,0,0,0
A-3053438,Source2,CA,2018,1,0.20055462978483152,1,0,0
A-2043850,Source2,CA,2019,1,0.08254206738879133,0,1,0
A-6327229,Source1,TX,2021,0,0.23810866610495088,1,0,1
A-1345376,Source2,CA,2020,0,0.0937171504654292,0,0,0
A-1286122,Source2,CA,2020,0,0.025101260218298227,0,0,0
A-6381901,Source1,CA,2021,0,0.26978425961081964,1,0,1
A-7645077,Source1,CA,2017,0,0.3110744026964895,1,0,1
A-7156783,Source1,CA,2020,0,0.10875528239123071,0,0,0
A-2577619,Source2,TX,2018,0,0.07651840266402102,0,0,0
A-6358501,Source1,CA,2021,0,0.042472518705985916,0,0,0
A-7205230,Source1,TX,2020,0,0.39728075872195256,1,0,1
A-7546033,Source1,CA,2018,0,0.33162533624151325,1,0,1
A-277991,Source2,TX,2016,0,0.13674587663584156,0,0,0
A-3547428,Source1,CA,2016,0,0.17307752379317595,0,0,0
A-95260,Source2,CA,2016,1,0.1845476210277672,0,1,0
A-278779,Source2,TX,2016,0,0.05912579292452678,0,0,0
A-779124,Source2,CA,2021,0,0.2120913231260076,1,0,1
A-3362428,Source2,CA,2017,1,0.3885470798785658,1,0,0
A-7588391,Source1,CA,2018,0,0.29440845074771527,1,0,1
A-6813245,Source1,CA,2020,0,0.27661665052473217,1,0,1
A-7316178,Source1,CA,2019,0,0.2077488041615363,1,0,1
A-709187,Source2,CA,2022,1,0.05704189449006987,0,1,0
A-6488908,Source1,CA,2021,0,0.07551304777916512,0,0,0
A-439648,Source2,CA,2017,1,0.3334847419042882,1,0,0
A-1064444,Source2,TX,2021,1,0.36581184798228816,1,0,0
A-7327370,Source1,CA,2019,0,0.09033168419446133,0,0,0
A-5830853,Source1,CA,2021,0,0.0728371722146125,0,0,0
A-7472342,Source1,CA,2019,1,0.22224252633166347,1,0,0
A-3216381,Source2,TX,2017,0,0.3371733280492131,1,0,1
A-3250524,Source2,TX,2017,0,0.17248566778220176,1,0,1
A-7242764,Source1,CA,2020,0,0.03422148486512967,0,0,0
A-7194576,Source1,CA,2020,0,0.32697985822808234,1,0,1
A-5804825,Source1,TX,2021,0,0.19437776037956564,1,0,1
A-2171573,Source2,CA,2019,0,0.20681490238868722,1,0,1
A-513212,Source2,CA,2022,0,0.1995830391565267,1,0,1
A-5955322,Source1,CA,,0,0.030614333815145323,0,0,0
A-3306288,Source2,CA,2017,0,0.1870213253672693,1,0,1
A-3683551,Source1,CA,2023,0,0.09427015964290444,0,0,0
A-6370713,Source1,CA,2021,0,0.052211811097295203,0,0,0
A-1557611,Source3,CA,2020,0,0.20274860549059523,1,0,1
A-1312425,Source2,TX,2020,1,0.05198562226518013,0,1,0
A-6853404,Source1,CA,2020,0,0.07341797225270578,0,0,0
A-2848959,Source2,CA,2018,1,0.3919772921392184,1,0,0
A-7331726,Source1,CA,2019,0,0.10395094959120796,0,0,0
A-89008,Source2,CA,2016,0,0.26436227036889204,1,0,1
A-1928234,Source2,TX,2019,0,0.15156594302494605,0,0,0
A-437734,Source2,CA,2017,0,0.09136803839794218,0,0,0
A-955688,Source2,TX,2021,0,0.09509095004697181,0,0,0
A-3354841,Source2,TX,2017,0,0.39110327748347196,1,0,1
A-3188176,Source2,CA,2017,1,0.4198250379260934,1,0,0
A-1464976,Source2,CA,2020,0,0.1805734684374297,0,0,0
A-5482531,Source1,CA,2021,0,0.25421118006451254,1,0,1
A-408940,Source2,CA,2017,1,0.30174757833245874,1,0,0
A-7208646,Source1,CA,2020,0,0.25850299253824777,1,0,1
A-103138,Source2,CA,2016,1,0.3593349781091565,1,0,0
A-1398879,Source2,TX,2020,0,0.12565184464144974,0,0,0
A-5914508,Source1,CA,2021,0,0.23168305193883154,1,0,1
A-2283616,Source2,TX,2019,1,0.277649001250574,1,0,0
A-5672724,Source1,CA,2021,0,0.24880252264389827,1,0,1
A-7714753,Source1,CA,2019,0,0.2446207104036997,1,0,1
A-19318,Source2,CA,2016,0,0.34655317736013036,1,0,1
A-5576600,Source1,CA,2021,0,0.07766776179651462,0,0,0
A-897350,Source2,CA,2021,0,0.059297754830839156,0,0,0
A-429254,Source2,TX,2017,1,0.0908323634575125,0,1,0
A-2721932,Source2,TX,2018,0,0.26591833277030996,1,0,1
A-2625913,Source2,CA,2018,0,0.16014896286417318,0,0,0
A-3818658,Source1,CA,2023,0,0.06712527406251481,0,0,0
A-1560659,Source3,CA,2020,0,0.2547227741763787,1,0,1
A-7515394,Source1,CA,2018,0,0.3007167382097581,1,0,1
A-6721581,Source1,CA,2020,0,0.061468445080480216,0,0,0
A-484390,Source2,TX,2017,1,0.22293119778115367,1,0,0
A-268005,Source2,TX,2017,0,0.043866140441299065,0,0,0
A-6221781,Source1,TX,2021,0,0.25995790242320316,1,0,1
A-2516354,Source2,CA,2018,1,0.4333995068002222,1,0,0
A-4379488,Source1,CA,2022,0,0.12543816981136574,0,0,0
A-7342058,Source1,CA,2019,1,0.0952436842321411,0,1,0
A-5059032,Source1,CA,2022,0,0.14512561642121774,0,0,0
A-6633925,Source1,TX,2020,0,0.026100998004013175,0,0,0
A-7340657,Source1,CA,2019,0,0.0447043252307457,0,0,0
A-6144569,Source1,CA,2021,0,0.23005684249328845,1,0,1
A-276776,Source2,TX,2016,1,0.3697704756015989,1,0,0
A-1479407,Source3,CA,2020,0,0.14330715073595743,0,0,0
A-2955366,Source2,CA,2018,1,0.3505247535637776,1,0,0
A-89876,Source2,CA,2016,1,0.2413926157317877,1,0,0
A-5852889,Source1,CA,2021,0,0.06160019762608373,0,0,0
A-4316619,Source1,CA,2022,0,0.27335216705252807,1,0,1
A-6434175,Source1,CA,2021,0,0.08462143732634118,0,0,0
A-2973909,Source2,TX,2018,1,0.12401017377638276,0,1,0
A-4693445,Source1,TX,2022,0,0.048022242934096335,0,0,0
A-302783,Source2,TX,2016,0,0.3260130338195517,1,0,1
A-6186842,Source1,CA,2021,0,0.27596881550673696,1,0,1
A-7676614,Source1,CA,2017,0,0.2891014051667219,1,0,1
A-6443914,Source1,CA,2021,0,0.1307662995935092,0,0,0
A-5261262,Source1,CA,,0,0.03708179013354774,0,0,0
A-7630986,Source1,TX,2018,1,0.2215964497441912,1,0,0
A-2980018,Source2,CA,2018,0,0.18647109233359382,1,0,1
A-5033917,Source1,CA,2022,0,0.04077815825125126,0,0,0
A-7160443,Source1,CA,2020,0,0.15559656646262846,0,0,0
A-1397492,Source2,CA,2020,0,0.3587810639176442,1,0,1
A-85164,Source2,CA,2016,1,0.37718328246923677,1,0,0
A-4720682,Source1,CA,2023,0,0.08097386522756793,0,0,0
A-6506698,Source1,CA,2021,0,0.06201890740908346,0,0,0
A-1360252,Source2,TX,2020,0,0.08301650092312553,0,0,0
A-5249608,Source1,TX,2022,0,0.2204993226985843,1,0,1
A-7268193,Source1,CA,2020,0,0.09115575114934422,0,0,0
A-7521750,Source1,TX,2018,0,0.10054706229271741,0,0,0
A-6096788,Source1,TX,2021,0,0.3684890132706876,1,0,1
A-7051334,Source1,CA,2020,0,0.15940096936002932,0,0,0
A-7374626,Source1,CA,2019,0,0.07050821484355625,0,0,0
A-401901,Source2,CA,2017,1,0.3355318328634578,1,0,0
A-334372,Source2,TX,2017,0,0.12498692441549393,0,0,0
A-23725,Source2,CA,2016,0,0.44607944860223353,1,0,1
A-6235250,Source1,TX,2021,0,0.2329439815320348,1,0,1
A-1087158,Source2,TX,2021,1,0.0980364872904329,0,1,0
A-2741550,Source2,CA,2018,0,0.32254327735843613,1,0,1
A-339738,Source2,CA,2017,0,0.4429058149275599,1,0,1
A-1175518,Source2,CA,2021,1,0.044218971510373434,0,1,0
A-6029120,Source1,TX,,0,0.06492726543604707,0,0,0
A-6540135,Source1,CA,2021,0,0.11636244781980613,0,0,0
A-2974783,Source2,CA,2018,0,0.2642502403065337,1,0,1
A-1309617,Source2,CA,2020,1,0.3267174556440363,1,0,0
A-2982613,Source2,CA,2018,0,0.1872657441068537,1,0,1
A-458957,Source2,CA,2017,1,0.4126982221494286,1,0,0
A-5859946,Source1,CA,,0,0.04891712728303434,0,0,0
A-5321798,Source1,CA,,0,0.09621800319682088,0,0,0
A-7403066,Source1,CA,2019,0,0.17198253256736704,0,0,0
A-7130016,Source1,CA,2020,0,0.33190843286645577,1,0,1
A-1042883,Source2,TX,2021,1,0.18352076361000977,1,0,0
A-1875322,Source2,CA,2019,0,0.29052538530547195,1,0,1
A-3120968,Source2,TX,2017,1,0.3393615715303767,1,0,0
A-7370362,Source1,CA,2019,0,0.07948248261794011,0,0,0
A-7664505,Source1,TX,2017,0,0.236974279454633,1,0,1
A-5196844,Source1,CA,2022,0,0.13256391230377504,0,0,0
A-7717,Source2,CA,2016,1,0.23589427779682803,1,0,0
A-5634732,Source1,CA,2021,0,0.17093163836815892,0,0,0
A-6723954,Source1,TX,2020,0,0.1272909786130025,0,0,0
A-7585131,Source1,CA,2018,0,0.26103224818358434,1,0,1
A-6750421,Source1,CA,2020,0,0.041480895644245515,0,0,0
A-430747,Source2,TX,2017,1,0.3173046087824652,1,0,0
A-5542779,Source1,CA,2021,0,0.08476550258924886,0,0,0
A-2595061,Source2,CA,2018,0,0.24911847894208536,1,0,1
A-6279969,Source1,CA,,0,0.026015319421347015,0,0,0
A-25820,Source2,CA,2016,0,0.2717956293100803,1,0,1
A-1851603,Source2,TX,2019,0,0.14593627465657275,0,0,0
A-7246092,Source1,CA,2020,0,0.11486182679159176,0,0,0
A-459868,Source2,CA,2017,1,0.3714936673360364,1,0,0
A-3431214,Source1,TX,2016,0,0.2741399320164535,1,0,1
A-7532506,Source1,CA,2018,0,0.4264396612309812,1,0,1
A-3391842,Source2,CA,2017,1,0.38295078353576306,1,0,0
A-6204156,Source1,CA,2021,0,0.2304216392862039,1,0,1
A-30610,Source2,CA,2016,1,0.2661328679833915,1,0,0
A-1362258,Source2,TX,2020,0,0.15756749029353223,0,0,0
A-88589,Source2,CA,2016,1,0.25328043996708133,1,0,0
A-3187452,Source2,TX,2017,0,0.3600678074488537,1,0,1
A-102056,Source2,CA,2016,0,0.3628776537674656,1,0,1
A-5050780,Source1,CA,2022,0,0.14949404616529888,0,0,0
A-40139,Source2,CA,2016,0,0.32609597756834763,1,0,1
A-4334856,Source1,CA,2022,0,0.056164403056531295,0,0,0
A-92471,Source2,CA,2016,1,0.41468147651403386,1,0,0
A-3767908,Source1,CA,2022,0,0.05239683665864279,0,0,0
A-4918176,Source1,CA,2022,0,0.28580937743975454,1,0,1
A-4586441,Source1,TX,2022,0,0.20547900040536332,1,0,1
A-464845,Source2,CA,2017,0,0.064813068138819,0,0,0
A-5869542,Source1,CA,2021,0,0.03494039653000862,0,0,0
A-5236608,Source1,CA,2022,0,0.254148553701703,1,0,1
A-7364266,Source1,CA,2019,0,0.03593190863311059,0,0,0
A-771475,Source2,CA,2021,0,0.02657188601852316,0,0,0
A-6706036,Source1,CA,2020,0,0.18675567565710846,0,0,0
A-1650839,Source2,TX,2020,1,0.1295777907090868,0,1,0
A-2207140,Source2,TX,2019,0,0.275281673015108,1,0,1
A-4721515,Source1,CA,2022,0,0.14355447343949215,0,0,0
A-3846099,Source1,CA,,0,0.05568377346543565,0,0,0
A-6315047,Source1,CA,2021,0,0.050950517139990416,0,0,0
A-2127528,Source2,TX,2019,0,0.039606122715036426,0,0,0
A-3435685,Source1,TX,2016,1,0.16386963308491267,0,1,0
A-4063101,Source1,CA,,1,0.04886492474594586,0,1,0
A-2609219,Source2,TX,2018,1,0.33780248519215783,1,0,0
A-441421,Source2,CA,2017,0,0.41118437986553646,1,0,1
A-727191,Source3,TX,2022,1,0.2033310736189536,1,0,0
A-5676063,Source1,CA,2021,0,0.1532945817457915,0,0,0
A-528845,Source2,CA,2022,1,0.11465865263358219,0,1,0
A-23350,Source2,CA,2016,1,0.4542597417953022,1,0,0
A-6987489,Source1,CA,2020,0,0.058042147278200305,0,0,0
A-5816468,Source1,CA,2021,0,0.20558052551299494,1,0,1
A-5202736,Source1,CA,2022,0,0.12013762587032298,0,0,0
A-7774659,Source1,CA,2019,1,0.3286026415528082,1,0,0
A-2355408,Source2,TX,2019,0,0.04860098463037759,0,0,0
A-4254570,Source1,TX,2023,0,0.035594275565148804,0,0,0
A-2486396,Source2,TX,2018,1,0.15479754671990187,0,1,0
A-3864419,Source1,CA,2022,0,0.1254448467543427,0,0,0
A-2460295,Source2,TX,2018,0,0.20370975594225643,1,0,1
A-1899647,Source3,CA,2019,0,0.1181880353972004,0,0,0
A-6149743,Source1,CA,2021,0,0.09095592394931873,0,0,0
A-2427007,Source2,CA,2018,0,0.2563743325612114,1,0,1
A-4090112,Source1,CA,2022,0,0.260542773406086,1,0,1
A-522531,Source2,TX,2022,0,0.06186437773974558,0,0,0
A-6351434,Source1,CA,2021,0,0.03963947990822715,0,0,0
A-6676597,Source1,CA,,0,0.026633237194881844,0,0,0
A-4320649,Source1,TX,,0,0.220968567030502,1,0,1
A-2590100,Source2,CA,2018,0,0.27053517193042,1,0,1
A-7588361,Source1,CA,2018,0,0.30525605627459373,1,0,1
A-7073807,Source1,CA,2020,0,0.05532098278209082,0,0,0
A-7151988,Source1,CA,2020,0,0.13550645552515853,0,0,0
A-5985279,Source1,TX,,0,0.0666676489839562,0,0,0
A-6051406,Source1,CA,2021,0,0.3473617877163885,1,0,1
A-6009224,Source1,CA,2021,0,0.11908536352526153,0,0,0
A-1805110,Source2,TX,2019,1,0.16243054143015948,0,1,0
A-5314628,Source1,TX,,0,0.10052633227331984,0,0,0
A-1689899,Source2,CA,2019,0,0.22007276551112817,1,0,1
A-5210871,Source1,CA,2023,0,0.10025478974755583,0,0,0
A-96210,Source2,CA,2016,0,0.44436784562871995,1,0,1
A-2951997,Source2,TX,2018,1,0.5127991763680005,1,0,0
A-7002069,Source1,CA,2020,0,0.20004942414212987,1,0,1
A-4477417,Source1,TX,2022,1,0.09232346839923859,0,1,0
A-2685600,Source2,CA,2018,1,0.39106286888595887,1,0,0
A-2549504,Source2,CA,2018,0,0.3793697716601445,1,0,1
A-71055,Source2,CA,2016,0,0.38901570464927593,1,0,1
A-3415544,Source1,CA,2016,0,0.37498961276619724,1,0,1
A-3895013,Source1,CA,2022,0,0.20674374199632678,1,0,1
A-2925729,Source2,CA,2018,1,0.40940767459463273,1,0,0
A-525160,Source2,CA,2022,0,0.04724110270932906,0,0,0
A-7087965,Source1,CA,2020,0,0.2232837681571005,1,0,1
A-958828,Source2,TX,2021,1,0.10618307625837813,0,1,0
A-7185796,Source1,CA,2020,0,0.1654784255363862,0,0,0
A-5419306,Source1,CA,2023,0,0.23044926816545744,1,0,1
A-753759,Source2,TX,2022,1,0.1931548721673842,0,1,0
A-3000345,Source2,CA,2018,1,0.3950721955940077,1,0,0
A-6349455,Source1,CA,2021,0,0.07184923157041398,0,0,0
A-6644584,Source1,CA,2020,0,0.027646747316200503,0,0,0
A-391258,Source2,TX,2017,0,0.19503028162440622,1,0,1
A-55088,Source2,CA,2016,0,0.31415973917782525,1,0,1
A-1494020,Source3,CA,2020,0,0.19049613883484176,1,0,1
A-6415680,Source1,CA,2021,0,0.056584207309423276,0,0,0
A-5531218,Source1,CA,2021,0,0.14640118956867454,0,0,0
A-45070,Source2,CA,2016,0,0.09607829837652274,0,0,0
A-4628924,Source1,CA,2023,0,0.03842399636232062,0,0,0
A-6949640,Source1,TX,2020,0,0.21282094115417133,1,0,1
A-345412,Source2,CA,2017,1,0.2055822141835352,1,0,0
A-7394060,Source1,CA,2019,0,0.29624307111557713,1,0,1
A-6310164,Source1,TX,2021,0,0.13140021950612182,0,0,0
A-5670382,Source1,CA,2021,0,0.19704137758583198,1,0,1
A-6265559,Source1,TX,2021,0,0.1291020684488348,0,0,0
A-457316,Source2,CA,2017,0,0.2719556164304365,1,0,1
A-2564858,Source2,TX,2018,0,0.05810337871886726,0,0,0
A-5922219,Source1,TX,2021,0,0.13513134511301156,0,0,0
A-4047884,Source1,CA,2022,0,0.05502662336877943,0,0,0
A-3211901,Source2,TX,2017,0,0.04945882045050724,0,0,0
A-3533709,Source1,CA,2016,0,0.3339501980762954,1,0,1
A-5630043,Source1,CA,2021,0,0.034512118615943756,0,0,0
A-3202392,Source2,CA,2017,1,0.3606594849451989,1,0,0
A-1520733,Source2,CA,2020,1,0.04002703612255186,0,1,0
A-5976874,Source1,CA,2021,0,0.3020394548897275,1,0,1
A-2678636,Source2,TX,2018,0,0.33355204231387,1,0,1
A-6075862,Source1,CA,2021,0,0.15880366049663386,0,0,0
A-4972125,Source1,CA,2022,0,0.056375133481568994,0,0,0
A-409488,Source2,CA,2017,1,0.13492268955507591,0,1,0
A-3590263,Source1,CA,2017,0,0.36524756668827363,1,0,1
A-5879926,Source1,CA,2021,0,0.2574092391737036,1,0,1
A-7419277,Source1,CA,2019,0,0.20625323116133348,0,0,0
A-5314004,Source1,CA,,0,0.050842051685784054,0,0,0
A-858905,Source2,TX,2021,0,0.13988287034974206,0,0,0
A-6457452,Source1,CA,2021,0,0.14568124654850584,0,0,0
A-3009459,Source2,TX,2018,0,0.14726797239727302,0,0,0
A-5304603,Source1,CA,2022,0,0.2641532991220226,1,0,1
A-1821999,Source2,CA,2019,1,0.08130198195182166,0,1,0
A-2051,Source2,CA,2016,0,0.07469115340939927,0,0,0
A-3621809,Source1,CA,2017,1,0.38126192876400766,1,0,0
A-1298662,Source2,CA,2020,0,0.1352760839227996,0,0,0
A-1175654,Source2,CA,2021,0,0.06422723208853882,0,0,0
A-4040434,Source1,CA,2022,0,0.11837643122260695,0,0,0
A-1839053,Source2,TX,2019,0,0.1545580778717421,0,0,0
A-817789,Source2,CA,2021,0,0.0582512022556028,0,0,0
A-7528578,Source1,CA,2018,0,0.14774499257210352,0,0,0
A-6769826,Source1,CA,2020,0,0.09967728340661312,0,0,0
A-2016084,Source2,CA,2019,1,0.17835759138247104,0,1,0
A-1622665,Source2,TX,2020,0,0.1517151333287028,0,0,0
A-7282375,Source1,CA,2020,0,0.06771095151024764,0,0,0
A-2474394,Source2,TX,2018,1,0.31790400841390665,1,0,0
A-5824101,Source1,CA,,0,0.09530309869975058,0,0,0
A-3391618,Source2,CA,2017,1,0.322304627070951,1,0,0
A-5448210,Source1,CA,2022,0,0.2401728384800926,1,0,1
A-3725074,Source1,CA,,0,0.14731254484517117,0,0,0
A-4130408,Source1,CA,2022,0,0.12186590506809529,0,0,0
A-5496456,Source1,CA,2021,0,0.2638454053468683,1,0,1
A-5760310,Source1,CA,2021,0,0.06423451694308846,0,0,0
A-3421206,Source1,CA,2016,0,0.23501788965472253,1,0,1
A-1034354,Source2,CA,2021,0,0.3789260235129816,1,0,1
A-6614909,Source1,CA,2020,0,0.07351375412010536,0,0,0
A-4447768,Source1,CA,2022,0,0.20327620342927144,1,0,1
A-6897271,Source1,CA,2020,0,0.0336751940639848,0,0,0
A-6235341,Source1,TX,2021,0,0.22912725995110655,1,0,1
A-7065399,Source1,CA,2020,0,0.20332117019339085,1,0,1
A-6418056,Source1,CA,2021,0,0.06326075714512869,0,0,0
A-3688468,Source1,CA,2023,0,0.07137809122365014,0,0,0
A-7146195,Source1,CA,2020,0,0.12458253088492581,0,0,0
A-5298683,Source1,CA,2022,0,0.08836765854338553,0,0,0
A-1151691,Source3,CA,2021,0,0.04328332935497596,0,0,0
A-1606389,Source2,TX,2020,0,0.03936928822120701,0,0,0
A-4298144,Source1,TX,2022,0,0.11213673277589147,0,0,0
A-458056,Source2,CA,2017,0,0.2765679331263416,1,0,1
A-3697121,Source1,CA,2023,0,0.23746501197636732,1,0,1
A-7395486,Source1,CA,2019,0,0.11818102687964879,0,0,0
A-3999129,Source1,CA,,0,0.2123318093580009,1,0,1
A-48434,Source2,CA,2016,1,0.4037729552569971,1,0,0
A-4583611,Source1,CA,,0,0.02983686249730531,0,0,0
A-5378190,Source1,CA,,0,0.09808998282614453,0,0,0
A-6973229,Source1,CA,2020,0,0.09246299900945201,0,0,0
A-4837722,Source1,CA,2022,0,0.052935558869435906,0,0,0
A-5994680,Source1,CA,,0,0.05784674136023077,0,0,0
A-4230539,Source1,CA,,0,0.04253030864937575,0,0,0
A-4102235,Source1,CA,,0,0.05670190825780248,0,0,0
A-1344022,Source2,TX,2020,0,0.09287216315868006,0,0,0
A-302090,Source2,TX,2016,0,0.36760824225622757,1,0,1
A-5428114,Source1,CA,,0,0.08470377380185003,0,0,0
A-5103480,Source1,CA,2023,0,0.04543959528917972,0,0,0
A-2975021,Source2,CA,2018,1,0.34781123382924184,1,0,0
A-3300765,Source2,CA,2017,1,0.40206446008403135,1,0,0
A-3313505,Source2,TX,2017,0,0.40218616327120654,1,0,1
A-2706547,Source2,CA,2018,0,0.11482806541376347,0,0,0
A-3344368,Source2,CA,2017,0,0.45366343041657375,1,0,1
A-6060587,Source1,CA,2021,0,0.12806506855182215,0,0,0
A-7625622,Source1,CA,2018,0,0.051626448721684835,0,0,0
A-2708834,Source2,CA,2018,1,0.3054389353782034,1,0,0
A-315363,Source2,CA,2017,0,0.2874563583675152,1,0,1
A-6937016,Source1,CA,2020,0,0.17326297178339675,0,0,0
A-7358459,Source1,CA,2019,0,0.0935113451087376,0,0,0
A-6639627,Source1,CA,2020,0,0.056400379635957544,0,0,0
A-7159495,Source1,CA,2020,0,0.18476983731731905,1,0,1
A-6914750,Source1,CA,2020,0,0.06395087881663526,0,0,0
A-4482125,Source1,CA,2022,0,0.2700013109266628,1,0,1
A-63359,Source2,CA,2017,1,0.3102825342337051,1,0,0
A-2181294,Source2,TX,2019,1,0.22079400980303515,1,0,0
A-6005869,Source1,TX,2021,0,0.17569128591452168,1,0,1
A-2865877,Source2,CA,2018,1,0.4382800499334339,1,0,0
A-7639682,Source1,CA,2018,0,0.17158802804455434,0,0,0
A-4849713,Source1,CA,,0,0.17135970436386821,1,0,1
A-303400,Source2,TX,2016,0,0.0800075826627272,0,0,0
A-893189,Source2,TX,2021,1,0.14937414797474752,0,1,0
A-1347828,Source2,CA,2020,0,0.14380107988580942,0,0,0
A-2134925,Source2,CA,2019,0,0.23342389743053532,1,0,1
A-7033418,Source1,CA,2020,0,0.08038004254911485,0,0,0
A-6187231,Source1,CA,2021,0,0.16034715429013127,0,0,0
A-7399287,Source1,CA,2019,0,0.2136130896312347,1,0,1
A-7288549,Source1,CA,2019,0,0.029998247486067692,0,0,0
A-6367297,Source1,CA,,0,0.02574455738725201,0,0,0
A-1268259,Source2,CA,2020,0,0.23172366222308521,1,0,1
A-2680621,Source2,CA,2018,1,0.4764645176641939,1,0,0
A-7135146,Source1,CA,2020,0,0.17973166111933084,1,0,1
A-338639,Source2,CA,2017,1,0.31737119301739086,1,0,0
A-2639892,Source3,CA,2018,1,0.3251197363589601,1,0,0
A-4339806,Source1,TX,2022,0,0.07271496301217148,0,0,0
A-2446770,Source2,TX,2018,1,0.32897943922571565,1,0,0
A-7759016,Source1,TX,2019,0,0.25596248896860035,1,0,1
A-5674144,Source1,CA,2021,0,0.11612590245139902,0,0,0
A-4054797,Source1,TX,2022,0,0.0815041527738362,0,0,0
A-6209572,Source1,CA,2021,0,0.08195332735474196,0,0,0
A-114929,Source2,CA,2016,0,0.3138602624190664,1,0,1
A-6835671,Source1,CA,2020,0,0.07619094240682396,0,0,0
A-7554088,Source1,CA,2018,0,0.4144720483884293,1,0,1
A-5635875,Source1,CA,,0,0.031163807871357346,0,0,0
A-3568715,Source1,TX,2017,0,0.2806697301868801,1,0,1
A-104912,Source2,CA,2016,0,0.18565056784369255,0,0,0
A-88812,Source2,CA,2016,0,0.36748630384638353,1,0,1
A-3611520,Source1,TX,2017,1,0.25268716037335903,1,0,0
A-28036,Source2,CA,2016,1,0.2616611129142119,1,0,0
A-5034650,Source1,CA,2022,0,0.13945398145481178,0,0,0
A-7243071,Source1,CA,2020,0,0.2825927922406113,1,0,1
A-6484709,Source1,TX,2021,0,0.3123370512257676,1,0,1
A-924471,Source3,CA,2021,0,0.09881178641256545,0,0,0
A-6055806,Source1,TX,2021,0,0.32151216904720736,1,0,1
A-5648532,Source1,CA,2021,0,0.11560751615855946,0,0,0
A-3338312,Source2,CA,2017,0,0.3728425258782473,1,0,1
A-6654874,Source1,CA,2020,0,0.14493676056971477,0,0,0
A-6562633,Source1,CA,2021,0,0.2805281897251861,1,0,1
A-3229297,Source2,TX,2017,0,0.16326611481181408,0,0,0
A-2508956,Source2,CA,2018,0,0.20924061327155857,1,0,1
A-6205612,Source1,CA,2021,0,0.18943426559848647,1,0,1
A-6334738,Source1,CA,2021,0,0.1155300708444323,0,0,0
A-1385239,Source2,CA,2020,0,0.2474359440456725,1,0,1
A-2408607,Source2,TX,2018,0,0.04809491748459711,0,0,0
A-833852,Source2,CA,2021,1,0.12955742900474426,0,1,0
A-486933,Source2,TX,2017,0,0.054893370296593504,0,0,0
A-6699798,Source1,CA,2020,0,0.06899829607017849,0,0,0
A-2782158,Source2,CA,2018,1,0.4144534391426463,1,0,0
A-2856820,Source2,CA,2018,0,0.04035162058679585,0,0,0
A-5549536,Source1,TX,2021,0,0.0872374426562627,0,0,0
A-84922,Source2,CA,2016,0,0.12874741529063302,0,0,0
A-5246539,Source1,CA,,0,0.19175043972707986,1,0,1
A-6849831,Source1,CA,2020,0,0.050727375902619956,0,0,0
A-5981575,Source1,CA,2021,0,0.04430707406026341,0,0,0
A-5052340,Source1,CA,2022,0,0.11017931944591017,0,0,0
A-3990497,Source1,CA,,0,0.026512363763814994,0,0,0
A-6634090,Source1,TX,2020,0,0.09697443032612979,0,0,0
A-1383590,Source2,CA,2020,1,0.12098829501141153,0,1,0
A-1229348,Source2,CA,2020,1,0.05912617996420864,0,1,0
A-6245019,Source1,CA,2021,0,0.18939352059737907,1,0,1
A-4649400,Source1,TX,2022,0,0.28843748351466775,1,0,1
A-6331725,Source1,CA,2021,0,0.07292399093566249,0,0,0
A-7497373,Source1,CA,2018,0,0.38531526823520534,1,0,1
A-5273136,Source1,CA,,0,0.07602388670076622,0,0,0
A-2311153,Source2,CA,2019,1,0.11476397441622999,0,1,0
A-1113956,Source2,CA,2021,0,0.05011936667706425,0,0,0
A-902237,Source2,CA,2021,0,0.11031201627708856,0,0,0
A-4284806,Source1,TX,,0,0.027182608237222582,0,0,0
A-485072,Source2,TX,2017,0,0.35732070247058284,1,0,1
A-6939273,Source1,CA,2020,0,0.04279263055087193,0,0,0
A-300323,Source2,TX,2016,0,0.42534141226396366,1,0,1
A-1604795,Source3,CA,2020,1,0.09028774895582263,0,1,0
A-3372628,Source2,CA,2017,1,0.36543115866559656,1,0,0
A-3950735,Source1,CA,2023,0,0.10706127725392216,0,0,0
A-7171555,Source1,CA,2020,0,0.04913984990325411,0,0,0
A-1977890,Source2,TX,2019,0,0.0730225332854472,0,0,0
A-1529206,Source2,CA,2020,0,0.24739031694931518,1,0,1
A-6961900,Source1,CA,2020,0,0.05954179630530974,0,0,0
A-3894917,Source1,CA,2023,0,0.2731861533518293,1,0,1
A-6701514,Source1,CA,2020,0,0.05843501901811343,0,0,0
A-6588548,Source1,CA,2020,0,0.08510593048172183,0,0,0
A-7309590,Source1,CA,2019,0,0.06777190254697166,0,0,0
A-6702698,Source1,TX,2020,0,0.1589730877738192,0,0,0
A-3732534,Source1,TX,2023,0,0.2572479511532407,1,0,1
A-3548170,Source1,CA,2016,0,0.22115831396707647,1,0,1
A-4802618,Source1,CA,2022,0,0.05179554327998166,0,0,0
A-1753294,Source2,TX,2019,1,0.2868450370849932,1,0,0
A-6328147,Source1,CA,2021,0,0.12524735078094468,0,0,0
A-7011640,Source1,CA,2020,0,0.13556622742549307,0,0,0
A-458913,Source2,CA,2017,0,0.3952395564312637,1,0,1
A-398781,Source2,CA,2017,0,0.3924173599134494,1,0,1
A-7750712,Source1,CA,2019,0,0.13513290911121678,0,0,0
A-5072246,Source1,CA,2023,0,0.22784954352626824,1,0,1
A-3817907,Source1,CA,2022,0,0.15252819062674594,0,0,0
A-731745,Source2,TX,2022,1,0.2676839852159463,1,0,0
A-7170131,Source1,CA,2020,0,0.18548840630005017,1,0,1
A-5658834,Source1,TX,2021,0,0.15706968450421158,0,0,0
A-7279074,Source1,CA,2020,0,0.10362968101651818,0,0,0
A-3424190,Source1,CA,2016,1,0.26612565113408443,1,0,0
A-3650277,Source1,CA,,0,0.302749637347453,1,0,1
A-268464,Source2,TX,2017,0,0.22810440482475194,1,0,1
A-2274538,Source2,CA,2019,1,0.36984868077599065,1,0,0
A-4111427,Source1,CA,2022,0,0.05573521940321058,0,0,0
A-319582,Source2,CA,2017,1,0.2791674548645332,1,0,0
A-6991861,Source1,CA,2020,0,0.18108734006659752,1,0,1
A-1695277,Source2,CA,2019,1,0.0972798340272731,0,1,0
A-2541022,Source2,TX,2018,1,0.23650084556913278,1,0,0
A-2188186,Source2,TX,2019,0,0.07263356511572887,0,0,0
A-3822506,Source1,CA,2022,0,0.20638025395815557,1,0,1
A-6447025,Source1,CA,2021,0,0.07801074072388112,0,0,0
A-6340506,Source1,CA,2021,0,0.2785324949996526,1,0,1
A-741583,Source2,CA,2022,0,0.04621077774156247,0,0,0
A-4832917,Source1,CA,2022,0,0.04817836463660534,0,0,0
A-5767267,Source1,CA,2021,0,0.08568852424994104,0,0,0
A-7404384,Source1,CA,2019,0,0.08551985262923673,0,0,0
A-5987512,Source1,CA,2021,0,0.04304708980563239,0,0,0
A-548039,Source2,TX,2022,1,0.12764646233048396,0,1,0
A-488232,Source2,TX,2017,1,0.3973196731694519,1,0,0
A-4911717,Source1,CA,,0,0.09799611915319964,0,0,0
A-4032053,Source1,CA,2022,0,0.11219524736141528,0,0,0
A-1098108,Source2,CA,2021,0,0.041983399982965595,0,0,0
A-5007940,Source1,CA,,0,0.18258800203934408,1,0,1
A-3224182,Source2,TX,2017,0,0.2270960261971367,1,0,1
A-462736,Source2,CA,2017,1,0.3542743542410303,1,0,0
A-2683244,Source2,CA,2018,1,0.22018313555927266,1,0,0
A-6153778,Source1,CA,2021,0,0.07326036468199605,0,0,0
A-3014209,Source2,TX,2018,1,0.3720433824565969,1,0,0
A-2979298,Source2,TX,2018,0,0.38828364026199985,1,0,1
A-1243655,Source2,TX,2020,1,0.10368011560924603,0,1,0
A-106748,Source2,CA,2016,1,0.3963849439979407,1,0,0
A-5544977,Source1,CA,2021,0,0.17055139194370778,0,0,0
A-5017789,Source1,CA,2022,0,0.14980663849496484,0,0,0
A-3886436,Source1,CA,2022,0,0.15965635696721425,0,0,0
A-4133636,Source1,CA,2022,0,0.23350205407293823,1,0,1
A-5175645,Source1,CA,2022,0,0.09502017924014627,0,0,0
A-6597097,Source1,CA,2020,0,0.043382825568773944,0,0,0
A-4069374,Source1,TX,2022,0,0.15881302083960297,0,0,0
A-5122292,Source1,TX,,0,0.07787029106316354,0,0,0
A-7576053,Source1,TX,2018,1,0.4622921871394003,1,0,0
A-6179,Source2,CA,2016,1,0.2845754295760522,1,0,0
A-4846633,Source1,TX,2023,0,0.09243917824085614,0,0,0
A-633040,Source2,CA,2022,0,0.052775665144429405,0,0,0
A-5775365,Source1,TX,,0,0.07246699798324838,0,0,0
A-113799,Source2,CA,2016,1,0.4448184129192949,1,0,0
A-6443873,Source1,CA,2021,0,0.2865308275739653,1,0,1
A-6970214,Source1,CA,2020,0,0.04654957052068685,0,0,0
A-7212129,Source1,CA,2020,0,0.06982267811545431,0,0,0
A-353541,Source2,CA,2017,0,0.4299440718332413,1,0,1
A-7445051,Source1,CA,2019,0,0.2985453385702207,1,0,1
A-3053623,Source2,CA,2018,1,0.1489690598532938,0,1,0
A-2303650,Source2,CA,2019,1,0.37840654821486785,1,0,0
A-2734753,Source2,TX,2018,0,0.4028237407894634,1,0,1
A-4988309,Source1,TX,2022,0,0.04233086919447265,0,0,0
A-7522019,Source1,CA,2018,0,0.21540983852002835,1,0,1
A-1806076,Source3,CA,2019,0,0.18864454583638848,1,0,1
A-2078155,Source2,TX,2019,0,0.029477045217886473,0,0,0
A-6048953,Source1,TX,2021,0,0.11638945504911753,0,0,0
A-5449002,Source1,CA,2022,0,0.1277348178607521,0,0,0
A-2026180,Source2,CA,2019,1,0.20088944653135116,1,0,0
A-4247352,Source1,CA,,0,0.031120380942319715,0,0,0
A-351366,Source2,CA,2017,1,0.3331689723583243,1,0,0
A-7141609,Source1,CA,2020,0,0.03535481296835103,0,0,0
A-6374999,Source1,CA,2021,0,0.23575694039980194,1,0,1
A-2255861,Source2,TX,2019,1,0.34194605195738165,1,0,0
A-4595136,Source1,CA,2022,0,0.05039954405747168,0,0,0
A-7062563,Source1,CA,2020,0,0.11387993669292937,0,0,0
A-7636276,Source1,CA,2018,0,0.3240373467544284,1,0,1
A-7275623,Source1,CA,2020,0,0.2612083430385304,1,0,1
A-2829122,Source2,CA,2018,0,0.33165330127788795,1,0,1
A-3440714,Source1,TX,2016,0,0.3375376890173296,1,0,1
A-6095401,Source1,CA,2021,0,0.1047132687881025,0,0,0
A-1636144,Source2,TX,2020,1,0.05102716787852267,0,1,0
A-5698748,Source1,CA,2021,0,0.11751890967435848,0,0,0
A-7246192,Source1,CA,2020,0,0.05916714390983495,0,0,0
A-564775,Source3,CA,2022,0,0.15382787990853541,0,0,0
A-5095679,Source1,CA,2022,0,0.1192598678726656,0,0,0
A-4968534,Source1,CA,2022,0,0.08679347300506399,0,0,0
A-340762,Source2,CA,2017,0,0.3953286004702564,1,0,1
A-1189108,Source2,TX,2021,0,0.1859728590012036,1,0,1
A-1057145,Source2,CA,2021,0,0.26120215236337163,1,0,1
A-3731207,Source1,CA,2022,0,0.08330952308712705,0,0,0
A-7254440,Source1,CA,2020,0,0.060146784996367275,0,0,0
A-5771047,Source1,CA,2021,0,0.2126496198928482,1,0,1
A-601347,Source2,TX,2022,1,0.27380099350967546,1,0,0
A-7697878,Source1,CA,2017,0,0.318920712730793,1,0,1
A-2823445,Source2,CA,2018,1,0.28394135981051594,1,0,0
A-5044727,Source1,CA,2022,0,0.17051029596169975,0,0,0
A-306770,Source2,TX,2016,0,0.429308658345067,1,0,1
A-5307766,Source1,CA,2022,0,0.08582121723587197,0,0,0
A-7337030,Source1,CA,2019,0,0.12912948104231378,0,0,0
A-3533979,Source1,CA,2016,0,0.3859688869284172,1,0,1
A-294799,Source2,TX,2016,0,0.40762320848403116,1,0,1
A-1616444,Source2,TX,2020,0,0.10386789672832804,0,0,0
A-4787836,Source1,TX,,0,0.08817767032088086,0,0,0
A-5325876,Source1,CA,,0,0.033368935323495066,0,0,0
A-6354438,Source1,CA,2021,0,0.08463367327159634,0,0,0
A-5154666,Source1,TX,,0,0.10105997056669849,0,0,0
A-2136428,Source2,TX,2019,0,0.24724224636116926,1,0,1
A-45328,Source2,CA,2016,0,0.3170089321581757,1,0,1
A-5428254,Source1,CA,,0,0.045258300420319884,0,0,0
A-4759363,Source1,CA,2022,0,0.11613003764583192,0,0,0
A-4808815,Source1,CA,2023,0,0.07285262080235956,0,0,0
A-5953340,Source1,CA,2021,0,0.1448307446377335,0,0,0
A-7265617,Source1,CA,2020,0,0.07705608448835488,0,0,0
A-6121859,Source1,CA,,0,0.02820969072471614,0,0,0
A-5416121,Source1,CA,,0,0.04664073560091454,0,0,0
A-7352880,Source1,CA,2019,0,0.0894940262013609,0,0,0
A-4524384,Source1,CA,,0,0.08261378583654201,0,0,0
A-7185807,Source1,CA,2020,0,0.33248947265158213,1,0,1
A-3800952,Source1,CA,2022,0,0.09408284285515803,0,0,0
A-7652648,Source1,TX,2017,0,0.2642946086998095,1,0,1
A-7607834,Source1,TX,2018,0,0.2567288920732208,1,0,1
A-403514,Source2,CA,2017,0,0.3097855126832776,1,0,1
A-2571990,Source2,TX,2018,0,0.4205804354100919,1,0,1
A-1899591,Source3,CA,2019,1,0.38201680689382067,1,0,0
A-1375644,Source2,CA,2020,0,0.13609360140881538,0,0,0
A-1476434,Source2,CA,2020,0,0.07121257617856788,0,0,0
A-6202186,Source1,CA,2021,0,0.06256119864710534,0,0,0
A-1425856,Source2,CA,2020,1,0.4365333619198036,1,0,0
A-6375275,Source1,CA,2021,0,0.06431062517304902,0,0,0
A-7034550,Source1,CA,2020,0,0.1483535199136897,0,0,0
A-801660,Source2,TX,2021,0,0.12702430850032828,0,0,0
A-7573761,Source1,CA,2018,0,0.3360025723330704,1,0,1
A-7609764,Source1,CA,2018,0,0.437055366019644,1,0,1
A-811638,Source2,CA,2021,1,0.11813225020975522,0,1,0
A-3215939,Source2,CA,2017,0,0.3572842221755571,1,0,1
A-6239795,Source1,TX,2021,0,0.18618923601841736,1,0,1
A-3203673,Source2,CA,2017,1,0.38843171968496404,1,0,0
A-3431431,Source1,TX,2016,0,0.22314323796738478,1,0,1
A-33838,Source2,CA,2016,0,0.40699042784747874,1,0,1
A-1225717,Source2,CA,2020,1,0.2529013997300097,1,0,0
A-1493975,Source2,CA,2020,0,0.07662722146724242,0,0,0
A-5912841,Source1,TX,2021,0,0.027876462666499725,0,0,0
A-5767604,Source1,CA,2021,0,0.08836738410219488,0,0,0
A-6032741,Source1,TX,2021,0,0.17061723390289732,0,0,0
A-385061,Source2,TX,2017,0,0.044253819127863706,0,0,0
A-4360509,Source1,CA,,0,0.04577466846874375,0,0,0
A-2120006,Source2,TX,2019,0,0.19376781074965296,1,0,1
A-5292151,Source1,CA,2021,0,0.06008494500840048,0,0,0
A-3335109,Source2,CA,2017,0,0.16978865113087596,0,0,0
A-1344607,Source2,CA,2020,1,0.09048119414038205,0,1,0
A-7232258,Source1,CA,2020,0,0.22268190128674475,1,0,1
A-6877298,Source1,CA,2020,0,0.050523570113526504,0,0,0
A-5559269,Source1,CA,2021,0,0.06558818092552392,0,0,0
A-5772498,Source1,CA,2021,0,0.19287960398833265,1,0,1
A-2991376,Source2,TX,2018,0,0.25397709563303,1,0,1
A-514819,Source2,CA,2022,0,0.11345308586493164,0,0,0
A-279838,Source2,TX,2016,1,0.3551884747501706,1,0,0
A-1985805,Source2,TX,2019,0,0.058044918279634525,0,0,0
A-1912778,Source2,CA,2019,1,0.13727752973929128,0,1,0
A-5038603,Source1,CA,2023,0,0.05175946006933241,0,0,0
A-7400852,Source1,CA,2019,0,0.10806554560262058,0,0,0
A-2146868,Source2,CA,2019,1,0.048024371052488565,0,1,0
A-2778861,Source2,CA,2018,0,0.20711366077174892,1,0,1
A-2773577,Source2,CA,2018,1,0.28297743892935223,1,0,0
A-6651040,Source1,CA,2020,0,0.2865152042611533,1,0,1
A-2894597,Source2,CA,2018,0,0.13873446426174352,0,0,0
A-5712966,Source1,CA,2021,0,0.3773243719708762,1,0,1
A-6656748,Source1,TX,2020,0,0.09615371191437978,0,0,0
A-1983535,Source2,TX,2019,0,0.0926137084249753,0,0,0
A-6825185,Source1,CA,2020,0,0.13751345755025005,0,0,0
A-287906,Source2,TX,2016,0,0.3385576617246035,1,0,1
A-72865,Source2,CA,2016,0,0.28952565190492424,1,0,1
A-103285,Source2,CA,2016,1,0.3071728534185311,1,0,0
A-6300700,Source1,TX,,0,0.030639160788778763,0,0,0
A-3743923,Source1,TX,2022,0,0.32061396031457445,1,0,1
A-3379169,Source2,CA,2017,0,0.23069088504072083,1,0,1
A-3610886,Source1,CA,2017,0,0.3240704286415942,1,0,1
A-7621018,Source1,TX,2018,0,0.261456131575097,1,0,1
A-4927136,Source1,CA,2022,0,0.11642740692296212,0,0,0
A-6553509,Source1,CA,2021,0,0.13773602822772552,0,0,0
A-5016013,Source1,CA,2022,0,0.038587018793942315,0,0,0
A-7376025,Source1,CA,2019,0,0.033286291890428074,0,0,0
A-4288536,Source1,CA,,0,0.04711793028331306,0,0,0
A-656105,Source2,TX,2022,0,0.2944199419807673,1,0,1
A-6232456,Source1,CA,2021,0,0.21460732803061355,1,0,1
A-7093340,Source1,CA,2020,0,0.05264892573860701,0,0,0
A-670770,Source2,TX,2022,1,0.11734390907771675,0,1,0
A-1581683,Source2,TX,2020,0,0.1314921630869828,0,0,0
A-1692615,Source3,CA,2019,0,0.032131226485645245,0,0,0
A-6406174,Source1,CA,2021,0,0.03711034059269151,0,0,0
A-6747469,Source1,CA,2020,0,0.06024930337363969,0,0,0
A-6987560,Source1,CA,2020,0,0.16975594688501264,0,0,0
A-1604612,Source2,CA,2020,1,0.2878468985194859,1,0,0
A-1682081,Source2,TX,2019,1,0.22544564580034657,1,0,0
A-7058283,Source1,TX,2020,0,0.10175327220943282,0,0,0
A-5202138,Source1,CA,,0,0.04872517902387926,0,0,0
A-351019,Source2,CA,2017,1,0.3681004686866422,1,0,0
A-6884539,Source1,CA,2020,0,0.06679868525328322,0,0,0
A-5435222,Source1,CA,,0,0.02498626137862666,0,0,0
A-6935440,Source1,TX,2020,0,0.4330075611349275,1,0,1
A-3683113,Source1,CA,2023,0,0.32451058228099944,1,0,1
A-3424039,Source1,CA,2016,0,0.29427048054708854,1,0,1
A-5400878,Source1,CA,,0,0.05384542001546142,0,0,0
A-4964989,Source1,CA,2023,0,0.2167490653744876,1,0,1
A-1215060,Source2,CA,2020,0,0.027640245583555406,0,0,0
A-7594285,Source1,CA,2018,0,0.31302859649059467,1,0,1
A-51010,Source2,CA,2016,0,0.20771512608077494,1,0,1
A-7616720,Source1,CA,2018,0,0.2790378047011206,1,0,1
A-7002287,Source1,CA,2020,0,0.09668987504075263,0,0,0
A-5696268,Source1,CA,2021,0,0.06854381126180216,0,0,0
A-6938176,Source1,TX,2020,0,0.04727598958110597,0,0,0
A-6201552,Source1,CA,2021,0,0.23084498923697966,1,0,1
A-6047544,Source1,TX,2021,0,0.18280058568902047,0,0,0
A-7415375,Source1,CA,2019,0,0.1298582903026124,0,0,0
A-5618878,Source1,CA,2021,0,0.08318595040377455,0,0,0
A-393237,Source2,TX,2017,0,0.22331607205150114,1,0,1
A-272771,Source2,TX,2017,0,0.10523049808637779,0,0,0
A-93842,Source2,CA,2016,1,0.2316665041318914,1,0,0
A-5265400,Source1,TX,2022,0,0.167802591672633,0,0,0
A-97973,Source2,CA,2016,0,0.388765335502829,1,0,1
A-3550912,Source1,CA,2016,0,0.4047208525856839,1,0,1
A-2994690,Source2,CA,2018,1,0.3994192416385882,1,0,0
A-3853796,Source1,CA,2022,0,0.09883772460203225,0,0,0
A-2487769,Source2,CA,2018,1,0.15772571102553784,0,1,0
A-99325,Source2,CA,2016,1,0.3752021657079368,1,0,0
A-79798,Source2,CA,2016,0,0.08584371053773034,0,0,0
A-1993885,Source2,CA,2019,0,0.34011497915662753,1,0,1
A-1258465,Source2,CA,2020,0,0.03965770561421331,0,0,0
A-7113363,Source1,CA,2020,0,0.06208784432236798,0,0,0
A-3866198,Source1,CA,2022,0,0.09037187241076959,0,0,0
A-7289656,Source1,CA,2019,0,0.09165548224784,0,0,0
A-3648567,Source1,CA,2017,0,0.3380487660752028,1,0,1
A-850889,Source2,TX,2021,0,0.02786222240727574,0,0,0
A-2063875,Source2,CA,2019,1,0.2224046161198327,1,0,0
A-6130409,Source1,CA,2021,0,0.3305959584506225,1,0,1
A-3814932,Source1,CA,,0,0.039630769244085984,0,0,0
A-331757,Source2,TX,2017,0,0.21914840089635335,1,0,1
A-5879582,Source1,CA,2021,0,0.06317411520043224,0,0,0
A-5467746,Source1,TX,,0,0.026816834408064604,0,0,0
A-1683059,Source3,CA,2019,1,0.0723678674561439,0,1,0
A-7066630,Source1,CA,2020,0,0.1419430380836257,0,0,0
A-337062,Source2,CA,2017,1,0.14877020291442564,0,1,0
A-110821,Source2,CA,2016,0,0.07372263761557478,0,0,0
A-4308299,Source1,CA,,0,0.07029704182887558,0,0,0
A-6279982,Source1,TX,,0,0.22640924492524875,1,0,1
A-4325660,Source1,CA,2022,0,0.10399212142656585,0,0,0
A-7336001,Source1,CA,2019,0,0.20454351124611328,1,0,1
A-614718,Source2,CA,2022,0,0.09515724991764088,0,0,0
A-991921,Source2,CA,2021,0,0.3301609005046234,1,0,1
A-6360577,Source1,TX,2021,0,0.07352264954183772,0,0,0
A-3030783,Source2,TX,2018,0,0.18219850512667418,1,0,1
A-2159847,Source2,TX,2019,0,0.11916432945236954,0,0,0
A-5026403,Source1,CA,2023,0,0.17686451713270596,0,0,0
A-57301,Source2,CA,2016,0,0.4403439179805614,1,0,1
A-94148,Source2,CA,2016,1,0.2740139993599183,1,0,0
A-5631246,Source1,CA,2021,0,0.31584572745135553,1,0,1
A-4320348,Source1,CA,,0,0.05752698870774277,0,0,0
A-1684240,Source2,TX,2019,1,0.03712845345873126,0,1,0
A-6282887,Source1,CA,2021,0,0.18289458040062828,1,0,1
A-4006040,Source1,TX,,0,0.04930334129127741,0,0,0
A-6600294,Source1,CA,2020,0,0.04763673022305825,0,0,0
A-5198676,Source1,TX,,0,0.027670060976780042,0,0,0
A-3079839,Source2,CA,2018,1,0.16935497677926048,0,1,0
A-7233873,Source1,CA,2020,0,0.06962614202547021,0,0,0
A-399775,Source2,CA,2017,1,0.24495010593833239,1,0,0
A-2897137,Source2,CA,2018,1,0.23706715683366664,1,0,0
A-6887961,Source1,TX,2020,0,0.15666278419088164,0,0,0
A-6094170,Source1,CA,2021,0,0.08907867639968245,0,0,0
A-7240060,Source1,CA,2020,0,0.2924810595549029,1,0,1
A-332688,Source2,TX,2017,1,0.30228228756827524,1,0,0
A-5787994,Source1,CA,2021,0,0.12267706655683393,0,0,0
A-270581,Source2,TX,2017,0,0.2365246414201491,1,0,1
A-2480339,Source2,TX,2018,0,0.22101844862493952,1,0,1
A-2035101,Source2,TX,2019,0,0.053783802690820046,0,0,0
A-2668737,Source2,CA,2018,1,0.4176860660368897,1,0,0
A-395009,Source2,TX,2017,0,0.24816517087508122,1,0,1
A-5335299,Source1,CA,2022,0,0.1936056270319532,1,0,1
A-7241669,Source1,CA,2020,0,0.06792408860171849,0,0,0
A-1418550,Source2,CA,2020,0,0.1071207482044064,0,0,0
A-1460544,Source2,CA,2020,0,0.139545863150185,0,0,0
A-1351100,Source2,TX,2020,0,0.05577648053899609,0,0,0
A-284926,Source2,TX,2016,0,0.4074076038257347,1,0,1
A-24797,Source2,CA,2016,1,0.33391598404031664,1,0,0
A-4342407,Source1,TX,2023,0,0.16043874360491445,0,0,0
A-2778918,Source2,CA,2018,0,0.12252856315561607,0,0,0
A-5712856,Source1,TX,2021,0,0.20733377345940068,1,0,1
A-5083637,Source1,CA,,0,0.17387143200154384,1,0,1
A-6583508,Source1,CA,2020,0,0.3085957134726708,1,0,1
A-536235,Source2,TX,2022,0,0.17149924572495717,0,0,0
A-5158384,Source1,CA,2022,0,0.10579218740194538,0,0,0
A-5665863,Source1,CA,2021,0,0.04795841796434103,0,0,0
A-6384385,Source1,CA,2021,0,0.05484288202865928,0,0,0
A-7066148,Source1,TX,2020,0,0.1666418004192413,0,0,0
A-3609623,Source1,CA,2017,0,0.2772551024127743,1,0,1
A-6963929,Source1,TX,2020,0,0.03820034880754079,0,0,0
A-6291013,Source1,CA,2021,0,0.0934747292114753,0,0,0
A-4846665,Source1,CA,2023,0,0.19420521175659916,1,0,1
A-674623,Source2,CA,2022,1,0.28678991537577725,1,0,0
A-6439225,Source1,CA,2021,0,0.07146784281222368,0,0,0
A-6613772,Source1,CA,2020,0,0.053975892168556715,0,0,0
A-828482,Source2,TX,2021,1,0.2367666697316368,1,0,0
A-6429113,Source1,CA,2021,0,0.10675140789770585,0,0,0
A-2874331,Source2,TX,2018,1,0.4070954999044661,1,0,0
A-3028928,Source2,CA,2018,0,0.20081108302848105,1,0,1
A-4532072,Source1,CA,2022,0,0.15578964305338958,0,0,0
A-1382034,Source2,CA,2020,0,0.1207009751928976,0,0,0
A-51593,Source2,CA,2016,0,0.14046671537009817,0,0,0
A-7020998,Source1,CA,2020,0,0.04707759106957958,0,0,0
A-7551584,Source1,CA,2018,0,0.06849528665812596,0,0,0
A-6466900,Source1,TX,2021,0,0.24965033419852034,1,0,1
A-7421773,Source1,CA,2019,0,0.19637113529159783,1,0,1
A-6058219,Source1,CA,2021,0,0.07286448446929958,0,0,0
A-2724631,Source2,CA,2018,1,0.46113585850576044,1,0,0
A-3212412,Source2,CA,2017,0,0.30597630976214096,1,0,1
A-4006860,Source1,CA,,0,0.022498563566646063,0,0,0
A-5122043,Source1,CA,,0,0.10032388830092251,0,0,0
A-4951348,Source1,CA,2022,0,0.24418176303740716,1,0,1
A-769942,Source2,TX,2021,0,0.05095950365398207,0,0,0
A-7299614,Source1,CA,2019,0,0.34234727313400065,1,0,1
A-6198994,Source1,CA,,0,0.030621100206336255,0,0,0
A-4506172,Source1,CA,2022,0,0.09366753665463615,0,0,0
A-7156444,Source1,CA,2020,0,0.17428058194777468,0,0,0
A-1427029,Source2,TX,2020,0,0.08226904060364627,0,0,0
A-1184949,Source2,CA,2021,1,0.05005161711481797,0,1,0
A-3439265,Source1,TX,2016,0,0.38204082316450305,1,0,1
A-7317447,Source1,CA,2019,0,0.05525222436558687,0,0,0
A-2974820,Source3,CA,2018,1,0.32331327979293417,1,0,0
A-2644129,Source2,CA,2018,0,0.30533480635929455,1,0,1
A-6468866,Source1,CA,2021,0,0.17729613903346805,1,0,1
A-7061921,Source1,CA,2020,0,0.1501326126593463,0,0,0
A-3384898,Source2,CA,2017,1,0.418439769243571,1,0,0
A-5066045,Source1,CA,2022,0,0.2517694456618987,1,0,1
A-5166312,Source1,CA,2022,0,0.1885279453266529,1,0,1
A-4075992,Source1,CA,2022,0,0.09798774927209636,0,0,0
A-2706633,Source2,CA,2018,1,0.22288657549136834,1,0,0
A-2899454,Source2,TX,2018,0,0.19653732058347267,1,0,1
A-4783475,Source1,CA,2022,0,0.04477428571512593,0,0,0
A-2585357,Source2,TX,2018,0,0.06091265622463471,0,0,0
A-6038962,Source1,CA,2021,0,0.05004542393412138,0,0,0
A-1590062,Source2,CA,2020,1,0.06213311529358043,0,1,0
A-458285,Source2,CA,2017,1,0.3799003904503453,1,0,0
A-1655477,Source2,TX,2020,0,0.32504751068148263,1,0,1
A-2972348,Source2,CA,2018,1,0.3551688582269519,1,0,0
A-5889604,Source1,CA,2021,0,0.0967387365390625,0,0,0
A-3916489,Source1,CA,2022,0,0.2639923400354433,1,0,1
A-2650874,Source2,TX,2018,1,0.3890422570547313,1,0,0
A-3093896,Source2,CA,2018,0,0.2170591455911209,1,0,1
A-3352253,Source2,TX,2017,1,0.3450116136551994,1,0,0
A-5254183,Source1,CA,,0,0.25177092619684804,1,0,1
A-866142,Source2,TX,2021,0,0.1558730871015005,0,0,0
A-1768705,Source3,CA,2019,1,0.09662735415982493,0,1,0
A-5766750,Source1,CA,2021,0,0.05156133898553903,0,0,0
A-3107868,Source2,TX,2017,1,0.278075727981066,1,0,0
A-4891541,Source1,TX,2022,0,0.1334949367475362,0,0,0
A-42077,Source2,CA,2016,1,0.3621842362228259,1,0,0
A-521089,Source2,TX,2022,1,0.16404697347345243,0,1,0
A-1570567,Source3,CA,2020,0,0.32804813262740623,1,0,1
A-7348771,Source1,CA,2019,0,0.11947534362219289,0,0,0
A-2726718,Source2,CA,2018,0,0.3225333726264602,1,0,1
A-1038375,Source2,CA,2021,0,0.15105076321468341,0,0,0
A-5814362,Source1,CA,2021,0,0.3216924409301774,1,0,1
A-77137,Source2,CA,2016,1,0.31355981509604103,1,0,0
A-56604,Source2,CA,2016,0,0.3215076321329973,1,0,1
A-5013840,Source1,TX,,0,0.041185757061865114,0,0,0
A-4336406,Source1,CA,2023,0,0.28062453916073926,1,0,1
A-6363996,Source1,CA,2021,0,0.0502260102835431,0,0,0
A-3694660,Source1,CA,2023,0,0.2725687247450673,1,0,1
A-6231639,Source1,CA,2021,0,0.15869792085470058,0,0,0
A-7103127,Source1,CA,2020,1,0.2263127515488046,1,0,0
A-6154659,Source1,CA,2021,0,0.13832769061781325,0,0,0
A-6388338,Source1,CA,2021,0,0.0729131054572819,0,0,0
A-6673702,Source1,CA,2020,0,0.09063571154783553,0,0,0
A-3590047,Source1,CA,2017,0,0.27215789765145076,1,0,1
A-2075738,Source2,TX,2019,0,0.09301017661555012,0,0,0
A-5827656,Source1,CA,2021,0,0.07859749025654797,0,0,0
A-90767,Source2,CA,2016,0,0.2652839231564219,1,0,1
A-7183646,Source1,CA,2020,0,0.3185096990538502,1,0,1
A-3844507,Source1,CA,,0,0.02708647031041596,0,0,0
A-2857171,Source2,CA,2018,1,0.26953147483173867,1,0,0
A-7337146,Source1,CA,2019,0,0.14552316708152666,0,0,0
A-3318725,Source2,TX,2017,0,0.12358494766778919,0,0,0
A-3091320,Source2,TX,2018,1,0.35861240152701324,1,0,0
A-3052655,Source2,TX,2018,0,0.27780085868060034,1,0,1
A-5869197,Source1,CA,2021,0,0.035328618237090235,0,0,0
A-2262833,Source2,TX,2019,0,0.1425312500520431,0,0,0
A-7015683,Source1,CA,2020,0,0.126196295921333,0,0,0
A-7257522,Source1,CA,2020,0,0.2910266655659507,1,0,1
A-5113272,Source1,CA,2023,0,0.037277094893325986,0,0,0
A-3528972,Source1,CA,2016,0,0.3254735014013213,1,0,1
A-5470399,Source1,CA,2021,0,0.06972704155752388,0,0,0
A-6854606,Source1,TX,2020,0,0.03261444577715468,0,0,0
A-3890245,Source1,CA,,0,0.060218741216694974,0,0,0
A-787983,Source2,TX,2021,0,0.11642803559845301,0,0,0
A-5430437,Source1,TX,2022,0,0.06159523735329808,0,0,0
A-102707,Source2,CA,2016,0,0.09122713382391148,0,0,0
A-428807,Source2,TX,2017,0,0.2873891642130185,1,0,1
A-6251935,Source1,CA,2021,0,0.03430847546937701,0,0,0
A-5943855,Source1,CA,2021,0,0.21555487522949082,1,0,1
A-101491,Source2,CA,2016,1,0.36448205431730984,1,0,0
A-6515711,Source1,CA,2021,0,0.051135128836498345,0,0,0
A-510460,Source2,TX,2017,0,0.11361596982379259,0,0,0
A-5809402,Source1,CA,2021,0,0.06648694369524835,0,0,0
A-3969912,Source1,CA,2023,0,0.07941166033857291,0,0,0
A-1670234,Source2,CA,2020,0,0.29839382906476475,1,0,1
A-7321913,Source1,CA,2019,0,0.06238496143599037,0,0,0
A-1120640,Source2,TX,2021,1,0.4419515062585228,1,0,0
A-4577948,Source1,CA,,0,0.1937205469057097,1,0,1
A-4181714,Source1,CA,2022,0,0.05458958268288039,0,0,0
A-2327665,Source2,CA,2019,1,0.40693105007344677,1,0,0
A-1756347,Source3,CA,2019,0,0.14128411609468478,0,0,0
A-299969,Source2,TX,2016,0,0.349121014311838,1,0,1
A-22021,Source2,CA,2016,0,0.38993357319743654,1,0,1
A-2591933,Source2,TX,2018,0,0.4228915229435078,1,0,1
A-6663788,Source1,CA,2020,0,0.10215320978127937,0,0,0
A-2794020,Source2,CA,2018,0,0.4165675060835543,1,0,1
A-98623,Source2,CA,2016,1,0.2880055530990465,1,0,0
A-6897984,Source1,CA,2020,0,0.0748347336139766,0,0,0
A-4423642,Source1,CA,,0,0.03419628716656221,0,0,0
A-1909728,Source2,CA,2019,0,0.05224714216029201,0,0,0
A-458589,Source2,CA,2017,0,0.08289413017039682,0,0,0
A-7375080,Source1,CA,2019,0,0.3370142176841392,1,0,1
A-2555090,Source2,CA,2018,1,0.29159056846149645,1,0,0
A-2433835,Source2,TX,2018,0,0.13714283137382582,0,0,0
A-6431279,Source1,TX,,0,0.06711331296259435,0,0,0
A-1873126,Source3,CA,2019,0,0.09352889213263854,0,0,0
A-6887547,Source1,CA,2020,0,0.048155115040165536,0,0,0
A-15538,Source2,CA,2016,1,0.31626183897689697,1,0,0
A-6809702,Source1,CA,2020,0,0.06701650341918994,0,0,0
A-7070392,Source1,CA,2020,0,0.2632131546924214,1,0,1
A-2606209,Source2,TX,2018,1,0.28090975675459495,1,0,0
A-3640203,Source1,TX,2017,1,0.42922727077700673,1,0,0
A-6804971,Source1,TX,2020,0,0.0677317055373721,0,0,0
A-533367,Source2,CA,2022,0,0.2680333597040529,1,0,1
A-2713711,Source2,CA,2018,0,0.06872763556797515,0,0,0
A-4814669,Source1,CA,2022,0,0.27897565838885374,1,0,1
A-4016824,Source1,CA,2022,0,0.17473074440645062,0,0,0
A-510543,Source2,TX,2017,0,0.366865022342559,1,0,1
A-6214222,Source1,CA,2021,0,0.09030962436950261,0,0,0
A-7328924,Source1,CA,2019,0,0.13433463624095784,0,0,0
A-1020046,Source2,CA,2021,1,0.08075145238571556,0,1,0
A-451752,Source2,TX,2017,0,0.239530597025362,1,0,1
A-3349668,Source2,TX,2017,0,0.3717647755472729,1,0,1
A-4068583,Source1,TX,2022,0,0.05534095367987426,0,0,0
A-6510783,Source1,CA,2021,0,0.0918371632991769,0,0,0
A-1687293,Source2,CA,2019,0,0.26234594189453114,1,0,1
A-65519,Source2,CA,2017,1,0.33531024908957624,1,0,0
A-433079,Source2,TX,2017,0,0.09166243631063083,0,0,0
A-4550724,Source1,CA,2022,0,0.2596916666593724,1,0,1
A-5734663,Source1,CA,2021,0,0.0941425852033543,0,0,0
A-5332837,Source1,CA,2022,0,0.1161129940183416,0,0,0
A-5850124,Source1,CA,2021,0,0.07657251916378192,0,0,0
A-2319486,Source2,TX,2019,1,0.40115083645436067,1,0,0
A-5061279,Source1,CA,2022,0,0.05193439013497929,0,0,0
A-80784,Source2,CA,2016,0,0.363283320722938,1,0,1
A-3441265,Source1,TX,2016,1,0.06064528372104857,0,1,0
A-936498,Source2,CA,2021,1,0.3632103770501501,1,0,0
A-1610762,Source2,TX,2020,0,0.06360731038295268,0,0,0
A-908934,Source2,TX,2021,0,0.04119007491625949,0,0,0
A-402632,Source2,CA,2017,1,0.2349390544325553,1,0,0
A-2308571,Source2,CA,2019,0,0.15183650465617554,0,0,0
A-7380966,Source1,CA,2019,0,0.20865687095086044,1,0,1
A-6957579,Source1,CA,2020,0,0.175036430934951,1,0,1
A-3367722,Source2,CA,2017,1,0.2993665922565207,1,0,0
A-7291411,Source1,CA,2019,0,0.07516250193808999,0,0,0
A-6656833,Source1,TX,2020,0,0.11437649182656921,0,0,0
A-6855938,Source1,CA,2020,0,0.145805676341147,0,0,0
A-7213265,Source1,CA,2020,0,0.16478627964727566,0,0,0
A-4197895,Source1,TX,,0,0.06568363230798926,0,0,0
A-5268667,Source1,CA,2022,0,0.3204665850920123,1,0,1
A-6494553,Source1,CA,2021,0,0.04736051289186262,0,0,0
A-1360383,Source2,TX,2020,0,0.03694230826781704,0,0,0
A-345417,Source2,CA,2017,0,0.2741399320164535,1,0,1
A-6767149,Source1,CA,2020,0,0.03255368358394086,0,0,0
A-2295237,Source2,CA,2019,0,0.3031390056952749,1,0,1
A-5634773,Source1,CA,2021,0,0.17153025458795526,0,0,0
A-5561528,Source1,CA,2021,0,0.07153033510413623,0,0,0
A-3638046,Source1,CA,2017,0,0.31778096300223024,1,0,1
A-7498784,Source1,CA,2018,0,0.3183975461219894,1,0,1
A-4270420,Source1,CA,2023,0,0.05247029890463499,0,0,0
A-6013393,Source1,CA,2021,0,0.03440947286122892,0,0,0
A-464484,Source2,CA,2017,1,0.4257432668280261,1,0,0
A-4041066,Source1,CA,2022,0,0.11236379373668248,0,0,0
A-2808430,Source2,CA,2018,0,0.4025579731326771,1,0,1
A-7358485,Source1,CA,2019,0,0.0944640257755466,0,0,0
A-4929365,Source1,CA,,0,0.08618011408650539,0,0,0
A-7751734,Source1,CA,2019,0,0.09060108935500825,0,0,0
A-1028960,Source2,CA,2021,0,0.12415656692034735,0,0,0
A-3727158,Source1,CA,2022,0,0.07832094316771773,0,0,0
A-5062597,Source1,TX,2022,0,0.15123441453435862,0,0,0
A-2146686,Source2,CA,2019,0,0.05677043408882363,0,0,0
A-1194677,Source2,CA,2021,0,0.06499373239590273,0,0,0
A-67390,Source2,CA,2016,1,0.43329821140405284,1,0,0
A-1464934,Source3,CA,2020,0,0.10252221968500677,0,0,0
A-5764767,Source1,CA,2021,0,0.07788523989961488,0,0,0
A-4363269,Source1,CA,2023,0,0.09059339250360246,0,0,0
A-1311195,Source2,CA,2020,0,0.029224668858043625,0,0,0
A-6466914,Source1,TX,2021,0,0.1420872749129502,0,0,0
A-6648974,Source1,CA,2020,0,0.08751202270170784,0,0,0
A-4466874,Source1,CA,2023,0,0.18405441801336042,1,0,1
A-2045540,Source2,TX,2019,0,0.08481509693731179,0,0,0
A-5730289,Source1,TX,2021,1,0.22225764055218217,1,0,0
A-3429292,Source1,TX,2017,0,0.2394741289863936,1,0,1
A-4391792,Source1,CA,,0,0.17905694704965608,1,0,1
A-1707715,Source2,CA,2019,0,0.03285750642774618,0,0,0
A-3424194,Source1,CA,2016,0,0.31981294294571955,1,0,1
A-2592524,Source2,CA,2018,0,0.4226945503941531,1,0,1
A-4143275,Source1,CA,,0,0.03917791588500054,0,0,0
A-4521061,Source1,CA,2023,0,0.25104155047943744,1,0,1
A-3557856,Source1,TX,2017,0,0.31438138663843307,1,0,1
A-1844367,Source2,CA,2019,0,0.06516019544105019,0,0,0
A-5471947,Source1,CA,,0,0.04744895822593363,0,0,0
A-1529815,Source2,CA,2020,1,0.12378711819686465,0,1,0
A-4668391,Source1,CA,2022,0,0.0805848128875984,0,0,0
A-3011639,Source2,TX,2018,1,0.22094112695732857,1,0,0
A-5901224,Source1,CA,2021,0,0.05095974324802449,0,0,0
A-5297673,Source1,CA,,0,0.031914839021281824,0,0,0
A-279596,Source2,TX,2016,0,0.35787078284557494,1,0,1
A-4415371,Source1,CA,2022,0,0.16653094495560156,0,0,0
A-6532544,Source1,CA,2021,0,0.06450483834522472,0,0,0
A-7214869,Source1,CA,2020,0,0.1200601518243295,0,0,0
A-6492411,Source1,CA,2021,0,0.23488052579974875,1,0,1
A-5672017,Source1,TX,2021,0,0.21166221211400446,1,0,1
A-7157132,Source1,CA,2020,0,0.06655158479810784,0,0,0
A-7018148,Source1,CA,2020,1,0.14016005535583292,0,1,0
A-428635,Source2,TX,2017,0,0.12426230459810184,0,0,0
A-2385477,Source2,TX,2018,0,0.2983742137107938,1,0,1
A-3762348,Source1,CA,2022,0,0.15632977536565582,0,0,0
A-5287844,Source1,CA,,0,0.15578964305338958,0,0,0
A-2918958,Source2,CA,2018,1,0.2920098160294481,1,0,0
A-6119721,Source1,CA,2021,0,0.11452935581867965,0,0,0
A-905964,Source2,CA,2021,0,0.32476141511439593,1,0,1
A-2925132,Source2,CA,2018,0,0.38150337348182867,1,0,1
A-7397960,Source1,CA,2019,0,0.2229444389795514,1,0,1
A-7517132,Source1,CA,2018,0,0.1910568109426844,1,0,1
A-7515239,Source1,CA,2018,0,0.3265233486542224,1,0,1
A-5225365,Source1,CA,,0,0.18047874880958575,1,0,1
A-6007139,Source1,CA,2021,0,0.14921120757557538,0,0,0
A-2632302,Source2,CA,2018,0,0.06388432733709663,0,0,0
A-441055,Source2,CA,2017,0,0.381654229602142,1,0,1
A-4656202,Source1,CA,2022,0,0.06390194681085706,0,0,0
A-100941,Source2,CA,2016,1,0.3498635420552689,1,0,0
A-7513499,Source1,TX,2018,1,0.38529020158905924,1,0,0
A-7063888,Source1,CA,2020,0,0.2045083357986158,1,0,1
A-2820319,Source2,CA,2018,1,0.07603038642845109,0,1,0
A-5504214,Source1,CA,,0,0.06628097925191309,0,0,0
A-61597,Source2,CA,2017,0,0.331035112454146,1,0,1
A-5333458,Source1,CA,2022,0,0.09557089236689045,0,0,0
A-3245571,Source2,CA,2017,0,0.41889843652851494,1,0,1
A-5800760,Source1,CA,2021,0,0.044915978977179985,0,0,0
A-5719,Source2,CA,2016,1,0.31096425042041687,1,0,0
A-3535490,Source1,CA,2016,0,0.42871652879425753,1,0,1
A-1577478,Source2,TX,2020,1,0.12132191613513148,0,1,0
A-5413866,Source1,CA,,0,0.1460658237638901,0,0,0
A-400899,Source2,CA,2017,0,0.30485733616068555,1,0,1
A-2166543,Source2,CA,2019,0,0.12817399443482597,0,0,0
A-5195744,Source1,CA,2022,0,0.0319026279777973,0,0,0
A-3425037,Source1,TX,2016,0,0.3131983708415685,1,0,1
A-7101146,Source1,CA,2020,0,0.08212894148933962,0,0,0
A-2532698,Source2,CA,2018,1,0.43538626470315434,1,0,0
A-7551501,Source1,CA,2018,0,0.40791322143810993,1,0,1
A-7137450,Source1,CA,2020,0,0.20488746372237424,1,0,1
A-6768452,Source1,CA,2020,0,0.03531628859127074,0,0,0
A-4951770,Source1,CA,2022,0,0.073640201385381,0,0,0
A-4363524,Source1,TX,2023,0,0.18776547506024255,1,0,1
A-1529738,Source2,CA,2020,0,0.07007355907049004,0,0,0
A-6612785,Source1,TX,2020,0,0.12498942255880954,0,0,0
A-1504498,Source2,CA,2020,0,0.28044470868073074,1,0,1
A-283001,Source2,TX,2016,0,0.07249426889628323,0,0,0
A-5617364,Source1,CA,2021,0,0.11179526930446046,0,0,0
A-6948613,Source1,TX,2020,0,0.08924650293707177,0,0,0
A-6125797,Source1,CA,2021,0,0.06982732124352481,0,0,0
A-388970,Source2,TX,2017,0,0.28191983433049533,1,0,1
A-3164900,Source2,CA,2017,1,0.34278853658751135,1,0,0
A-5274635,Source1,CA,2022,0,0.07047522966257959,0,0,0
A-4479947,Source1,CA,2022,0,0.06840170792928595,0,0,0
A-5421627,Source1,CA,2022,0,0.10528827974527193,0,0,0
A-7119414,Source1,CA,2020,0,0.13329169114708325,0,0,0
A-5934986,Source1,CA,2021,0,0.10041253168564537,0,0,0
A-4457423,Source1,CA,2023,0,0.1849761246605119,1,0,1
A-2003879,Source2,TX,2019,0,0.08325974067917104,0,0,0
A-3313504,Source2,TX,2017,0,0.39991654003441485,1,0,1
A-5344521,Source1,CA,2022,0,0.2311366145451438,1,0,1
A-61694,Source2,CA,2017,0,0.08906890911452571,0,0,0
A-6545672,Source1,CA,2021,0,0.044809893766572115,0,0,0
A-5884989,Source1,CA,,0,0.03947766517499046,0,0,0
A-3958633,Source1,CA,2022,0,0.07521237612509932,0,0,0
A-6547091,Source1,CA,2021,0,0.04912278293801515,0,0,0
A-1965965,Source2,TX,2019,0,0.15744192564168644,0,0,0
A-5675768,Source1,CA,2021,0,0.10398704059135129,0,0,0
A-4662735,Source1,CA,,0,0.028632674099909612,0,0,0
A-685921,Source2,CA,2022,0,0.24018845995785904,1,0,1
A-3882481,Source1,CA,,0,0.05895965230299951,0,0,0
A-6692164,Source1,CA,2020,0,0.04887921422734603,0,0,0
A-1825732,Source2,CA,2019,0,0.06634964507612535,0,0,0
A-741209,Source2,TX,2022,0,0.2630078509481732,1,0,1
A-2401775,Source2,TX,2018,1,0.11894793265631218,0,1,0
A-7478133,Source1,CA,2018,1,0.38547861936771,1,0,0
A-1836648,Source2,TX,2019,1,0.33792861417802794,1,0,0
A-4889807,Source1,TX,2022,0,0.17407519101081897,1,0,1
A-7287210,Source1,CA,2019,0,0.07335199856614642,0,0,0
A-3219057,Source2,CA,2017,0,0.18550075455477436,0,0,0
A-1886570,Source2,TX,2019,0,0.16445594219664073,0,0,0
A-4124528,Source1,CA,2023,0,0.0851028968619616,0,0,0
A-4945363,Source1,CA,,0,0.0398555804523928,0,0,0
A-9651,Source2,CA,2017,0,0.23324050797571153,1,0,1
A-1387937,Source2,CA,2020,1,0.17914270412648137,1,0,0
A-7159877,Source1,CA,2020,0,0.15355758673446257,0,0,0
A-5903303,Source1,CA,2021,0,0.0740552417293103,0,0,0
A-5554969,Source1,CA,2021,0,0.05568901637332231,0,0,0
A-92526,Source2,CA,2016,1,0.41639711021895887,1,0,0
A-3533027,Source1,CA,2016,0,0.3087892576341515,1,0,1
A-883749,Source2,TX,2021,0,0.36794107695181366,1,0,1
A-3417758,Source1,CA,2016,0,0.31160844227493883,1,0,1
A-53585,Source2,CA,2016,0,0.2659214406085379,1,0,1
A-6757024,Source1,CA,2020,0,0.05039688050200558,0,0,0
A-2858390,Source2,CA,2018,0,0.2763567016129901,1,0,1
A-5756256,Source1,TX,,0,0.08616131133410661,0,0,0
A-7013249,Source1,CA,2020,0,0.1174342255650577,0,0,0
A-1227409,Source2,TX,2020,0,0.17073342276121337,0,0,0
A-4784927,Source1,CA,2022,0,0.07166261179925733,0,0,0
A-7192194,Source1,CA,2020,0,0.3264172332566435,1,0,1
A-37293,Source2,CA,2016,0,0.3630960017384127,1,0,1
A-1019980,Source2,CA,2021,1,0.1617928554279156,1,0,0
A-5930443,Source1,CA,2021,1,0.05172636192304807,0,1,0
A-6972779,Source1,CA,2020,0,0.24088534464393857,1,0,1
A-7334723,Source1,CA,2019,0,0.24580615239692652,1,0,1
A-7295289,Source1,CA,2019,0,0.2806496354565398,1,0,1
A-4245615,Source1,CA,,0,0.07591255331308379,0,0,0
A-6039737,Source1,CA,2021,0,0.14267972872186369,0,0,0
A-7305275,Source1,CA,2019,0,0.25326751057629926,1,0,1
A-916762,Source2,CA,2021,0,0.13201869313739303,0,0,0
A-6749460,Source1,CA,2020,0,0.27314708493637496,1,0,1
A-5203977,Source1,CA,2022,0,0.044509942233823305,0,0,0
A-6987926,Source1,CA,2020,0,0.16275668279431754,0,0,0
A-1228728,Source2,TX,2020,0,0.0810836465387799,0,0,0
A-6547197,Source1,CA,2021,0,0.05282963616446601,0,0,0
A-4755912,Source1,CA,2022,0,0.1023835922870513,0,0,0
A-2110289,Source2,CA,2019,1,0.16217517317056784,0,1,0
A-2380697,Source2,TX,2018,1,0.3284789214526861,1,0,0
A-2192370,Source2,CA,2019,1,0.09106418544370562,0,1,0
A-2018475,Source2,TX,2019,0,0.16227840323163098,0,0,0
A-1863018,Source2,CA,2019,0,0.11804689809696307,0,0,0
A-7541095,Source1,CA,2018,1,0.35043468728774047,1,0,0
A-3877766,Source1,CA,2022,0,0.12017428727558613,0,0,0
A-788113,Source2,CA,2021,1,0.02878758850588591,0,1,0
A-4958146,Source1,CA,2022,0,0.1039947736211434,0,0,0
A-1355458,Source2,CA,2020,1,0.12015488767049624,0,1,0
A-3544552,Source1,CA,2016,0,0.40304939487494973,1,0,1
A-4920614,Source1,CA,2022,0,0.2339407467721364,1,0,1
A-4759970,Source1,CA,2022,0,0.25976537391006466,1,0,1
A-2945458,Source2,TX,2018,0,0.13544701076629598,0,0,0
A-2130171,Source2,CA,2019,1,0.19077439178408254,1,0,0
A-4317959,Source1,CA,2022,0,0.30908792202523727,1,0,1
A-3925531,Source1,CA,,0,0.09623523301389074,0,0,0
A-4899830,Source1,TX,,0,0.09937768682015098,0,0,0
A-59232,Source2,CA,2016,0,0.24752282213181315,1,0,1
A-3727632,Source1,TX,2022,0,0.323456844851621,1,0,1
A-33900,Source2,CA,2016,1,0.4927222894454445,1,0,0
A-6448709,Source1,CA,2021,0,0.05126931443071923,0,0,0
A-4410333,Source1,CA,2022,0,0.043877095540053646,0,0,0
A-6774107,Source1,CA,2020,0,0.13699668325893177,0,0,0
A-5953666,Source1,CA,2021,0,0.36559264643136524,1,0,1
A-5761599,Source1,CA,2021,0,0.07806507772115161,0,0,0
A-3677444,Source1,CA,,0,0.06012243685984764,0,0,0
A-4992762,Source1,CA,2022,0,0.17197392998112632,1,0,1
A-1818836,Source2,CA,2019,1,0.23609912861316024,1,0,0
A-1535496,Source3,CA,2020,1,0.09881267835010958,0,1,0
A-6610265,Source1,TX,2020,0,0.26333949042097027,1,0,1
A-6483995,Source1,CA,2021,0,0.037529988793683355,0,0,0
A-6502444,Source1,CA,2021,0,0.09429396032032657,0,0,0
A-5351901,Source1,CA,2022,0,0.11496401088935389,0,0,0
A-4854935,Source1,CA,2022,0,0.06877368848497481,0,0,0
A-6290922,Source1,CA,2021,0,0.3254555121802537,1,0,1
A-5937011,Source1,TX,2021,0,0.05548235694163538,0,0,0
A-1805555,Source2,TX,2019,0,0.14724019725345205,0,0,0
A-458852,Source2,CA,2017,0,0.30511342286163834,1,0,1
A-1610683,Source2,TX,2020,0,0.2617146216308724,1,0,1
A-5931091,Source1,TX,2021,0,0.1387855361161576,0,0,0
A-7115827,Source1,CA,2020,0,0.136630501592086,0,0,0
A-340656,Source2,CA,2017,1,0.1683376126821446,0,1,0
A-2784626,Source2,CA,2018,0,0.07428858186495396,0,0,0
A-6735644,Source1,CA,2020,0,0.3252309498288982,1,0,1
A-901994,Source2,CA,2021,1,0.13216929674275427,0,1,0
A-757116,Source2,TX,2022,0,0.21088522859317865,1,0,1
A-3884819,Source1,CA,,0,0.04704001839996912,0,0,0
A-34859,Source2,CA,2016,1,0.42084014708571205,1,0,0
A-4854274,Source1,CA,2022,0,0.16776682912970137,0,0,0
A-5166230,Source1,CA,2022,0,0.2352900072228985,1,0,1
A-7420069,Source1,CA,2019,0,0.1613797416344936,0,0,0
A-3340064,Source2,TX,2017,1,0.14675129151099325,0,1,0
A-7056756,Source1,CA,2020,0,0.04132124599602631,0,0,0
A-3846637,Source1,CA,2022,0,0.09205834074721245,0,0,0
A-1156314,Source2,CA,2021,1,0.22189215624638506,1,0,0
A-7495125,Source1,CA,2018,0,0.3867369115705006,1,0,1
A-6995147,Source1,CA,2020,0,0.13711093845712885,0,0,0
A-6294091,Source1,CA,2021,0,0.06698670827408594,0,0,0
A-4140672,Source1,TX,2023,0,0.17665250158877902,1,0,1
A-109332,Source2,CA,2016,0,0.35721691708335823,1,0,1
A-885181,Source2,CA,2021,0,0.08154291304149891,0,0,0
A-3160035,Source2,CA,2017,1,0.43240067225152634,1,0,0
A-2653435,Source2,TX,2018,0,0.4000457318134205,1,0,1
A-5299824,Source1,TX,2022,0,0.12792250404794536,0,0,0
A-3568274,Source1,TX,2017,1,0.21712267846603323,1,0,0
A-5570789,Source1,TX,2021,0,0.16133663408957138,0,0,0
A-2166238,Source2,TX,2019,1,0.1948012087010707,1,0,0
A-3341140,Source2,CA,2017,0,0.2759315268399212,1,0,1
A-2059051,Source2,TX,2019,0,0.0602964637033089,0,0,0
A-7039425,Source1,CA,2020,0,0.20376729884349407,1,0,1
A-3300762,Source2,CA,2017,0,0.03737156098056413,0,0,0
A-3306479,Source2,CA,2017,1,0.14249990425568348,0,1,0
A-2486466,Source2,TX,2018,0,0.1730823628082664,0,0,0
A-510938,Source2,TX,2017,1,0.32172765254833524,1,0,0
A-341750,Source2,CA,2017,1,0.25649600817609974,1,0,0
A-4547662,Source1,TX,2022,0,0.10907896937310291,0,0,0
A-97981,Source2,CA,2016,1,0.45486794615658843,1,0,0
A-3588716,Source1,CA,2017,0,0.35579385619260173,1,0,1
A-1689081,Source2,TX,2019,0,0.07570881975051516,0,0,0
A-7216067,Source1,CA,2020,0,0.041561468783925845,0,0,0
A-1253819,Source2,CA,2020,1,0.10030606517472404,0,1,0
A-2906517,Source2,TX,2018,0,0.06288149207164696,0,0,0
A-3440413,Source1,TX,2016,1,0.4076933784059838,1,0,0
A-7416396,Source1,CA,2019,0,0.14022189335318086,0,0,0
A-7068324,Source1,CA,2020,0,0.11307518801695551,0,0,0
A-4246080,Source1,CA,,0,0.16095483871357072,1,0,1
A-4199530,Source1,TX,2022,0,0.22081798317508486,1,0,1
A-5161461,Source1,CA,2022,0,0.09280248309796053,0,0,0
A-3382205,Source2,CA,2017,0,0.15673964508654248,0,0,0
A-5825700,Source1,CA,,0,0.17010756935648627,1,0,1
A-338036,Source2,CA,2017,0,0.19321346112441065,1,0,1
A-4451618,Source1,CA,2022,0,0.18619173980802833,1,0,1
A-281462,Source2,TX,2016,0,0.16355507893956178,0,0,0
A-3743045,Source1,CA,2022,0,0.17180383855432138,0,0,0
A-5728321,Source1,TX,2021,0,0.30695400393574446,1,0,1
A-1034379,Source2,CA,2021,1,0.33344718417351354,1,0,0
A-6381618,Source1,CA,2021,0,0.061742669588111684,0,0,0
A-3749531,Source1,CA,,0,0.04061427778440595,0,0,0
A-1990583,Source2,CA,2019,0,0.3416624801067313,1,0,1
A-4078957,Source1,CA,2022,0,0.09070470338789569,0,0,0
A-457830,Source3,CA,2017,0,0.313860270645038,1,0,1
A-4229809,Source1,CA,2023,0,0.0372414832747378,0,0,0
A-537038,Source2,CA,2022,1,0.11097567613994604,0,1,0
A-1323,Source2,CA,2016,1,0.09948288636301224,0,1,0
A-6382201,Source1,CA,2021,0,0.0615052676453953,0,0,0
A-494564,Source3,CA,2017,1,0.4318723045558059,1,0,0
A-3686138,Source1,TX,2023,0,0.16673131569171964,0,0,0
A-6155577,Source1,CA,2021,0,0.3633440400514515,1,0,1
A-6536006,Source1,CA,2021,0,0.07715404681109854,0,0,0
A-2303026,Source2,CA,2019,0,0.13299154298425414,0,0,0
A-106890,Source2,CA,2016,0,0.4860103667542952,1,0,1
A-2559291,Source2,CA,2018,1,0.17715926521820596,0,1,0
A-6961298,Source1,CA,2020,0,0.05269432647959339,0,0,0
A-679075,Source2,CA,2022,1,0.08574077509797959,0,1,0
A-3611553,Source1,TX,2017,1,0.3881664923486164,1,0,0
A-3835049,Source1,TX,2022,0,0.09143025250269754,0,0,0
A-7123271,Source1,TX,2020,1,0.2476644926086295,1,0,0
A-4684038,Source1,CA,2022,0,0.07439855429067097,0,0,0
A-3313190,Source2,CA,2017,1,0.4601025136994747,1,0,0
A-2811225,Source2,CA,2018,0,0.3704104862581411,1,0,1
A-2972370,Source2,CA,2018,1,0.17091266517326742,0,1,0
A-6915679,Source1,CA,2020,0,0.06144622380708329,0,0,0
A-4584498,Source1,CA,,0,0.13660794247875052,0,0,0
A-1227137,Source2,TX,2020,1,0.061552658124525275,0,1,0
A-6369116,Source1,CA,2021,0,0.13860699466235507,0,0,0
A-2495772,Source2,TX,2018,0,0.3418362026750884,1,0,1
A-2481118,Source2,CA,2018,0,0.052590543712020564,0,0,0
A-1243818,Source2,TX,2020,0,0.3157007007212226,1,0,1
A-5749622,Source1,CA,2021,0,0.09884040431738253,0,0,0
A-5009,Source2,CA,2016,1,0.20926459042192808,1,0,0
A-2082183,Source2,TX,2019,0,0.06670746788953896,0,0,0
A-718036,Source2,CA,2022,0,0.06190409741208584,0,0,0
A-623450,Source2,CA,2022,0,0.2563789778273303,1,0,1
A-6599190,Source1,CA,2020,0,0.1728956277810753,0,0,0
A-64062,Source2,CA,2017,0,0.12273734036044906,0,0,0
A-6061572,Source1,CA,2021,0,0.12204640660517345,0,0,0
A-348979,Source2,CA,2017,1,0.35187427812044614,1,0,0
A-7274493,Source1,CA,2020,0,0.2728539889611644,1,0,1
A-5765099,Source1,CA,2021,0,0.09772712838829208,0,0,0
A-4312384,Source1,CA,2022,0,0.038351822001485215,0,0,0
A-84897,Source2,CA,2016,0,0.384839041841643,1,0,1
A-6977450,Source1,TX,2020,0,0.05430882450528139,0,0,0
A-7106834,Source1,CA,2020,0,0.15128437727552937,0,0,0
A-3684987,Source1,CA,2023,0,0.13649356888211606,0,0,0
A-4643967,Source1,CA,2022,0,0.2320163324162272,1,0,1
A-52346,Source2,CA,2016,0,0.193357161805699,1,0,1
A-5233957,Source1,CA,,0,0.04042178036523442,0,0,0
A-1344747,Source2,CA,2020,0,0.12416469508607934,0,0,0
A-6367115,Source1,CA,,0,0.13787696358180554,0,0,0
A-518017,Source2,TX,2022,0,0.22916205225486616,1,0,1
A-7573532,Source1,TX,2018,0,0.05295055493282221,0,0,0
A-5094050,Source1,TX,,0,0.07280489020088468,0,0,0
A-5914548,Source1,CA,2021,0,0.05999265153441326,0,0,0
A-2957666,Source2,TX,2018,0,0.278483081860628,1,0,1
A-1007281,Source2,CA,2021,0,0.11853507679030324,0,0,0
A-274819,Source2,TX,2016,0,0.1540969710025451,1,0,1
A-2989309,Source2,CA,2018,1,0.31292899248680744,1,0,0
A-4120111,Source1,CA,,0,0.18690884554668133,1,0,1
A-2618361,Source2,CA,2018,0,0.4150607482374447,1,0,1
A-3549729,Source1,CA,2016,0,0.33386906931785143,1,0,1
A-280797,Source2,TX,2016,0,0.34387012021064606,1,0,1
A-4320660,Source1,CA,,0,0.024694527576319437,0,0,0
A-92338,Source2,CA,2016,0,0.16011502405138245,0,0,0
A-6392917,Source1,TX,2021,0,0.08072214026288826,0,0,0
A-5805554,Source1,CA,2021,0,0.16035568252229213,0,0,0
A-2281440,Source2,CA,2019,0,0.22933406096514627,1,0,1
A-2636846,Source2,TX,2018,0,0.09663913282196687,0,0,0
A-1284365,Source2,CA,2020,0,0.06376328178624731,0,0,0
A-4403294,Source1,CA,,0,0.02452756824200573,0,0,0
A-1808770,Source2,CA,2019,1,0.05216990396855612,0,1,0
A-5299762,Source1,CA,2022,0,0.08292223876122364,0,0,0
A-268754,Source2,TX,2017,0,0.2239673804517391,1,0,1
A-5711617,Source1,CA,2021,0,0.11683257227147932,0,0,0
A-3926798,Source1,CA,,0,0.039727291708886024,0,0,0
A-7117827,Source1,CA,2020,0,0.030388694064088236,0,0,0
A-3548264,Source1,CA,2016,1,0.3370165114712168,1,0,0
A-320286,Source2,CA,2017,0,0.34203287164580254,1,0,1
A-2176071,Source2,CA,2019,1,0.23282193664595052,1,0,0
A-4122690,Source1,CA,2023,0,0.04012157894829452,0,0,0
A-2974277,Source2,TX,2018,0,0.055370783315265626,0,0,0
A-3773074,Source1,TX,2022,0,0.12674340535371997,0,0,0
A-7018386,Source1,CA,2020,0,0.054425392255744234,0,0,0
A-5740702,Source1,CA,2021,0,0.10000887343427571,0,0,0
A-2972347,Source2,CA,2018,1,0.3730600914849441,1,0,0
A-7317468,Source1,CA,2019,0,0.06262107781672141,0,0,0
A-7591712,Source1,TX,2018,0,0.3482738898746069,1,0,1
A-1442033,Source2,CA,2020,0,0.04274299287399132,0,0,0
A-4428759,Source1,CA,2022,0,0.12160718971940958,0,0,0
A-9270,Source2,CA,2017,0,0.23583480982022492,1,0,1
A-6520820,Source1,TX,2021,0,0.20076156430123268,1,0,1
A-4206261,Source1,CA,,0,0.05626689858514844,0,0,0
A-2741690,Source2,CA,2018,0,0.2760817893325946,1,0,1
A-2251202,Source2,CA,2019,0,0.27965870981778995,1,0,1
A-4650384,Source1,CA,2022,0,0.03044517523032334,0,0,0
A-7717195,Source1,CA,2019,0,0.19516035361503856,1,0,1
A-6691961,Source1,CA,2020,0,0.2945355861738623,1,0,1
A-112333,Source2,CA,2016,1,0.31750450014784615,1,0,0
A-3650,Source2,CA,2016,1,0.33390949282234417,1,0,0
A-6227830,Source1,CA,2021,0,0.19060963041944237,0,0,0
A-5465963,Source1,CA,2021,0,0.1947792588163086,1,0,1
A-23722,Source2,CA,2016,1,0.43513868189084076,1,0,0
A-7702471,Source1,TX,2017,0,0.21785977402898665,1,0,1
A-7558819,Source1,CA,2018,0,0.2807242255156341,1,0,1
A-4055779,Source1,CA,2022,0,0.2653322198943707,1,0,1
A-4876044,Source1,CA,2022,0,0.06716751267626925,0,0,0
A-2675865,Source2,TX,2018,0,0.06371935815512556,0,0,0
A-3524048,Source1,CA,2016,0,0.28753023034805547,1,0,1
A-3612375,Source1,TX,2017,0,0.1858167798101668,1,0,1
A-666512,Source2,TX,2022,1,0.10483964690672157,0,1,0
A-2099267,Source2,TX,2019,0,0.02704200194930701,0,0,0
A-42847,Source2,CA,2016,1,0.30654003671449076,1,0,0
A-4621392,Source1,TX,2022,0,0.2160891730561832,1,0,1
A-586173,Source2,TX,2022,0,0.0741092135151832,0,0,0
A-2685598,Source2,CA,2018,0,0.41028966348716656,1,0,1
A-7589055,Source1,CA,2018,1,0.28514673911307126,1,0,0
A-271136,Source2,TX,2017,0,0.08472341017949606,0,0,0
A-1015630,Source2,CA,2021,0,0.1707701788995125,0,0,0
A-1548532,Source2,TX,2020,1,0.11555513674906344,0,1,0
A-4488183,Source1,CA,,0,0.022223761146916314,0,0,0
A-6104389,Source1,CA,2021,0,0.07354502005094783,0,0,0
A-2775990,Source2,CA,2018,1,0.3489612061896251,1,0,0
A-1663235,Source2,CA,2020,0,0.1282086563398269,0,0,0
A-75563,Source2,CA,2016,1,0.31956384592782416,1,0,0
A-3273929,Source2,CA,2017,1,0.449981102933742,1,0,0
A-5952898,Source1,CA,2021,0,0.14213986802566714,0,0,0
A-4747361,Source1,TX,2022,0,0.07871942261143836,0,0,0
A-6482277,Source1,CA,2021,0,0.038457139702109344,0,0,0
A-2323232,Source2,CA,2019,0,0.3312966995779039,1,0,1
A-6422035,Source1,CA,2021,0,0.2537529520042098,1,0,1
A-7384912,Source1,CA,2019,0,0.08157093811339866,0,0,0
A-2480154,Source2,TX,2018,0,0.18696238925370412,1,0,1
A-459635,Source2,CA,2017,1,0.4270619704116666,1,0,0
A-6897451,Source1,CA,2020,0,0.06375407656797642,0,0,0
A-55623,Source2,CA,2016,1,0.4192930184261357,1,0,0
A-2623631,Source2,CA,2018,1,0.31316580825791407,1,0,0
A-27042,Source2,CA,2016,0,0.3412526065139141,1,0,1
A-5154879,Source1,CA,,0,0.028704742956346833,0,0,0
A-2584921,Source2,TX,2018,0,0.3970543282383248,1,0,1
A-5180969,Source1,CA,,0,0.15626078069318755,1,0,1
A-1526378,Source2,CA,2020,1,0.08271493971725156,0,1,0
A-5141129,Source1,CA,,0,0.024342317598476444,0,0,0
A-5716243,Source1,CA,,0,0.04218099281429129,0,0,0
A-4031722,Source1,TX,2022,0,0.3283232988228991,1,0,1
A-1178874,Source2,CA,2021,0,0.07358719447077225,0,0,0
A-3980397,Source1,CA,2022,0,0.30267484457996324,1,0,1
A-5932434,Source1,CA,2021,0,0.17974263051673628,1,0,1
A-7041948,Source1,CA,2020,0,0.22319272799496762,1,0,1
A-1860304,Source2,CA,2019,0,0.11606309790299263,0,0,0
A-3192671,Source2,CA,2017,1,0.22493666800710463,1,0,0
A-1741945,Source2,CA,2019,0,0.10097159514959744,0,0,0
A-26510,Source2,CA,2016,0,0.17194695320928552,0,0,0
A-3082361,Source2,CA,2018,0,0.28242716054055544,1,0,1
A-2597584,Source2,CA,2018,0,0.18129138818455473,1,0,1
A-7406330,Source1,CA,2019,0,0.15127679022259072,0,0,0
A-5247332,Source1,CA,,0,0.033260981957768686,0,0,0
A-6458787,Source1,CA,2021,0,0.05348272328530208,0,0,0
A-345543,Source2,CA,2017,0,0.35240055678819965,1,0,1
A-5475160,Source1,CA,2021,0,0.10760094654144854,0,0,0
A-11062,Source2,CA,2017,0,0.31045154251376966,1,0,1
A-7220687,Source1,CA,2020,0,0.3344374455712183,1,0,1
A-1667558,Source2,TX,2020,0,0.08586961093929642,0,0,0
A-7632386,Source1,CA,2018,0,0.3170523424712253,1,0,1
A-6527856,Source1,CA,2021,0,0.04232963989171733,0,0,0
A-6966415,Source1,TX,2020,0,0.2149005145264249,1,0,1
A-3624097,Source1,TX,2017,1,0.21654544892361724,1,0,0
A-5013219,Source1,CA,,0,0.08148966211528152,0,0,0
A-7220884,Source1,CA,2020,0,0.03855152726081691,0,0,0
A-6031507,Source1,CA,2021,0,0.2261166122913755,1,0,1
A-3710129,Source1,CA,2022,0,0.06300751831030134,0,0,0
A-1335365,Source2,CA,2020,0,0.07245300794825674,0,0,0
A-3299800,Source3,TX,2017,1,0.21571201917669747,1,0,0
A-5451588,Source1,CA,2022,0,0.2638454053468683,1,0,1
A-5604559,Source1,TX,2021,0,0.10123049385690645,0,0,0
A-2530963,Source2,TX,2018,1,0.3952282297761399,1,0,0
A-4870768,Source1,TX,2022,0,0.3037413816603794,1,0,1
A-685198,Source3,CA,2022,0,0.036351832668045564,0,0,0
A-7225486,Source1,CA,2020,0,0.16811391498108672,1,0,1
A-899440,Source2,TX,2021,0,0.23907402805151262,1,0,1
A-316540,Source2,CA,2017,1,0.33508973803698805,1,0,0
A-1941779,Source3,CA,2019,0,0.09761482080645068,0,0,0
A-86111,Source2,CA,2016,1,0.47051389990681436,1,0,0
A-6719690,Source1,CA,2020,0,0.046924984902042007,0,0,0
A-61625,Source2,CA,2017,0,0.1780827590439848,0,0,0
A-3402397,Source2,TX,2017,0,0.05707113572020378,0,0,0
A-5602337,Source1,TX,2021,0,0.24665653135623775,1,0,1
A-2381178,Source2,TX,2018,0,0.14913846125096716,0,0,0
A-1692459,Source2,CA,2019,0,0.06005278798767825,0,0,0
A-274351,Source2,TX,2016,0,0.25844257666417036,1,0,1
A-7677134,Source1,TX,2017,0,0.3083383758526198,1,0,1
A-7417075,Source1,CA,2019,0,0.13764797822758545,0,0,0
A-6064814,Source1,CA,,0,0.06566082236630877,0,0,0
A-2275157,Source2,CA,2019,1,0.3486307479755305,1,0,0
A-992036,Source2,CA,2021,1,0.09116709076985184,0,1,0
A-2404523,Source2,TX,2018,0,0.04508663937437307,0,0,0
A-2340724,Source2,TX,2019,0,0.27560285456595524,1,0,1
A-3705937,Source1,CA,2022,0,0.0926385716606182,0,0,0
A-1123756,Source2,CA,2021,0,0.18728441154303116,1,0,1
A-4971331,Source1,CA,2022,0,0.06804677974982226,0,0,0
A-2689051,Source2,CA,2018,1,0.37995586404329057,1,0,0
A-3880750,Source1,CA,2023,0,0.23591092318487172,1,0,1
A-384961,Source2,TX,2017,0,0.1479091570616618,0,0,0
A-4676538,Source1,CA,2022,0,0.06905274337213113,0,0,0
A-1865397,Source3,CA,2019,0,0.16688460638295696,1,0,1
A-3735862,Source1,CA,,0,0.068947099887757,0,0,0
A-7365952,Source1,CA,2019,0,0.08174591316931899,0,0,0
A-4900424,Source1,CA,,0,0.03304692306185848,0,0,0
A-5590916,Source1,CA,2021,0,0.0913994979428143,0,0,0
A-1582267,Source3,CA,2020,0,0.03595880897744204,0,0,0
A-108075,Source2,CA,2016,1,0.3371772412543671,1,0,0
A-2528485,Source2,CA,2018,0,0.17359436941159156,1,0,1
A-6020542,Source1,TX,2021,0,0.21324939084289732,1,0,1
A-4386095,Source1,CA,2022,0,0.11960130178803481,0,0,0
A-5801054,Source1,CA,2021,0,0.12064527778031156,0,0,0
A-670043,Source2,TX,2022,0,0.0641000330077394,0,0,0
A-6566853,Source1,CA,2021,0,0.03840336124416234,0,0,0
A-3433679,Source1,TX,2016,1,0.19290870083814954,1,0,0
A-385549,Source2,TX,2017,0,0.14409837359794508,0,0,0
A-2667042,Source2,TX,2018,0,0.15391034391047936,0,0,0
A-7315104,Source1,CA,2019,0,0.1396794160339984,0,0,0
A-6267229,Source1,CA,2021,0,0.2583089858419141,1,0,1
A-1729882,Source2,TX,2019,1,0.03711962364719047,0,1,0
A-7346314,Source1,CA,2019,0,0.14878806654067736,0,0,0
A-4806746,Source1,CA,2023,0,0.052531952991291986,0,0,0
A-4689686,Source1,TX,2023,0,0.35364625196851157,1,0,1
A-5688053,Source1,CA,2021,0,0.046450360721714684,0,0,0
A-2932843,Source2,CA,2018,0,0.39439751807521145,1,0,1
A-536044,Source2,CA,2022,0,0.12749674067593714,0,0,0
A-1216190,Source2,TX,2020,0,0.15285775267571583,0,0,0
A-3315263,Source2,TX,2017,1,0.38009617003096813,1,0,0
A-4618319,Source1,CA,2022,0,0.04798496798343783,0,0,0
A-1501657,Source2,CA,2020,0,0.11536486907587355,0,0,0
A-7169883,Source1,CA,2020,0,0.23956777125839426,1,0,1
A-2018506,Source2,TX,2019,0,0.24179400304658713,1,0,1
A-7272551,Source1,CA,2020,0,0.04668689941480213,0,0,0
A-83881,Source2,CA,2016,1,0.4005561995826226,1,0,0
A-6034157,Source1,CA,2021,0,0.13720623998965453,0,0,0
A-2069615,Source2,TX,2019,0,0.3759663898597606,1,0,1
A-5406909,Source1,CA,,0,0.05456753015879774,0,0,0
A-1964755,Source2,TX,2019,0,0.044052299628343346,0,0,0
A-6395859,Source1,CA,2021,0,0.23884907239594674,1,0,1
A-3670204,Source1,CA,,0,0.23350679204137675,1,0,1
A-4194649,Source1,CA,2022,0,0.07515282714934578,0,0,0
A-3877964,Source1,CA,2023,0,0.10127138621115479,0,0,0
A-75730,Source2,CA,2016,1,0.19965138359767806,1,0,0
A-3654425,Source1,CA,,0,0.04148037711988466,0,0,0
A-1036453,Source2,CA,2021,0,0.058652164179152325,0,0,0
A-4926397,Source1,CA,2022,0,0.0413326672929895,0,0,0
A-839648,Source2,CA,2021,0,0.07414079737300923,0,0,0
A-5931552,Source1,CA,2021,0,0.05394888016244638,0,0,0
A-337751,Source2,CA,2017,0,0.34846163920619183,1,0,1
A-78711,Source2,CA,2016,0,0.12402247681010714,0,0,0
A-3192372,Source2,TX,2017,0,0.0768285510381977,0,0,0
A-5473248,Source1,CA,,0,0.059976467634095455,0,0,0
A-85620,Source2,CA,2016,0,0.2753105904259092,1,0,1
A-4368732,Source1,CA,,0,0.0827173203942459,0,0,0
A-3071347,Source2,CA,2018,1,0.14586424884706695,0,1,0
A-269662,Source2,TX,2017,0,0.33558622368026697,1,0,1
A-1912143,Source2,CA,2019,0,0.05098762458034656,0,0,0
A-6321851,Source1,TX,2021,0,0.068434711874888,0,0,0
A-1964517,Source2,TX,2019,0,0.21119089046296774,1,0,1
A-4950937,Source1,CA,2022,0,0.30233942946553477,1,0,1
A-2153228,Source2,CA,2019,0,0.3735089742675948,1,0,1
A-5943162,Source1,TX,2021,0,0.1708662087285838,0,0,0
A-1366836,Source2,CA,2020,0,0.16966657146773204,0,0,0
A-269534,Source2,TX,2017,0,0.39049903887992465,1,0,1
A-4874270,Source1,TX,,0,0.07633494889662504,0,0,0
A-48721,Source2,CA,2016,1,0.3378213886031132,1,0,0
A-7438921,Source1,CA,2019,0,0.3070137881082684,1,0,1
A-1417183,Source2,CA,2020,1,0.15956424734571423,0,1,0
A-97391,Source2,CA,2016,0,0.40353116334963063,1,0,1
A-2280691,Source2,TX,2019,0,0.06373281178253795,0,0,0
A-5998040,Source1,TX,2021,0,0.056692815575425604,0,0,0
A-1224070,Source2,CA,2020,1,0.04323267217251955,0,1,0
A-6790325,Source1,CA,2020,0,0.051055830830948244,0,0,0
A-3098456,Source2,TX,2017,0,0.34956439211784945,1,0,1
A-1440320,Source2,CA,2020,1,0.16683383969542662,0,1,0
A-5316808,Source1,TX,2022,0,0.23468159407155578,1,0,1
A-3319112,Source2,CA,2017,0,0.09660082234933992,0,0,0
A-1007329,Source2,CA,2021,1,0.31797220420740907,1,0,0
A-6862445,Source1,CA,2020,0,0.29079115454853627,1,0,1
A-5796042,Source1,TX,2021,0,0.09183193566274414,0,0,0
A-1473649,Source2,CA,2020,0,0.17227181127329874,0,0,0
A-4632875,Source1,TX,2022,0,0.2909173876085018,1,0,1
A-3936895,Source1,CA,2022,0,0.08281480369531169,0,0,0
A-7435372,Source1,CA,2019,1,0.41211425025620957,1,0,0
A-1188912,Source2,TX,2021,0,0.10381592096242384,0,0,0
A-2110107,Source2,TX,2019,1,0.2332654080332413,1,0,0
A-1441934,Source2,CA,2020,0,0.1574397863644496,0,0,0
A-58882,Source2,CA,2016,1,0.220798303414034,1,0,0
A-2434742,Source2,CA,2018,0,0.26250353356732814,1,0,1
A-5581172,Source1,CA,2021,0,0.06361504861086535,0,0,0
A-5543316,Source1,CA,2021,0,0.1236754179693218,0,0,0
A-58333,Source2,CA,2016,0,0.23301751047197872,1,0,1
A-7464468,Source1,CA,2019,0,0.4014612133845249,1,0,1
A-1640532,Source3,CA,2020,0,0.22076552915029363,1,0,1
A-4854924,Source1,TX,2023,0,0.17034262614358883,1,0,1
A-4199799,Source1,CA,2022,0,0.093827988060359,0,0,0
A-4719537,Source1,TX,,0,0.048027750605816974,0,0,0
A-4151938,Source1,CA,,0,0.027291812669510092,0,0,0
A-39785,Source2,CA,2016,0,0.0606533276865185,0,0,0
A-1572014,Source2,TX,2020,1,0.1643576875232052,0,1,0
A-4704431,Source1,CA,,0,0.03927593625209554,0,0,0
A-1940885,Source2,TX,2019,0,0.08252612744774615,0,0,0
A-1587341,Source2,CA,2020,1,0.04838502422889024,0,1,0
A-6786500,Source1,TX,,0,0.024304325395989573,0,0,0
A-7019589,Source1,CA,2020,0,0.04541111889238021,0,0,0
A-278036,Source2,TX,2016,0,0.101649401265964,0,0,0
A-2540736,Source2,TX,2018,0,0.3618849719673729,1,0,1
A-1351590,Source2,CA,2020,0,0.03107277518745946,0,0,0
A-2003107,Source2,TX,2019,1,0.14463502343155316,0,1,0
A-7237281,Source1,CA,2020,0,0.07987796464287182,0,0,0
A-1924283,Source2,CA,2019,0,0.151319922126473,0,0,0
A-7606194,Source1,CA,2018,0,0.214313582758377,1,0,1
A-1390793,Source2,CA,2020,0,0.2871213291316549,1,0,1
A-3322174,Source2,CA,2017,0,0.2417084262791854,1,0,1
A-2037993,Source2,CA,2019,0,0.16016623109434597,0,0,0
A-6128600,Source1,CA,2021,0,0.10891993393435709,0,0,0
A-5060658,Source1,TX,2022,0,0.0604989323446745,0,0,0
A-2367601,Source2,TX,2019,0,0.20681667766281295,1,0,1
A-2749054,Source2,CA,2018,1,0.4096401436424911,1,0,0
A-1451692,Source2,CA,2020,0,0.09687374832218995,0,0,0
A-2639429,Source2,TX,2018,0,0.3394773451427858,1,0,1
A-5739147,Source1,CA,,0,0.08865035380786641,0,0,0
A-6044522,Source1,CA,2021,0,0.089007395374934,0,0,0
A-3840046,Source1,CA,2022,0,0.05401121595616824,0,0,0
A-404069,Source2,CA,2017,0,0.19915054680479566,1,0,1
A-3246171,Source2,CA,2017,1,0.38488920748840505,1,0,0
A-7056442,Source1,CA,2020,0,0.13305742214717994,0,0,0
A-2626807,Source2,CA,2018,1,0.5205280859005944,1,0,0
A-59589,Source2,CA,2016,1,0.35543086384552147,1,0,0
A-493156,Source2,CA,2017,0,0.40575010443581155,1,0,1
A-7694813,Source1,CA,2017,0,0.34043756675066283,1,0,1
A-5718188,Source1,CA,2021,0,0.09462799346663274,0,0,0
A-2311325,Source2,CA,2019,1,0.33688291648602525,1,0,0
A-3343607,Source2,TX,2017,0,0.07205120090592852,0,0,0
A-967591,Source3,CA,2021,0,0.04847909202085036,0,0,0
A-4538545,Source1,TX,,0,0.06850787302378017,0,0,0
A-3202318,Source2,CA,2017,1,0.38446717557961124,1,0,0
A-6594261,Source1,CA,,0,0.026665276641173456,0,0,0
A-4984180,Source1,TX,,0,0.13012947122000182,0,0,0
A-539398,Source2,CA,2022,1,0.2709049858297989,1,0,0
A-48587,Source2,CA,2016,1,0.39705535201641295,1,0,0
A-114138,Source2,CA,2016,1,0.36719091067636356,1,0,0
A-4440378,Source1,CA,2022,0,0.11010932215150133,0,0,0
A-5319061,Source1,CA,2022,0,0.06958883732947195,0,0,0
A-3111059,Source2,TX,2017,0,0.24835430205031392,1,0,1
A-7356210,Source1,CA,2019,0,0.09346172629573227,0,0,0
A-3236665,Source2,TX,2017,0,0.42853569985460743,1,0,1
A-4571341,Source1,CA,2022,0,0.1687524561898442,0,0,0
A-4952810,Source1,CA,2023,0,0.3369248853070714,1,0,1
A-5487668,Source1,CA,,0,0.05592931145205994,0,0,0
A-5594193,Source1,TX,2021,0,0.09578876452545046,0,0,0
A-283956,Source2,TX,2016,0,0.35656321637587246,1,0,1
A-2713568,Source2,CA,2018,0,0.23966157091742774,1,0,1
A-5787678,Source1,CA,2021,0,0.08415151935274455,0,0,0
A-5333898,Source1,CA,2022,0,0.06911298901065284,0,0,0
A-4640088,Source1,CA,,0,0.08366348719535485,0,0,0
A-1828801,Source2,CA,2019,0,0.11019528853166509,0,0,0
A-2834156,Source2,CA,2018,1,0.3152377966751597,1,0,0
A-5862757,Source1,CA,2021,0,0.21094034656631472,1,0,1
A-727595,Source2,CA,2022,0,0.06376352866337198,0,0,0
A-1547472,Source2,CA,2020,0,0.1486553975299516,0,0,0
A-6393558,Source1,CA,2021,0,0.06721106159423099,0,0,0
A-5503775,Source1,CA,,0,0.04113741206914522,0,0,0
A-7107127,Source1,CA,2020,0,0.15902858084475135,0,0,0
A-430662,Source2,TX,2017,1,0.35412279942577485,1,0,0
A-2632144,Source2,CA,2018,0,0.38095713448985696,1,0,1
A-3778419,Source1,CA,2022,0,0.04172043598222282,0,0,0
A-795659,Source2,TX,2021,0,0.14709850240780856,0,0,0
A-5770484,Source1,CA,2021,0,0.1982691746808146,1,0,1
A-2769089,Source2,CA,2018,1,0.1387021122439581,0,1,0
A-6744707,Source1,CA,2020,0,0.07588864352658935,0,0,0
A-25782,Source2,CA,2016,0,0.3562564757682048,1,0,1
A-401934,Source2,CA,2017,0,0.2846838184759011,1,0,1
A-3037825,Source2,TX,2018,0,0.3372915981771483,1,0,1
A-2278420,Source2,CA,2019,1,0.22487776387567507,1,0,0
A-6502406,Source1,CA,2021,0,0.08998012292281046,0,0,0
A-5946636,Source1,CA,2021,0,0.05987712197961383,0,0,0
A-3183521,Source2,CA,2017,1,0.38850031714934985,1,0,0
A-2475099,Source2,CA,2018,1,0.46891652727985667,1,0,0
A-4943752,Source1,CA,2022,0,0.22190611023695742,1,0,1
A-4729358,Source1,TX,2023,0,0.14136786631629905,0,0,0
A-7424317,Source1,CA,2019,0,0.24464226035336015,1,0,1
A-12514,Source2,CA,2017,0,0.2908168249038927,1,0,1
A-7146199,Source1,CA,2020,0,0.05058980463294325,0,0,0
A-6211587,Source1,CA,2021,0,0.19084086181094598,1,0,1
A-5278771,Source1,CA,2023,0,0.05900563127469135,0,0,0
A-2538149,Source2,TX,2018,1,0.3313040263438618,1,0,0
A-6196901,Source1,CA,2021,0,0.030974697218868343,0,0,0
A-4364411,Source1,CA,,0,0.06665444572996553,0,0,0
A-1912158,Source3,CA,2019,0,0.05651859579457099,0,0,0
A-394361,Source2,TX,2017,0,0.2123878345313766,1,0,1
A-7229647,Source1,CA,2020,0,0.12622183932839084,0,0,0
A-402371,Source2,CA,2017,0,0.23086450569116276,1,0,1
A-2851946,Source2,CA,2018,0,0.1639668424995234,0,0,0
A-3159142,Source2,TX,2017,1,0.15909831871330998,0,1,0
A-3887509,Source1,CA,2022,0,0.06858826288660022,0,0,0
A-6562168,Source1,CA,2021,0,0.07412518751803127,0,0,0
A-1077717,Source2,TX,2021,1,0.0806332647337906,0,1,0
A-3239874,Source2,TX,2017,0,0.14035627379293655,0,0,0
A-2519957,Source2,CA,2018,0,0.26525196030465314,1,0,1
A-6941479,Source1,CA,2020,0,0.0394036502056168,0,0,0
A-5802127,Source1,CA,,0,0.16072896391741645,1,0,1
A-42734,Source2,CA,2016,0,0.42332583343173613,1,0,1
A-5940246,Source1,CA,2021,0,0.09806910873997732,0,0,0
A-4304552,Source1,CA,2022,0,0.0675621336203496,0,0,0
A-5767634,Source1,TX,2021,0,0.21634668853280684,1,0,1
A-434132,Source2,TX,2017,0,0.08040394596539036,0,0,0
A-5770263,Source1,TX,2021,0,0.08206840757695343,0,0,0
A-6958905,Source1,CA,2020,0,0.08322458545270449,0,0,0
A-1602204,Source2,TX,2020,0,0.1748131799165274,1,0,1
A-275865,Source2,TX,2016,0,0.30644642422436547,1,0,1
A-6394500,Source1,CA,2021,0,0.1087698397234064,0,0,0
A-30182,Source2,CA,2016,0,0.2642301453769388,1,0,1
A-5847164,Source1,CA,2021,0,0.04068379258777898,0,0,0
A-583653,Source2,CA,2022,1,0.0536646709646403,0,1,0
A-997826,Source2,CA,2021,0,0.16913171365568255,0,0,0
A-7009099,Source1,CA,2020,0,0.32828888912930254,1,0,1
A-4105409,Source1,TX,2022,0,0.05942715962855068,0,0,0
A-400614,Source2,CA,2017,0,0.3945699954922589,1,0,1
A-2584783,Source2,TX,2018,0,0.43789415949470645,1,0,1
A-2211751,Source2,CA,2019,1,0.3333355079392585,1,0,0
A-2283558,Source2,TX,2019,0,0.24977446071377551,1,0,1
A-7407393,Source1,CA,2019,0,0.09607950926361129,0,0,0
A-6353907,Source1,CA,2021,0,0.0803335831743961,0,0,0
A-3285132,Source2,CA,2017,1,0.3991139494135739,1,0,0
A-6386587,Source1,TX,2021,0,0.044270721634981344,0,0,0
A-7296232,Source1,CA,2019,0,0.04365275583144337,0,0,0
A-6633351,Source1,TX,2020,1,0.28297743892935223,1,0,0
A-4245776,Source1,CA,,0,0.031351719525328274,0,0,0
A-4214127,Source1,CA,2022,0,0.10424538547965172,0,0,0
A-3889595,Source1,CA,,0,0.08310656727397733,0,0,0
A-315745,Source2,CA,2017,0,0.29119529124703264,1,0,1
A-6797633,Source1,CA,2020,0,0.04794017181153706,0,0,0
A-394461,Source2,TX,2017,1,0.32849748783717403,1,0,0
A-2976588,Source2,TX,2018,0,0.3353857050702203,1,0,1
A-49308,Source2,CA,2016,0,0.4768283460976896,1,0,1
A-6755775,Source1,CA,2020,0,0.030544635460830492,0,0,0
A-6559735,Source1,CA,2021,0,0.09617334107505125,0,0,0
A-3526196,Source1,CA,2016,0,0.4223983104675802,1,0,1
A-6570647,Source1,TX,2021,0,0.2834499195580283,1,0,1
A-6148615,Source1,CA,2021,0,0.07638112224516455,0,0,0
A-4652752,Source1,CA,2023,0,0.0457140787890158,0,0,0
A-4754627,Source1,CA,,0,0.1856045806150077,1,0,1
A-1682093,Source2,TX,2019,1,0.16422485081684213,0,1,0
A-7517606,Source1,TX,2018,0,0.1787148900490337,1,0,1
A-5415671,Source1,TX,,0,0.13071304394180688,0,0,0
A-4062968,Source1,CA,,0,0.06455539023337528,0,0,0
A-1005916,Source2,TX,2021,1,0.13022307455757046,0,1,0
A-7622727,Source1,CA,2018,0,0.27067112417209305,1,0,1
A-7185523,Source1,CA,2020,0,0.05123362521894311,0,0,0
A-7377127,Source1,CA,2019,0,0.06916139657744744,0,0,0
A-4263470,Source1,CA,2022,0,0.1523095913902279,0,0,0
A-6693533,Source1,CA,2020,0,0.07220673249799633,0,0,0
A-3917849,Source1,CA,,0,0.05019025907434953,0,0,0
A-4842714,Source1,CA,2022,0,0.22654621886916235,1,0,1
A-457999,Source2,CA,2017,0,0.27419267083693727,1,0,1
A-262939,Source2,TX,2016,0,0.25075124169491236,1,0,1
A-4455612,Source1,CA,2022,0,0.11927105261178421,0,0,0
A-5313533,Source1,CA,2022,0,0.04594238503115781,0,0,0
A-1410295,Source2,CA,2020,0,0.10094676159070819,0,0,0
A-6624903,Source1,CA,2020,0,0.057219502065109326,0,0,0
A-1275942,Source2,CA,2020,0,0.044610657446570806,0,0,0
A-4028652,Source1,CA,2022,0,0.043822009121618204,0,0,0
A-394938,Source2,TX,2017,0,0.16770449082456956,0,0,0
A-6275204,Source1,CA,2021,0,0.12298301748973298,0,0,0
A-2699480,Source2,CA,2018,0,0.2055000541222034,1,0,1
A-433868,Source2,TX,2017,0,0.18868863645968287,1,0,1
A-20004,Source2,CA,2016,1,0.29894623779069496,1,0,0
A-2151800,Source2,CA,2019,0,0.10938171342044307,0,0,0
A-7198288,Source1,CA,2020,0,0.02998828749158422,0,0,0
A-86612,Source2,CA,2016,0,0.27676281559068666,1,0,1
A-7646317,Source1,CA,2017,0,0.3504844261504965,1,0,1
A-976709,Source2,TX,2021,1,0.15895656791087168,0,1,0
A-4808879,Source1,CA,2022,0,0.1227733624623533,0,0,0
A-3426742,Source1,TX,2016,1,0.1674975356543444,0,1,0
A-1501625,Source2,CA,2020,0,0.058471173261781084,0,0,0
A-6798681,Source1,CA,2020,0,0.12445166762236379,0,0,0
A-7585029,Source1,TX,2018,1,0.3493534207363839,1,0,0
A-6193326,Source1,CA,2021,0,0.08456741319731258,0,0,0
A-7515299,Source1,CA,2018,0,0.39910623633147047,1,0,1
A-7722982,Source1,CA,2019,0,0.09082421337768946,0,0,0
A-315249,Source2,CA,2017,0,0.3009684083869458,1,0,1
A-5838724,Source1,CA,2021,0,0.16283023994903342,0,0,0
A-5017510,Source1,CA,2022,0,0.09555250374270322,0,0,0
A-7522708,Source1,CA,2018,0,0.09840573431951423,0,0,0
A-497159,Source2,CA,2017,0,0.37748903194635675,1,0,1
A-53718,Source2,CA,2016,0,0.2871500297035747,1,0,1
A-496292,Source2,CA,2017,1,0.3259307009099821,1,0,0
A-3055879,Source2,TX,2018,0,0.1561182369368944,0,0,0
A-3994881,Source1,CA,2022,0,0.23942729232798757,1,0,1
A-7700432,Source1,CA,2017,0,0.17493619848298872,0,0,0
A-2923932,Source2,CA,2018,0,0.23128207709625492,1,0,1
A-5110106,Source1,TX,2022,0,0.0341663854861326,0,0,0
A-4325509,Source1,CA,2022,0,0.1302593626073679,0,0,0
A-7241857,Source1,CA,2020,0,0.10058698480873343,0,0,0
A-3049172,Source2,TX,2018,1,0.2948505402401394,1,0,0
A-7114869,Source1,CA,2020,0,0.09584068144535915,0,0,0
A-402568,Source2,CA,2017,1,0.3754909645981062,1,0,0
A-5730067,Source1,CA,2021,0,0.14959089967265898,0,0,0
A-7021100,Source1,CA,2020,0,0.34156991630835487,1,0,1
A-2322823,Source2,TX,2019,0,0.2776299125136382,1,0,1
A-7370939,Source1,CA,2019,0,0.060005831954748866,0,0,0
A-441165,Source2,CA,2017,0,0.31812996141570693,1,0,1
A-6730971,Source1,TX,2020,0,0.23254492002112861,1,0,1
A-1516803,Source2,TX,2020,1,0.1150123906238617,0,1,0
A-4945874,Source1,CA,,0,0.16325045501814883,1,0,1
A-2713674,Source2,CA,2018,0,0.42737905150200356,1,0,1
A-6291602,Source1,CA,2021,0,0.04693804888779775,0,0,0
A-36324,Source2,CA,2016,0,0.3286827742136119,1,0,1
A-1919686,Source2,CA,2019,1,0.3599974101542782,1,0,0
A-895943,Source2,TX,2021,0,0.0763627604714866,0,0,0
A-2620711,Source2,CA,2018,0,0.31894785138103215,1,0,1
A-4996775,Source1,CA,2023,0,0.09417761080812354,0,0,0
A-34434,Source2,CA,2016,1,0.2968785833942484,1,0,0
A-4443494,Source1,TX,,0,0.15208271236627596,0,0,0
A-1619295,Source3,CA,2020,0,0.1059814936900769,0,0,0
A-3038739,Source3,CA,2018,1,0.150377318368003,0,1,0
A-7299889,Source1,CA,2019,0,0.07223330810347048,0,0,0
A-2717747,Source2,CA,2018,1,0.41981172449247534,1,0,0
A-264966,Source2,TX,2016,0,0.2095800407707577,1,0,1
A-68759,Source2,CA,2016,0,0.04412296703041861,0,0,0
A-4659645,Source1,CA,2022,0,0.1498958239634445,0,0,0
A-3840967,Source1,CA,2023,0,0.05688881393064166,0,0,0
A-6406624,Source1,CA,2021,0,0.0415597222034528,0,0,0
A-101821,Source2,CA,2016,1,0.11561297454154915,0,1,0
A-6204746,Source1,CA,2021,0,0.1337501577232099,0,0,0
A-4642909,Source1,TX,2022,0,0.08408775888783664,0,0,0
A-3415797,Source1,CA,2016,0,0.39093009082068975,1,0,1
A-517981,Source2,TX,2022,1,0.17708942112833764,1,0,0
A-5289116,Source1,CA,,0,0.04364109874642157,0,0,0
A-4173934,Source1,CA,2022,0,0.07125838265143838,0,0,0
A-6056893,Source1,TX,2021,0,0.15321606859759224,0,0,0
A-4492063,Source1,CA,,1,0.042169685667253265,0,1,0
A-5398701,Source1,CA,2022,0,0.10662156962497352,0,0,0
A-7295198,Source1,CA,2019,0,0.22702871930402221,1,0,1
A-5275346,Source1,CA,2022,0,0.09811782195900233,0,0,0
A-6047730,Source1,CA,2021,0,0.08690919685063028,0,0,0
A-4932214,Source1,CA,,0,0.0469641859486004,0,0,0
A-5586048,Source1,CA,,0,0.05406434773273331,0,0,0
A-4777995,Source1,TX,2022,0,0.08848714039600447,0,0,0
A-7093152,Source1,CA,2020,0,0.05806169911330652,0,0,0
A-6732511,Source1,CA,2020,0,0.03424003313763296,0,0,0
A-723601,Source2,CA,2022,0,0.08134801191808491,0,0,0
A-5824871,Source1,CA,,0,0.039707727372333,0,0,0
A-6283285,Source1,CA,2021,0,0.04618343431246685,0,0,0
A-68716,Source2,CA,2016,1,0.3047041384863568,1,0,0
A-6612047,Source1,CA,2020,0,0.07268838000709416,0,0,0
A-7342142,Source1,CA,2019,0,0.1409371482761324,0,0,0
A-3293334,Source2,TX,2017,0,0.27022079568861046,1,0,1
A-4218526,Source1,CA,,0,0.04277366191141447,0,0,0
A-1933369,Source2,TX,2019,0,0.16098679679692462,0,0,0
A-4648408,Source1,CA,2022,0,0.23142914874443415,1,0,1
A-4227892,Source1,CA,2022,0,0.26052801689307015,1,0,1
A-3030982,Source2,TX,2018,0,0.24763591519318567,1,0,1
A-871888,Source2,TX,2021,0,0.09201188806893874,0,0,0
A-37764,Source2,CA,2016,1,0.37918393648456716,1,0,0
A-7323778,Source1,CA,2019,0,0.060143913022738436,0,0,0
A-7468448,Source1,CA,2019,0,0.3058139623586196,1,0,1
A-6343528,Source1,CA,2021,0,0.04144307965151013,0,0,0
A-5155089,Source1,CA,,0,0.10967027967542124,0,0,0
A-2749063,Source2,CA,2018,0,0.3933906619227415,1,0,1
A-4880240,Source1,CA,,0,0.05332810629249055,0,0,0
A-7327013,Source1,CA,2019,0,0.09579448060433463,0,0,0
A-871540,Source2,CA,2021,0,0.12624118404528983,0,0,0
A-5504240,Source1,CA,,0,0.06278074377124446,0,0,0
A-5519687,Source1,TX,2021,0,0.12724597308734406,0,0,0
A-3927909,Source1,CA,2022,0,0.15296188258096305,0,0,0
A-745941,Source2,CA,2022,0,0.05645866248564145,0,0,0
A-2414736,Source2,CA,2018,0,0.3110819529754525,1,0,1
A-4997276,Source1,TX,2022,0,0.1076839392324687,0,0,0
A-5427650,Source1,CA,2022,0,0.09684040435024603,0,0,0
A-5834944,Source1,CA,2021,0,0.2211200621239874,1,0,1
A-5824679,Source1,CA,,0,0.03966147628089721,0,0,0
A-6899508,Source1,TX,2020,0,0.15218615214349931,0,0,0
A-3799605,Source1,CA,,0,0.17691824309338886,1,0,1
A-6943908,Source1,CA,2020,0,0.03817253599636177,0,0,0
A-3554179,Source1,CA,2016,0,0.40240929108596823,1,0,1
A-85030,Source2,CA,2016,0,0.34995514536411365,1,0,1
A-3996001,Source1,CA,2022,0,0.31361656560041273,1,0,1
A-86872,Source2,CA,2016,1,0.22095540065664782,1,0,0
A-4482996,Source1,CA,2022,0,0.17319397749029694,0,0,0
A-4740505,Source1,CA,2022,0,0.15372783271670706,0,0,0
A-6162822,Source1,CA,2021,0,0.0914598724670352,0,0,0
A-3731411,Source1,CA,2022,0,0.1716615653414279,0,0,0
A-1263605,Source2,CA,2020,0,0.15274152908227268,0,0,0
A-2676295,Source2,TX,2018,1,0.14381240795298095,0,1,0
A-9022,Source2,CA,2016,0,0.31151602338342893,1,0,1
A-82795,Source2,CA,2016,0,0.40846444881879657,1,0,1
A-6972398,Source1,TX,2020,0,0.11968874534172964,0,0,0
A-6929990,Source1,CA,2020,0,0.045634963243943456,0,0,0
A-6792717,Source1,CA,2020,0,0.061765386060518304,0,0,0
A-2333464,Source2,CA,2019,1,0.396324234704586,1,0,0
A-3940522,Source1,CA,2022,0,0.13624569326740366,0,0,0
A-347870,Source2,CA,2017,1,0.23116699206858252,1,0,0
A-1283860,Source2,TX,2020,1,0.09700720489357154,0,1,0
A-6407702,Source1,CA,2021,0,0.026129243496671527,0,0,0
A-3796298,Source1,TX,2022,0,0.19586825275519476,1,0,1
A-30969,Source2,CA,2016,1,0.4842400514652702,1,0,0
A-4201203,Source1,CA,2022,0,0.053665858179450174,0,0,0
A-731133,Source2,CA,2022,0,0.03533145246053186,0,0,0
A-523813,Source3,CA,2022,0,0.1681897370437607,0,0,0
A-403847,Source2,CA,2017,0,0.38923077748277873,1,0,1
A-1144755,Source2,CA,2021,1,0.05581142992430266,0,1,0
A-5152256,Source1,CA,,0,0.0708019361576635,0,0,0
A-3536298,Source1,CA,2016,0,0.3290164627183765,1,0,1
A-2059243,Source2,CA,2019,0,0.311116146006251,1,0,1
A-306926,Source2,TX,2016,0,0.40934089673607854,1,0,1
A-3216564,Source2,CA,2017,1,0.4161399562653568,1,0,0
A-3042115,Source2,CA,2018,1,0.07372970743754323,0,1,0
A-7578449,Source1,CA,2018,0,0.30943106940669735,1,0,1
A-4061877,Source1,CA,,0,0.06117873459976937,0,0,0
A-3436517,Source1,TX,2016,1,0.08690161484716494,0,1,0
A-1805613,Source2,TX,2019,0,0.3002807064525859,1,0,1
A-1611384,Source2,CA,2020,1,0.3189987720563965,1,0,0
A-1783342,Source2,CA,2019,0,0.08878284235326603,0,0,0
A-2708287,Source2,TX,2018,0,0.06365165300942671,0,0,0
A-4181206,Source1,CA,,0,0.03750915170642586,0,0,0
A-7036942,Source1,CA,2020,0,0.24967642834273418,1,0,1
A-6105590,Source1,CA,2021,0,0.03257625569056007,0,0,0
A-1273853,Source2,TX,2020,0,0.16195609659359092,0,0,0
A-6708622,Source1,CA,2020,0,0.3400571357911488,1,0,1
A-5297385,Source1,CA,,0,0.050969045859694764,0,0,0
A-299487,Source2,TX,2016,0,0.3366802730817492,1,0,1
A-484066,Source2,TX,2017,1,0.25843395382802337,1,0,0
A-4988938,Source1,CA,2022,0,0.0825043634634523,0,0,0
A-6698836,Source1,CA,2020,0,0.25326751057629926,1,0,1
A-4159609,Source1,CA,,0,0.035345114816370586,0,0,0
A-7496504,Source1,CA,2018,0,0.44345864245398614,1,0,1
A-798983,Source2,CA,2021,1,0.09942392521032153,0,1,0
A-1441918,Source2,CA,2020,1,0.1843603248103974,0,1,0
A-6356765,Source1,CA,2021,0,0.04330290473194426,0,0,0
A-3692428,Source1,CA,2023,0,0.27423162012541635,1,0,1
A-1393264,Source2,CA,2020,1,0.11714837489468262,0,1,0
A-3780826,Source1,CA,2022,0,0.0670005030125489,0,0,0
A-6388802,Source1,TX,2021,0,0.07611780374352715,0,0,0
A-7015745,Source1,CA,2020,0,0.12432168986030097,0,0,0
A-7213611,Source1,CA,2020,0,0.08140750412306956,0,0,0
A-7644873,Source1,TX,2017,0,0.25494622551690743,1,0,1
A-582840,Source2,CA,2022,1,0.11060655206105838,0,1,0
A-537575,Source2,CA,2022,1,0.05160698304401039,0,1,0
A-5480554,Source1,CA,,0,0.052353388898345544,0,0,0
A-4129206,Source1,TX,2022,0,0.1164966872780218,0,0,0
A-4859442,Source1,TX,2023,0,0.09698477830565319,0,0,0
A-2298089,Source2,CA,2019,1,0.1269838813043231,0,1,0
A-3798969,Source1,CA,,0,0.06234288316777191,0,0,0
A-6254217,Source1,CA,2021,0,0.08383523142212716,0,0,0
A-7209662,Source1,CA,2020,0,0.027152014986276108,0,0,0
A-296805,Source2,TX,2016,0,0.06420813694281954,0,0,0
A-1716757,Source2,CA,2019,0,0.296443683753899,1,0,1
A-4167435,Source1,CA,2022,0,0.06946617386601708,0,0,0
A-99193,Source2,CA,2016,0,0.31974750017369785,1,0,1
A-1739083,Source2,CA,2019,0,0.08687693056501031,0,0,0
A-2852012,Source2,CA,2018,1,0.3155478582394037,1,0,0
A-2358822,Source2,CA,2019,0,0.15928992877229678,0,0,0
A-7648878,Source1,CA,2017,0,0.31287352175063404,1,0,1
A-4401997,Source1,CA,,0,0.08907718904118722,0,0,0
A-6626498,Source1,TX,2020,0,0.030284827655858916,0,0,0
A-7274999,Source1,CA,2020,0,0.05198709087503591,0,0,0
A-4800730,Source1,CA,2022,0,0.18021215616023323,1,0,1
A-6532446,Source1,CA,2021,0,0.06792552068298092,0,0,0
A-3611341,Source1,TX,2017,0,0.3226271519319087,1,0,1
A-563945,Source2,CA,2022,1,0.2277757054417553,1,0,0
A-2992038,Source2,CA,2018,0,0.10177688473447652,0,0,0
A-3541095,Source1,CA,2016,0,0.402227934647229,1,0,1
A-6834000,Source1,TX,2020,0,0.044731379074699006,0,0,0
A-493539,Source2,CA,2017,0,0.3157177460516773,1,0,1
A-5474197,Source1,CA,2021,0,0.09272719295022112,0,0,0
A-906155,Source2,CA,2021,0,0.13342858748576344,0,0,0
A-7419320,Source1,CA,2019,0,0.03325248541339631,0,0,0
A-300980,Source2,TX,2016,0,0.24362797065096425,1,0,1
A-6973115,Source1,CA,2020,0,0.09242313336308856,0,0,0
A-275744,Source2,TX,2016,0,0.04335433352041473,0,0,0
A-2281280,Source2,CA,2019,0,0.24604826070239633,1,0,1
A-4748174,Source1,CA,2023,0,0.09617500968346868,0,0,0
A-7324332,Source1,CA,2019,0,0.11589998861104127,0,0,0
A-7492377,Source1,TX,2018,1,0.34928023596126856,1,0,0
A-5766200,Source1,CA,2021,0,0.06968388871888546,0,0,0
A-4285662,Source1,CA,,0,0.04011306071883392,0,0,0
A-3071240,Source3,CA,2018,1,0.27668274535972737,1,0,0
A-32976,Source2,CA,2016,0,0.39677976897558864,1,0,1
A-6711571,Source1,CA,2020,0,0.048964774026173385,0,0,0
A-836173,Source2,CA,2021,0,0.05970707766944192,0,0,0
A-6930937,Source1,CA,2020,0,0.2882463141778356,1,0,1
A-7663261,Source1,TX,2017,1,0.2800120760510544,1,0,0
A-464193,Source2,CA,2017,1,0.07147813906643692,0,1,0
A-4234292,Source1,CA,2023,0,0.22232166329016484,1,0,1
A-4343020,Source1,CA,2022,0,0.06609221790547873,0,0,0
A-3423021,Source1,CA,2016,0,0.39385267519739,1,0,1
A-1473247,Source2,TX,2020,0,0.05474300671312016,0,0,0
A-2069882,Source2,TX,2019,0,0.0499403455479866,0,0,0
A-6277238,Source1,CA,,0,0.05839431188682302,0,0,0
A-3211512,Source2,TX,2017,1,0.17470886892201049,0,1,0
A-6048920,Source1,CA,2021,0,0.26788518260562644,1,0,1
A-4945081,Source1,CA,,0,0.04251129154448562,0,0,0
A-25655,Source2,CA,2016,0,0.3408024913106402,1,0,1
A-437446,Source2,CA,2017,0,0.10593334781155353,0,0,0
A-522724,Source2,CA,2022,1,0.15036335497710118,0,1,0
A-7067096,Source1,CA,2020,0,0.22016464328644006,1,0,1
A-6876071,Source1,CA,2020,0,0.07725189725587257,0,0,0
A-4875797,Source1,CA,,0,0.16920909527411568,1,0,1
A-3698335,Source1,CA,2023,0,0.11095266311644367,0,0,0
A-6945733,Source1,CA,2020,0,0.05196999969642321,0,0,0
A-303351,Source2,TX,2016,0,0.33086429051986227,1,0,1
A-5345031,Source1,CA,2022,0,0.1044821533595101,0,0,0
A-2411078,Source2,TX,2018,0,0.26186089438683313,1,0,1
A-5517977,Source1,TX,2021,0,0.049085162926095646,0,0,0
A-2492827,Source2,TX,2018,0,0.1567941278832718,0,0,0
A-7011283,Source1,CA,2020,0,0.33178553428369295,1,0,1
A-2006109,Source2,CA,2019,0,0.35327658639083853,1,0,1
A-1461835,Source3,TX,2020,0,0.11153479541460783,0,0,0
A-7237031,Source1,CA,2020,0,0.07740035191764645,0,0,0
A-6101017,Source1,CA,2021,0,0.050267994052281564,0,0,0
A-5786680,Source1,CA,2021,0,0.027024437530930652,0,0,0
A-6018237,Source1,TX,2021,0,0.347124052343455,1,0,1
A-2603854,Source2,TX,2018,0,0.3950150091165677,1,0,1
A-1790230,Source2,TX,2019,0,0.06073686820054227,0,0,0
A-2904186,Source2,CA,2018,0,0.3742926346531392,1,0,1
A-6230995,Source1,CA,2021,0,0.17574249575990325,0,0,0
A-3713212,Source1,CA,2022,0,0.3319479892146083,1,0,1
A-4182155,Source1,TX,2022,0,0.13295626747809774,0,0,0
A-3539232,Source1,CA,2016,1,0.3512649986064045,1,0,0
A-4131565,Source1,TX,2022,0,0.14041328114708568,0,0,0
A-4801334,Source1,CA,2022,0,0.10687329036592108,0,0,0
A-6902687,Source1,CA,2020,0,0.06524095120537213,0,0,0
A-3855557,Source1,CA,2023,0,0.04143397357294949,0,0,0
A-7400314,Source1,CA,2019,0,0.2112484151042678,1,0,1
A-701618,Source2,TX,2022,1,0.37503269880447243,1,0,0
A-806328,Source2,TX,2021,1,0.08823033461783804,0,1,0
A-2169627,Source2,CA,2019,1,0.14927635904254205,0,1,0
A-2000346,Source2,CA,2019,0,0.08964659422843795,0,0,0
A-1105502,Source2,CA,2021,0,0.08273432672246346,0,0,0
A-6738213,Source1,CA,2020,0,0.1476368668788143,0,0,0
A-2000389,Source2,CA,2019,0,0.16075085551678686,0,0,0
A-4828079,Source1,CA,2022,0,0.09852181589490434,0,0,0
A-996550,Source2,TX,2021,0,0.13700547334827706,0,0,0
A-5665467,Source1,TX,2021,0,0.1402838265166829,0,0,0
A-2671370,Source2,TX,2018,0,0.08230985413410503,0,0,0
A-24927,Source2,CA,2016,0,0.19130433636135696,1,0,1
A-6563938,Source1,TX,2021,0,0.2799856070070665,1,0,1
A-2352525,Source2,TX,2019,0,0.36870209345434546,1,0,1
A-7388972,Source1,CA,2019,0,0.12701156323355187,0,0,0
A-272144,Source2,TX,2017,0,0.03578041231436773,0,0,0
A-1444531,Source2,CA,2020,0,0.04370464817236577,0,0,0
A-3030794,Source2,TX,2018,0,0.25852729591167123,1,0,1
A-794343,Source2,TX,2021,1,0.21691098253796479,1,0,0
A-1776808,Source2,CA,2019,0,0.08084381484679674,0,0,0
A-455779,Source2,CA,2017,1,0.3586407966342764,1,0,0
A-3950417,Source1,CA,2023,0,0.31379189670504587,1,0,1
A-3980744,Source1,CA,2022,0,0.06929331818278614,0,0,0
A-5773678,Source1,CA,,0,0.05686472075193179,0,0,0
A-1335433,Source2,CA,2020,1,0.16313376615559821,0,1,0
A-5464399,Source1,TX,,0,0.049854514426451384,0,0,0
A-3406170,Source2,TX,2017,0,0.18757738390420137,1,0,1
A-7740439,Source1,TX,2019,1,0.1717495228323625,0,1,0
A-1293659,Source2,TX,2020,0,0.15075738313678957,0,0,0
A-2641652,Source2,CA,2018,1,0.5146415994515933,1,0,0
A-3053612,Source2,CA,2018,1,0.4830691933505902,1,0,0
A-7241144,Source1,CA,2020,0,0.06247216247615315,0,0,0
A-4520197,Source1,CA,2022,0,0.0721737403844243,0,0,0
A-706912,Source2,CA,2022,0,0.093549959975748,0,0,0
A-6592966,Source1,CA,2020,0,0.26086141621023157,1,0,1
A-6068998,Source1,CA,2021,0,0.12336518336648179,0,0,0
A-6460061,Source1,CA,2021,0,0.2896413788659551,1,0,1
A-3608486,Source1,CA,2017,0,0.3175047037542587,1,0,1
A-6831769,Source1,CA,2020,0,0.25734639110916085,1,0,1
A-2868209,Source2,CA,2018,0,0.30383723709499033,1,0,1
A-2372707,Source2,TX,2018,0,0.1438141121773392,0,0,0
A-4815851,Source1,CA,,0,0.0526525362349045,0,0,0
A-648973,Source2,CA,2022,0,0.06910580216086175,0,0,0
A-5167099,Source1,TX,2022,0,0.1281187198891047,0,0,0
A-5558747,Source1,CA,,0,0.18701107919140122,1,0,1
A-7686204,Source1,CA,2017,0,0.20632195397952707,1,0,1
A-2974227,Source2,TX,2018,1,0.4132294525139649,1,0,0
A-7102496,Source1,TX,2020,1,0.38038609071699925,1,0,0
A-6188768,Source1,CA,,0,0.04410229279102729,0,0,0
A-7672672,Source1,CA,2017,1,0.3822855222974003,1,0,0
A-5541123,Source1,CA,2021,0,0.16410918625180884,0,0,0
A-7260830,Source1,CA,2020,0,0.05803463925447343,0,0,0
A-1027269,Source2,CA,2021,0,0.14015870954017867,0,0,0
A-1205215,Source2,CA,2021,0,0.19858438926271438,1,0,1
A-5755063,Source1,TX,2021,0,0.2561918777247586,1,0,1
A-7373529,Source1,CA,2019,0,0.14777502549271015,0,0,0
A-884925,Source2,CA,2021,0,0.13450798198957056,0,0,0
A-5301394,Source1,CA,2022,0,0.108364772562152,0,0,0
A-6633308,Source1,CA,2020,0,0.28089333169445324,1,0,1
A-6800278,Source1,TX,2020,0,0.09388533962313028,0,0,0
A-614628,Source2,CA,2022,0,0.38650507875033235,1,0,1
A-7527970,Source1,CA,2018,0,0.2708624535940269,1,0,1
A-2784072,Source2,TX,2018,0,0.22488720755922942,1,0,1
A-93256,Source2,CA,2016,1,0.38858958300695673,1,0,0
A-2110256,Source2,CA,2019,0,0.2849819976726887,1,0,1
A-6350649,Source1,CA,2021,0,0.2143193885300795,1,0,1
A-4036662,Source1,TX,,0,0.06389426914685777,0,0,0
A-3429965,Source1,TX,2017,1,0.2431255386013768,1,0,0
A-5198191,Source1,TX,,0,0.05424171523602221,0,0,0
A-488724,Source2,TX,2017,0,0.06567442020471496,0,0,0
A-5323385,Source1,CA,2022,0,0.09840699291052166,0,0,0
A-3838563,Source1,TX,2022,0,0.13721880827793614,0,0,0
A-5132658,Source1,CA,,0,0.06332494055801845,0,0,0
A-1369557,Source2,TX,2020,1,0.037665398317946984,0,1,0
A-5981335,Source1,TX,2021,0,0.15733805720788205,0,0,0
A-1849005,Source2,TX,2019,0,0.10605236750740965,0,0,0
A-6765916,Source1,CA,2020,0,0.084647908918066,0,0,0
A-6831039,Source1,CA,2020,0,0.038709840708564015,0,0,0
A-6189732,Source1,CA,,0,0.048843294370851505,0,0,0
A-627280,Source2,CA,2022,0,0.14197354413885668,0,0,0
A-2229402,Source2,TX,2019,0,0.0387527040992692,0,0,0
A-67515,Source2,CA,2016,1,0.4021744438872096,1,0,0
A-1033984,Source2,CA,2021,1,0.08835992867524116,0,1,0
A-40923,Source2,CA,2016,0,0.34310569656316137,1,0,1
A-4675540,Source1,CA,2022,0,0.09294684552396262,0,0,0
A-392569,Source2,TX,2017,0,0.18210891953408032,0,0,0
A-6306708,Source1,TX,2021,0,0.05304750314696969,0,0,0
A-3703321,Source1,CA,2023,0,0.08940234112625144,0,0,0
A-2325397,Source2,CA,2019,0,0.20092984839315492,1,0,1
A-6509904,Source1,CA,2021,0,0.04784662800605576,0,0,0
A-432281,Source2,TX,2017,0,0.40377009073970604,1,0,1
A-4203313,Source1,TX,,0,0.0563090964957206,0,0,0
A-5366438,Source1,CA,,0,0.04180263508017473,0,0,0
A-7430660,Source1,CA,2019,0,0.31185492821971483,1,0,1
A-792798,Source2,CA,2021,0,0.08165990140802559,0,0,0
A-2053134,Source2,CA,2019,1,0.22990127031634397,1,0,0
A-282555,Source2,TX,2016,0,0.06784947595239024,0,0,0
A-2626025,Source3,CA,2018,1,0.36228314300646475,1,0,0
A-4529560,Source1,CA,,0,0.02892010244229507,0,0,0
A-2560593,Source2,CA,2018,0,0.18776472781542658,1,0,1
A-2319822,Source2,CA,2019,1,0.25482397512637023,1,0,0
A-1261933,Source2,CA,2020,0,0.04937174080570973,0,0,0
A-4594234,Source1,CA,2022,0,0.10739643470807103,0,0,0
A-742969,Source2,CA,2022,0,0.05290960646640924,0,0,0
A-3981868,Source1,CA,2023,0,0.05463582439887625,0,0,0
A-3547782,Source1,CA,2016,0,0.042349181602198305,0,0,0
A-3202123,Source2,CA,2017,1,0.3758176386615186,1,0,0
A-6664307,Source1,CA,2020,0,0.19823208894413472,1,0,1
A-1158269,Source3,CA,2021,0,0.082746194999585,0,0,0
A-6193697,Source1,CA,2021,0,0.33303064649118597,1,0,1
A-2594132,Source2,TX,2018,0,0.1917998166578865,1,0,1
A-2524735,Source2,TX,2018,0,0.3050155602405284,1,0,1
A-68726,Source2,CA,2016,1,0.29102171305480884,1,0,0
A-4549462,Source1,CA,2022,0,0.0644525818400397,0,0,0
A-1738418,Source2,TX,2019,0,0.07322934773549647,0,0,0
A-4054888,Source1,CA,2023,0,0.058226158716108575,0,0,0
A-5482460,Source1,TX,,0,0.20869050788834906,1,0,1
A-4975797,Source1,CA,2022,0,0.24477335418842278,1,0,1
A-3177734,Source2,CA,2017,0,0.07253588979709569,0,0,0
A-2414718,Source2,CA,2018,0,0.32809446290009053,1,0,1
A-4743827,Source1,CA,,0,0.16316479363872466,1,0,1
A-509795,Source2,TX,2017,0,0.36103308480044427,1,0,1
A-5531569,Source1,TX,2021,0,0.06121695132088497,0,0,0
A-4051893,Source1,CA,2022,0,0.15780470251691478,0,0,0
A-1474692,Source2,TX,2020,0,0.24567584557851435,1,0,1
A-3817484,Source1,CA,2022,0,0.038502051285564325,0,0,0
A-4291363,Source1,TX,2022,0,0.11018097777900353,0,0,0
A-1520550,Source2,CA,2020,0,0.06363874485091162,0,0,0
A-83447,Source2,CA,2016,1,0.3665429055270896,1,0,0
A-3055897,Source2,TX,2018,0,0.2168469197360209,1,0,1
A-4774103,Source1,TX,,0,0.05521721473435574,0,0,0
A-7481568,Source1,CA,2018,0,0.3914703000625826,1,0,1
A-3311672,Source2,TX,2017,0,0.24340427942602413,1,0,1
A-5010750,Source1,CA,2022,0,0.19307571838730472,0,0,0
A-6455203,Source1,CA,2021,0,0.03130739019191785,0,0,0
A-5561589,Source1,TX,2021,0,0.06570590871867188,0,0,0
A-3752427,Source1,CA,,0,0.02730345285990123,0,0,0
A-2168731,Source2,TX,2019,0,0.16276163600346533,0,0,0
A-3209555,Source2,CA,2017,1,0.3748756084163243,1,0,0
A-3242296,Source2,TX,2017,0,0.06779797154248902,0,0,0
A-5079236,Source1,CA,2022,0,0.03899106172933027,0,0,0
A-6221500,Source1,CA,2021,0,0.058600214409755436,0,0,0
A-1797886,Source3,CA,2019,0,0.2207797747443283,1,0,1
A-5449249,Source1,CA,2023,0,0.29439277410567166,1,0,1
A-7360238,Source1,TX,2019,1,0.15184512019942503,0,1,0
A-7760225,Source1,CA,2019,0,0.21615796933860346,1,0,1
A-269863,Source2,TX,2017,0,0.34621705802382746,1,0,1
A-7403581,Source1,CA,2019,0,0.11975792546805937,0,0,0
A-4272123,Source1,CA,2022,0,0.0618502567623615,0,0,0
A-7257875,Source1,CA,2020,0,0.13222985495667633,0,0,0
A-1717450,Source2,TX,2019,0,0.05061690621668843,0,0,0
A-7663244,Source1,TX,2017,0,0.18596905551462758,1,0,1
A-7269680,Source1,CA,2020,0,0.23296898777454014,1,0,1
A-7243984,Source1,CA,2020,0,0.07314078818737856,0,0,0
A-6042459,Source1,TX,2021,0,0.10716653896423275,0,0,0
A-3637724,Source1,CA,2017,0,0.31802788464003784,1,0,1
A-6990197,Source1,CA,2020,1,0.16213845109254688,0,1,0
A-517250,Source2,TX,2022,0,0.08267911431696973,0,0,0
A-6281583,Source1,CA,,0,0.07156916994026245,0,0,0
A-3970478,Source1,CA,2022,0,0.29473885285876755,1,0,1
A-7329471,Source1,CA,2019,0,0.09636088971116621,0,0,0
A-6353899,Source1,CA,2021,0,0.03789480965423886,0,0,0
A-5421196,Source1,CA,2022,0,0.22725132902287976,1,0,1
A-6888095,Source1,TX,2020,0,0.38369974073285,1,0,1
A-6237880,Source1,CA,2021,0,0.25321818514551603,1,0,1
A-758687,Source2,TX,2021,0,0.04546593148066471,0,0,0
A-2715313,Source2,TX,2018,0,0.05251001057122073,0,0,0
A-5699944,Source1,CA,2021,0,0.07099268021877539,0,0,0
A-3900921,Source1,CA,2022,0,0.03300362745725048,0,0,0
A-82105,Source2,CA,2016,0,0.3136854784340035,1,0,1
A-6915267,Source1,CA,2020,0,0.038085590440778104,0,0,0
A-7398360,Source1,CA,2019,0,0.16988939957038554,0,0,0
A-6061201,Source1,CA,2021,0,0.05089274729765632,0,0,0
A-2217864,Source2,CA,2019,1,0.25137582008684023,1,0,0
A-2640162,Source2,CA,2018,1,0.2886513842115582,1,0,0
A-6939734,Source1,CA,2020,0,0.2537175996173103,1,0,1
A-4830353,Source1,CA,2022,0,0.2732550163283876,1,0,1
A-3756091,Source1,CA,2022,0,0.31224900317934595,1,0,1
A-4007994,Source1,CA,,0,0.165500072865722,1,0,1
A-17072,Source2,CA,2016,0,0.07960398397813404,0,0,0
A-2050064,Source2,TX,2019,0,0.05104230246876505,0,0,0
A-285992,Source2,TX,2016,0,0.4013753910998858,1,0,1
A-6673743,Source1,TX,2020,0,0.17480032913932747,0,0,0
A-3180553,Source2,CA,2017,0,0.4303459875120977,1,0,1
A-1528073,Source2,TX,2020,0,0.16749246424171785,0,0,0
A-3939866,Source1,CA,2022,0,0.12282289478893929,0,0,0
A-6175671,Source1,TX,2021,0,0.12761775888012888,0,0,0
A-7345982,Source1,CA,2019,0,0.09412890728303748,0,0,0
A-407608,Source2,CA,2017,1,0.1701363684103558,0,1,0
A-1117041,Source2,CA,2021,0,0.16610255800301837,0,0,0
A-5649031,Source1,TX,2021,0,0.13262629558158434,0,0,0
A-4000423,Source1,CA,2023,0,0.06619360882431147,0,0,0
A-7372163,Source1,CA,2019,0,0.14970567174170585,0,0,0
A-10939,Source2,CA,2017,0,0.3282672135079675,1,0,1
A-3649141,Source1,CA,2017,0,0.33314187027699127,1,0,1
A-5891194,Source1,CA,2021,0,0.09119640414356668,0,0,0
A-3694792,Source1,CA,2023,0,0.2696525085989272,1,0,1
A-464608,Source2,CA,2017,0,0.04294255318374352,0,0,0
A-1779162,Source3,CA,2019,0,0.0965972626003688,0,0,0
A-6457353,Source1,CA,2021,0,0.262577222931981,1,0,1
A-1695283,Source2,CA,2019,0,0.20980911391349405,1,0,1
A-1995394,Source2,TX,2019,0,0.1636390358240589,0,0,0
A-7316492,Source1,TX,2019,1,0.17638076080224882,1,0,0
A-2748175,Source2,TX,2018,1,0.2760994634515586,1,0,0
A-4263639,Source1,CA,2022,0,0.033265863091419566,0,0,0
A-4760277,Source1,CA,2023,0,0.13215355096676898,0,0,0
A-7347784,Source1,CA,2019,0,0.23522752874081285,1,0,1
A-3315574,Source2,TX,2017,0,0.3684778485737682,1,0,1
A-1647723,Source2,CA,2020,0,0.030423029512144685,0,0,0
A-7379139,Source1,CA,2019,0,0.035788148079442625,0,0,0
A-2083704,Source2,TX,2019,0,0.20626195505150813,1,0,1
A-332843,Source2,TX,2017,1,0.37444055342186644,1,0,0
A-1707642,Source3,CA,2019,1,0.08539332370867167,0,1,0
A-2315874,Source2,TX,2019,0,0.2399285277760173,1,0,1
A-98987,Source2,CA,2016,0,0.22535844081931553,1,0,1
A-7402697,Source1,CA,2019,0,0.1043839149041701,0,0,0
A-102363,Source2,CA,2016,0,0.2850101502999496,1,0,1
A-6650,Source2,CA,2016,0,0.4289680759567209,1,0,1
A-5746867,Source1,CA,2021,0,0.08300692416845387,0,0,0
A-4325916,Source1,CA,2022,0,0.2018436194159749,1,0,1
A-4343985,Source1,CA,2022,0,0.07424655939454193,0,0,0
A-5324922,Source1,CA,,0,0.059352968505304124,0,0,0
A-3814488,Source1,CA,,0,0.17804123420245244,1,0,1
A-5234932,Source1,CA,,0,0.04634438062904246,0,0,0
A-1815823,Source3,CA,2019,0,0.07187324340204213,0,0,0
A-5280349,Source1,CA,,0,0.13018371746711643,0,0,0
A-7559799,Source1,CA,2018,1,0.2743455738349744,1,0,0
A-61644,Source2,CA,2017,0,0.34369215295518973,1,0,1
A-3681012,Source1,CA,2023,0,0.058384939838447523,0,0,0
A-895844,Source2,CA,2021,0,0.13045700206380378,0,0,0
A-2528734,Source2,CA,2018,0,0.38621751727286513,1,0,1
A-61708,Source2,CA,2017,0,0.341686448467458,1,0,1
A-3152664,Source2,CA,2017,1,0.16959522605514118,0,1,0
A-4077426,Source1,CA,,0,0.06655294681235505,0,0,0
A-763246,Source2,CA,2021,0,0.033955012729164125,0,0,0
A-3529755,Source1,CA,2017,0,0.32969917977768526,1,0,1
A-1973448,Source2,CA,2019,0,0.07485049719450469,0,0,0
A-6887771,Source1,CA,2020,0,0.04777693122541206,0,0,0
A-5385657,Source1,CA,,0,0.1314572606892249,0,0,0
A-2183631,Source2,TX,2019,0,0.02871563838487833,0,0,0
A-7269741,Source1,CA,2020,0,0.15978025972853,0,0,0
A-7508032,Source1,CA,2018,1,0.3105841018383105,1,0,0
A-7637611,Source1,CA,2018,0,0.30795349408773964,1,0,1
A-1531119,Source2,CA,2020,0,0.15615117982041132,0,0,0
A-622897,Source2,CA,2022,0,0.09381196658204033,0,0,0
A-7155756,Source1,CA,2020,0,0.2638454053468683,1,0,1
A-3706318,Source1,CA,2022,0,0.1064902977299403,0,0,0
A-30677,Source2,CA,2016,1,0.3562365027139767,1,0,0
A-392890,Source2,TX,2017,0,0.3289025795375101,1,0,1
A-7378486,Source1,CA,2019,0,0.13079552505232242,0,0,0
A-4633918,Source1,CA,,0,0.022601636797266924,0,0,0
A-4720934,Source1,CA,2022,0,0.09308940984909955,0,0,0
A-6016047,Source1,CA,2021,0,0.14540217297951005,0,0,0
A-3756843,Source1,TX,2023,0,0.305325923182852,1,0,1
A-4582821,Source1,CA,,0,0.05564804345700876,0,0,0
A-6428869,Source1,CA,2021,0,0.033657513556890936,0,0,0
A-4132152,Source1,CA,2022,0,0.08399726411500992,0,0,0
A-4358606,Source1,CA,,0,0.027157551150401395,0,0,0
A-1999888,Source2,TX,2019,1,0.1450009586250111,0,1,0
A-4119700,Source1,TX,,1,0.03343175918998978,0,1,0
A-7538974,Source1,CA,2018,1,0.20183287290761562,1,0,0
A-2734774,Source2,TX,2018,0,0.059281590751287375,0,0,0
A-6911628,Source1,CA,2020,0,0.2597299802570188,1,0,1
A-7224472,Source1,CA,2020,0,0.061936900664688974,0,0,0
A-840210,Source2,CA,2021,0,0.3298156488190901,1,0,1
A-4204853,Source1,CA,2022,0,0.10136273306603502,0,0,0
A-400499,Source2,CA,2017,1,0.389964699742829,1,0,0
A-4745530,Source1,CA,2022,0,0.2732775669001064,1,0,1
A-3412636,Source2,CA,2017,0,0.20898865922827325,1,0,1
A-4776796,Source1,CA,2022,0,0.10735291963705806,0,0,0
A-7036938,Source1,CA,2020,0,0.1567743623024868,0,0,0
A-3799035,Source1,CA,,0,0.17017233614585167,1,0,1
A-3742576,Source1,CA,2022,0,0.26650454153050507,1,0,1
A-5009504,Source1,CA,2023,0,0.2229830967951541,1,0,1
A-2358884,Source2,CA,2019,1,0.36531432306521294,1,0,0
A-4777297,Source1,CA,2022,0,0.05024467306102959,0,0,0
A-6757984,Source1,CA,2020,0,0.026290796102426607,0,0,0
A-2318858,Source2,CA,2019,0,0.21842549979619802,1,0,1
A-4859719,Source1,TX,2022,0,0.12187756794334495,0,0,0
A-5019000,Source1,TX,2023,0,0.07535047220748041,0,0,0
A-3061526,Source2,TX,2018,0,0.1094243795918862,0,0,0
A-495721,Source2,CA,2017,1,0.43052280924372155,1,0,0
A-3592569,Source1,CA,2017,0,0.35857002768337404,1,0,1
A-4687855,Source1,TX,2023,0,0.0703936318520598,0,0,0
A-19345,Source2,CA,2016,0,0.2981219656469518,1,0,1
A-1120344,Source2,CA,2021,0,0.12823073138503993,0,0,0
A-7416371,Source1,CA,2019,0,0.3163677963280161,1,0,1
A-3796883,Source1,CA,2022,0,0.06392009821666109,0,0,0
A-1556502,Source2,CA,2020,0,0.0548341550579304,0,0,0
A-5147909,Source1,CA,2023,0,0.16406608650963736,0,0,0
A-920785,Source2,CA,2021,1,0.14316633562801664,0,1,0
A-5590947,Source1,CA,2021,0,0.07567228520854001,0,0,0
A-2793992,Source2,CA,2018,0,0.18474303324763938,1,0,1
A-1166269,Source2,CA,2021,0,0.17346170426248742,1,0,1
A-3384771,Source2,TX,2017,0,0.37801321602449767,1,0,1
A-451084,Source2,TX,2017,0,0.35413411666437694,1,0,1
A-641289,Source2,TX,2022,0,0.2637443179553495,1,0,1
A-1966821,Source2,CA,2019,1,0.1793532877326767,1,0,0
A-3053469,Source2,CA,2018,1,0.15370434555135506,0,1,0
A-5749789,Source1,CA,2021,0,0.054112115000805504,0,0,0
A-2942758,Source2,TX,2018,0,0.09157288509733998,0,0,0
A-3203334,Source2,TX,2017,0,0.0774658194939632,0,0,0
A-7222922,Source1,CA,2020,0,0.269505539760521,1,0,1
A-2618348,Source2,CA,2018,0,0.2360347104357848,1,0,1
A-1914894,Source2,TX,2019,0,0.1541036409611085,0,0,0
A-6381062,Source1,TX,2021,0,0.3045188629774576,1,0,1
A-817169,Source2,TX,2021,1,0.18311334769809334,0,1,0
A-3956196,Source1,CA,2022,0,0.19060701424399826,1,0,1
A-3779623,Source1,CA,2023,0,0.27302438602010126,1,0,1
A-730520,Source2,TX,2022,1,0.10125327774738904,0,1,0
A-5436047,Source1,CA,,0,0.03415881348844412,0,0,0
A-3979859,Source1,CA,,0,0.05112867228990916,0,0,0
A-792861,Source2,CA,2021,1,0.07275501232630181,0,1,0
A-4673890,Source1,CA,2022,0,0.26744194152546813,1,0,1
A-1485152,Source2,CA,2020,0,0.1337443521092389,0,0,0
A-7222718,Source1,CA,2020,0,0.2826964449803556,1,0,1
A-6127319,Source1,CA,2021,0,0.2746410332392113,1,0,1
A-4807292,Source1,CA,2022,0,0.2514235398130329,1,0,1
A-7023155,Source1,CA,2020,0,0.10004222099829412,0,0,0
A-5542423,Source1,CA,2021,0,0.12080488591403922,0,0,0
A-3905220,Source1,CA,,0,0.04231725012659785,0,0,0
A-5473637,Source1,CA,,0,0.04479007172067957,0,0,0
A-1859840,Source2,TX,2019,0,0.0696838086941736,0,0,0
A-539386,Source2,TX,2022,0,0.17079999637877646,0,0,0
A-493769,Source2,CA,2017,0,0.13775525216073403,0,0,0
A-7487729,Source1,CA,2018,0,0.2730126038871524,1,0,1
A-3975357,Source1,TX,,0,0.1100040993213636,0,0,0
A-893911,Source2,TX,2021,0,0.16529523743997473,0,0,0
A-7281824,Source1,CA,2020,0,0.1330485095141965,0,0,0
A-1919789,Source2,CA,2019,0,0.17097247717356595,0,0,0
A-3355721,Source2,CA,2017,0,0.3836193303852371,1,0,1
A-5955160,Source1,CA,,0,0.06627820628926148,0,0,0
A-2292891,Source3,CA,2019,1,0.13816844140310236,0,1,0
A-5957225,Source1,CA,2021,0,0.14157143682967144,0,0,0
A-2470894,Source2,CA,2018,0,0.37700735945889025,1,0,1
A-6054086,Source1,CA,2021,0,0.12786982847968437,0,0,0
A-4305073,Source1,CA,2022,0,0.3112747587055485,1,0,1
A-900213,Source2,CA,2021,0,0.1627348561252367,0,0,0
A-7255040,Source1,CA,2020,0,0.037272055213917854,0,0,0
A-5254822,Source1,CA,2022,0,0.04979911384492497,0,0,0
A-562403,Source2,TX,2022,0,0.04396231569157468,0,0,0
A-2168877,Source2,TX,2019,0,0.0331736536160265,0,0,0
A-5194332,Source1,CA,,0,0.14434120746443907,1,0,1
A-3538067,Source1,CA,2016,0,0.3157244197497409,1,0,1
A-2826096,Source2,CA,2018,0,0.3983432704197315,1,0,1
A-1734444,Source2,CA,2019,0,0.11538132888233028,0,0,0
A-5386764,Source1,TX,,0,0.03410777191396437,0,0,0
A-4525787,Source1,CA,2023,0,0.05019984328583889,0,0,0
A-1178870,Source2,CA,2021,0,0.1301327470718065,0,0,0
A-5395026,Source1,TX,2022,0,0.05770959435573273,0,0,0
A-1184698,Source2,TX,2021,0,0.03992397906576721,0,0,0
A-3010443,Source2,CA,2018,1,0.3372795799898497,1,0,0
A-274825,Source2,TX,2016,0,0.0403522629254819,0,0,0
A-6775590,Source1,CA,2020,0,0.25523230428172283,1,0,1
A-3845369,Source1,CA,,0,0.044602892785578774,0,0,0
A-5845419,Source1,CA,2021,0,0.08489503483056632,0,0,0
A-3251149,Source2,CA,2017,0,0.3640172759739462,1,0,1
A-557376,Source2,TX,2022,1,0.17872056290700813,0,1,0
A-7685671,Source1,CA,2017,0,0.3442855544215964,1,0,1
A-1759020,Source2,TX,2019,0,0.07630248899782426,0,0,0
A-1108405,Source2,TX,2021,1,0.2542579175944639,1,0,0
A-5327021,Source1,CA,,0,0.02356128085436994,0,0,0
A-2499354,Source2,CA,2018,0,0.3455292322919304,1,0,1
A-5971514,Source1,CA,,0,0.03965218435087124,0,0,0
A-3686847,Source1,CA,2023,0,0.15714940573266975,0,0,0
A-6744202,Source1,CA,2020,0,0.0395974889394546,0,0,0
A-76229,Source2,CA,2016,1,0.33289713435082324,1,0,0
A-3570420,Source1,TX,2017,0,0.2364190616888197,1,0,1
A-4710970,Source1,CA,2022,0,0.08400038968297413,0,0,0
A-3879812,Source1,CA,2022,0,0.19903652370647257,1,0,1
A-3938443,Source1,CA,2022,0,0.09439553351718237,0,0,0
A-4998560,Source1,CA,2022,0,0.0841497972031771,0,0,0
A-2992051,Source2,CA,2018,1,0.37909490724228617,1,0,0
A-7361216,Source1,CA,2019,1,0.196133272492651,1,0,0
A-271847,Source2,TX,2017,0,0.05984460207604492,0,0,0
A-3590374,Source1,CA,2017,0,0.08191548899871301,0,0,0
A-2225550,Source2,CA,2019,1,0.35797721427136875,1,0,0
A-5388114,Source1,TX,,0,0.12009780208401959,0,0,0
A-6276207,Source1,CA,,0,0.03527633161979031,0,0,0
A-1290771,Source2,CA,2020,0,0.07842030741564461,0,0,0
A-3425208,Source1,TX,2016,1,0.22882014943877754,1,0,0
A-14968,Source2,CA,2016,1,0.33252052863110004,1,0,0
A-1602496,Source3,CA,2020,0,0.07624474556993158,0,0,0
A-2891341,Source2,TX,2018,0,0.050831247773127766,0,0,0
A-7396321,Source1,CA,2019,0,0.13333493674660007,0,0,0
A-7393916,Source1,CA,2019,0,0.13037502999978864,0,0,0
A-2338854,Source2,CA,2019,0,0.31717413867698924,1,0,1
A-3172847,Source2,CA,2017,0,0.20930323630232564,1,0,1
A-6147750,Source1,CA,2021,0,0.29540427262840835,1,0,1
A-7404513,Source1,CA,2019,0,0.10738937946534337,0,0,0
A-7238972,Source1,CA,2020,0,0.42943646757248055,1,0,1
A-6237846,Source1,CA,2021,0,0.21427029400897474,1,0,1
A-402617,Source2,CA,2017,0,0.36671677894944865,1,0,1
A-6279828,Source1,CA,,0,0.029756253372320962,0,0,0
A-5854726,Source1,CA,2021,0,0.28598993287501334,1,0,1
A-3402059,Source2,TX,2017,0,0.20000271997038027,1,0,1
A-28546,Source2,CA,2016,0,0.345629692116323,1,0,1
A-459319,Source2,CA,2017,1,0.2992089826099753,1,0,0
A-5757676,Source1,CA,,0,0.1784823770676384,1,0,1
A-2799390,Source2,CA,2018,1,0.33661261637304335,1,0,0
A-5983481,Source1,CA,,0,0.03629635688805519,0,0,0
A-37470,Source2,CA,2016,0,0.12966099254311897,0,0,0
A-46285,Source2,CA,2016,0,0.43877042193054805,1,0,1
A-5990702,Source1,CA,2021,0,0.15316859467328287,0,0,0
A-766091,Source2,CA,2021,1,0.0656123547453115,0,1,0
A-289872,Source2,TX,2016,1,0.36221798093789415,1,0,0
A-4594176,Source1,CA,2022,0,0.054628273458393904,0,0,0
A-406507,Source2,CA,2017,0,0.05421133539400362,0,0,0
A-1773080,Source2,TX,2019,0,0.10395691342029914,0,0,0
A-7628797,Source1,CA,2018,1,0.32107104969828193,1,0,0
A-7181425,Source1,CA,2020,0,0.078463098781729,0,0,0
A-5500058,Source1,CA,2021,0,0.2847980337130852,1,0,1
A-1731276,Source3,CA,2019,0,0.059750417607382866,0,0,0
A-7295313,Source1,CA,2019,0,0.0636465010285153,0,0,0
A-7166975,Source1,CA,2020,1,0.22234646810984532,1,0,0
A-2078169,Source2,TX,2019,0,0.12941286901193597,0,0,0
A-7135519,Source1,CA,2020,1,0.11132826617883992,0,1,0
A-2743150,Source2,TX,2018,1,0.1393521427691733,0,1,0
A-7348577,Source1,CA,2019,0,0.1066177696168679,0,0,0
A-58088,Source2,CA,2016,0,0.3313849347806265,1,0,1
A-1448263,Source2,TX,2020,0,0.21703035900600498,1,0,1
A-6010359,Source1,TX,,0,0.08827638922795177,0,0,0
A-7266672,Source1,CA,2020,0,0.29255840085069784,1,0,1
A-4418984,Source1,CA,,0,0.030821248601947758,0,0,0
A-2616148,Source2,CA,2018,1,0.3732116239394954,1,0,0
A-3870574,Source1,CA,,0,0.05690077821233804,0,0,0
A-5138478,Source1,TX,,0,0.07697560480929175,0,0,0
A-5192391,Source1,CA,2023,0,0.029624666615156746,0,0,0
A-453100,Source2,TX,2017,1,0.3062599479337811,1,0,0
A-1545522,Source2,TX,2020,0,0.3195808953448588,1,0,1
A-3903149,Source1,CA,2022,0,0.3168367556144357,1,0,1
A-1475183,Source2,CA,2020,0,0.09178123330958286,0,0,0
A-5032271,Source1,CA,2022,0,0.03741161063481261,0,0,0
A-7579598,Source1,TX,2018,1,0.42731180176700595,1,0,0
A-4024653,Source1,CA,2022,0,0.1153576953971509,0,0,0
A-752765,Source2,CA,2022,0,0.029739804998134826,0,0,0
A-1387616,Source2,TX,2020,0,0.027876634900601677,0,0,0
A-6094686,Source1,CA,2021,0,0.04684116312571677,0,0,0
A-6074818,Source1,CA,2021,0,0.052483217991484886,0,0,0
A-3557898,Source1,TX,2017,1,0.35483213463697827,1,0,0
A-5897555,Source1,CA,2021,0,0.07731576979263524,0,0,0
A-1511247,Source2,CA,2020,0,0.09335658034009639,0,0,0
A-4974206,Source1,CA,,0,0.023329553619848894,0,0,0
A-7238565,Source1,CA,2020,0,0.13662837648943787,0,0,0
A-4657877,Source1,TX,2022,0,0.11874021407884769,0,0,0
A-492928,Source2,CA,2017,0,0.28592707335725764,1,0,1
A-432001,Source2,TX,2017,0,0.06439356794592756,0,0,0
A-3552867,Source1,CA,2016,0,0.28471423501014376,1,0,1
A-270752,Source2,TX,2017,0,0.4161170787910978,1,0,1
A-5680557,Source1,CA,2021,0,0.2746719480006071,1,0,1
A-391618,Source2,TX,2017,0,0.413283655553892,1,0,1
A-5724272,Source1,CA,2021,0,0.07305648803410392,0,0,0
A-2768496,Source2,TX,2018,0,0.04169965169202948,0,0,0
A-1089303,Source2,CA,2021,0,0.24996138400847262,1,0,1
A-531303,Source2,TX,2022,1,0.20753272147283405,1,0,0
A-4564909,Source1,CA,,0,0.037203965409245296,0,0,0
A-5478743,Source1,TX,2021,0,0.06022345662727504,0,0,0
A-1667927,Source3,CA,2020,1,0.0650689175448865,0,1,0
A-72813,Source2,CA,2016,0,0.29504901716980564,1,0,1
A-769615,Source2,CA,2021,1,0.15235804923562735,0,1,0
A-2515713,Source2,CA,2018,1,0.1561523627639951,0,1,0
A-6970494,Source1,CA,2020,0,0.2511431510651767,1,0,1
A-7241701,Source1,CA,2020,0,0.2117765829402937,1,0,1
A-6674888,Source1,CA,2020,0,0.0679281200928682,0,0,0
A-315422,Source2,CA,2017,0,0.04427235701242208,0,0,0
A-5537856,Source1,CA,2021,0,0.036677358215200226,0,0,0
A-38028,Source2,CA,2016,0,0.25457445430588693,1,0,1
A-2451833,Source2,CA,2018,0,0.31751598556400346,1,0,1
A-408420,Source2,CA,2017,1,0.35825626879464145,1,0,0
A-1190885,Source2,CA,2021,0,0.07222605932140826,0,0,0
A-1055188,Source2,CA,2021,0,0.11642503743901864,0,0,0
A-2036830,Source2,TX,2019,1,0.24385277147804113,1,0,0
A-670290,Source2,TX,2022,1,0.3423248057218954,1,0,0
A-93091,Source2,CA,2016,0,0.12928088185224626,0,0,0
A-2338699,Source2,CA,2019,0,0.17928688425967693,0,0,0
A-7514518,Source1,CA,2018,0,0.16641497267151978,0,0,0
A-517450,Source2,CA,2022,0,0.1412679541289485,0,0,0
A-5308854,Source1,CA,2022,0,0.04957813250799743,0,0,0
A-7272841,Source1,CA,2020,0,0.09417307917768729,0,0,0
A-7352618,Source1,CA,2019,0,0.045340583781908035,0,0,0
A-2997790,Source2,CA,2018,1,0.341443567809751,1,0,0
A-25092,Source2,CA,2016,0,0.22034569145933242,1,0,1
A-4434263,Source1,CA,2023,0,0.04268713850078791,0,0,0
A-1746878,Source2,CA,2019,0,0.16962236599144903,1,0,1
A-7582517,Source1,TX,2018,0,0.3563218815293036,1,0,1
A-306372,Source2,TX,2016,0,0.3712357313074309,1,0,1
A-4365513,Source1,TX,,0,0.046113626118784695,0,0,0
A-6724777,Source1,CA,2020,0,0.0636096692982747,0,0,0
A-1422968,Source2,CA,2020,0,0.06472687845446659,0,0,0
A-930458,Source2,CA,2021,1,0.16681650391515468,0,1,0
A-13927,Source2,CA,2016,1,0.4020570033976513,1,0,0
A-6499537,Source1,CA,2021,0,0.09792278828937799,0,0,0
A-7395138,Source1,CA,2019,0,0.06305939897554291,0,0,0
A-3747073,Source1,CA,2022,0,0.2471508702437065,1,0,1
A-7583573,Source1,CA,2018,0,0.22810111218917267,1,0,1
A-392869,Source2,TX,2017,0,0.09129602281389565,0,0,0
A-288745,Source2,TX,2016,0,0.3240955260852937,1,0,1
A-4527933,Source1,CA,,0,0.03548349581655182,0,0,0
A-4484956,Source1,CA,2022,0,0.08115391765808083,0,0,0
A-4883813,Source1,CA,,0,0.02567607693465428,0,0,0
A-3309328,Source2,CA,2017,0,0.35814889626667734,1,0,1
A-293561,Source2,TX,2016,1,0.32596812466017144,1,0,0
A-4869594,Source1,CA,2022,0,0.09352330539108555,0,0,0
A-56805,Source2,CA,2016,1,0.0844838587989151,0,1,0
A-4536318,Source1,CA,2022,0,0.10457240382769106,0,0,0
A-334234,Source2,TX,2017,0,0.31535985017456236,1,0,1
A-7525137,Source1,TX,2018,1,0.3433021758377938,1,0,0
A-1198387,Source2,TX,2021,0,0.0831279520201719,0,0,0
A-1824724,Source2,CA,2019,0,0.26957617447696763,1,0,1
A-6342191,Source1,CA,2021,0,0.16069099430064704,0,0,0
A-391042,Source2,TX,2017,1,0.3667711418453926,1,0,0
A-3662003,Source1,CA,2023,0,0.03821033963699115,0,0,0
A-4952007,Source1,TX,2022,0,0.08322942721421796,0,0,0
A-3623134,Source1,CA,2017,1,0.36284805626318467,1,0,0
A-1684220,Source2,TX,2019,0,0.06210673434351048,0,0,0
A-56354,Source2,CA,2016,1,0.4416968482698865,1,0,0
A-5097428,Source1,CA,,0,0.032096190905985984,0,0,0
A-5844270,Source1,CA,,0,0.051854072913613346,0,0,0
A-7199332,Source1,CA,2020,0,0.37263454946070035,1,0,1
A-7101084,Source1,CA,2020,0,0.3739900964426076,1,0,1
A-276104,Source2,TX,2016,0,0.30261082750606977,1,0,1
A-4692350,Source1,CA,2022,0,0.09605136544065399,0,0,0
A-4149545,Source1,CA,2022,0,0.05948193654533442,0,0,0
A-1732100,Source2,CA,2019,1,0.18296371936353156,0,1,0
A-3877418,Source1,CA,2023,0,0.19957085348296996,1,0,1
A-320242,Source2,CA,2017,1,0.28089333169445324,1,0,0
A-7291753,Source1,CA,2019,0,0.10870347832747947,0,0,0
A-6280542,Source1,CA,,0,0.041696843635919606,0,0,0
A-775922,Source2,CA,2021,0,0.08882617793238627,0,0,0
A-3239329,Source2,TX,2017,0,0.3673048497482253,1,0,1
A-4813090,Source1,CA,2022,0,0.05346373193905457,0,0,0
A-7224071,Source1,CA,2020,0,0.0343527795863159,0,0,0
A-7403697,Source1,CA,2019,0,0.07765120940210626,0,0,0
A-6176183,Source1,CA,2021,0,0.1019772952671413,0,0,0
A-5376228,Source1,CA,,0,0.04303341747497028,0,0,0
A-1559103,Source2,CA,2020,0,0.19043284766461444,1,0,1
A-6368109,Source1,TX,2021,0,0.06800614873181784,0,0,0
A-7187749,Source1,CA,2020,0,0.29096655004258776,1,0,1
A-40504,Source2,CA,2016,1,0.213686427312411,1,0,0
A-2070182,Source2,CA,2019,1,0.14010741831963855,0,1,0
A-4011440,Source1,CA,,0,0.01995737948085565,0,0,0
A-621810,Source2,TX,2022,0,0.03438476720279777,0,0,0
A-3002348,Source2,TX,2018,0,0.29818750031219643,1,0,1
A-2585722,Source2,CA,2018,1,0.434500562305391,1,0,0
A-837714,Source3,CA,2021,0,0.050862696097617385,0,0,0
A-1123865,Source2,CA,2021,0,0.05120963050669366,0,0,0
A-7065448,Source1,CA,2020,0,0.1782804204311072,0,0,0
A-4724196,Source1,CA,2022,0,0.09763000635101268,0,0,0
A-5186034,Source1,CA,2022,0,0.07841925875435216,0,0,0
A-1508341,Source2,CA,2020,0,0.08184699661996174,0,0,0
A-3382268,Source2,CA,2017,0,0.05842574495764512,0,0,0
A-4315453,Source1,CA,2022,0,0.03371073708210096,0,0,0
A-3749258,Source1,CA,,0,0.06512023648552209,0,0,0
A-7067475,Source1,CA,2020,0,0.04077750861187458,0,0,0
A-4348140,Source1,TX,2022,0,0.12793357294113666,0,0,0
A-5275292,Source1,TX,2022,0,0.12137147926729028,0,0,0
A-7179470,Source1,CA,2020,0,0.2965287417091704,1,0,1
A-2152661,Source2,CA,2019,1,0.40874696112141173,1,0,0
A-70925,Source2,CA,2016,0,0.1506476629637458,0,0,0
A-407593,Source2,CA,2017,1,0.17665400159478314,1,0,0
A-5631834,Source1,CA,2021,0,0.32957985980898885,1,0,1
A-5538066,Source1,CA,2021,0,0.08903069490794899,0,0,0
A-6992950,Source1,CA,2020,0,0.13133040814721167,0,0,0
A-3220897,Source2,TX,2017,1,0.40449406654677045,1,0,0
A-4769783,Source1,CA,2022,0,0.13983419187190643,0,0,0
A-1060413,Source2,CA,2021,1,0.26108981335803233,1,0,0
A-871667,Source2,CA,2021,0,0.07545626306273864,0,0,0
A-5414356,Source1,TX,,0,0.03712202033357216,0,0,0
A-7155214,Source1,CA,2020,0,0.24040574248072882,1,0,1
A-6752941,Source1,TX,2020,0,0.19369948299222134,1,0,1
A-3059147,Source2,CA,2018,1,0.2699089546219359,1,0,0
A-597145,Source2,CA,2022,0,0.3119716597811458,1,0,1
A-4140781,Source1,CA,2023,0,0.30591619772554174,1,0,1
A-7625269,Source1,CA,2018,0,0.08225792217872506,0,0,0
A-6335020,Source1,CA,2021,0,0.09747824168875527,0,0,0
A-4797228,Source1,CA,,1,0.15578964305338958,0,1,0
A-3002284,Source2,TX,2018,1,0.3326307538815688,1,0,0
A-6092682,Source1,CA,2021,0,0.08065319479432127,0,0,0
A-2984579,Source2,TX,2018,0,0.3526478432723817,1,0,1
A-3414688,Source1,CA,2016,0,0.23697966914729257,1,0,1
A-6174450,Source1,CA,2021,0,0.10999401001616231,0,0,0
A-5124724,Source1,CA,2022,0,0.30014051555256804,1,0,1
A-1569305,Source2,TX,2020,0,0.05661324958066603,0,0,0
A-6964240,Source1,CA,2020,0,0.0708123707078229,0,0,0
A-1431792,Source2,TX,2020,1,0.050379433849030965,0,1,0
A-2796531,Source3,CA,2018,1,0.2251968998482501,1,0,0
A-2307928,Source2,TX,2019,1,0.3095477564699546,1,0,0
A-1505026,Source3,CA,2020,0,0.3451548019986426,1,0,1
A-3565740,Source1,CA,2017,0,0.26714081440171433,1,0,1
A-4725047,Source1,CA,,0,0.08863908515400881,0,0,0
A-4234324,Source1,CA,2022,0,0.0799314908814944,0,0,0
A-996514,Source2,TX,2021,0,0.1397359055068063,0,0,0
A-3440857,Source1,TX,2016,0,0.36206367299669495,1,0,1
A-336307,Source2,CA,2017,0,0.4105606224001178,1,0,1
A-6469343,Source1,CA,2021,0,0.0556912143454368,0,0,0
A-289822,Source2,TX,2016,0,0.06752072750607378,0,0,0
A-6451031,Source1,TX,,0,0.06835724187553241,0,0,0
A-101251,Source2,CA,2016,0,0.22263572501989376,1,0,1
A-6984944,Source1,CA,2020,0,0.1773334074820964,1,0,1
A-6904367,Source1,CA,2020,0,0.08847682729160736,0,0,0
A-5054422,Source1,TX,2023,0,0.034691851100196035,0,0,0
A-702853,Source2,CA,2022,0,0.030153654696972555,0,0,0
A-6109790,Source1,CA,,0,0.047484742708693746,0,0,0
A-6591590,Source1,TX,2020,0,0.05274516761161101,0,0,0
A-7073582,Source1,CA,2020,0,0.31716684650038623,1,0,1
A-3251157,Source2,CA,2017,1,0.32728557463922947,1,0,0
A-5839539,Source1,CA,2021,0,0.047858750352771165,0,0,0
A-6260995,Source1,TX,2021,0,0.06603145829331154,0,0,0
A-5716287,Source1,CA,,0,0.048985056811562254,0,0,0
A-286898,Source2,TX,2016,0,0.15690767222374835,0,0,0
A-4242639,Source1,CA,2022,0,0.24818416562257192,1,0,1
A-7216967,Source1,CA,2020,0,0.03902972157089118,0,0,0
A-6419506,Source1,CA,2021,0,0.10436099581201339,0,0,0
A-1768727,Source2,CA,2019,1,0.2971437433595031,1,0,0
A-7370881,Source1,CA,2019,0,0.08968049132776984,0,0,0
A-3609618,Source1,CA,2017,1,0.1714453646722407,0,1,0
A-6457798,Source1,TX,2021,0,0.1103889254974006,0,0,0
A-7735763,Source1,CA,2019,1,0.17107801525514915,0,1,0
A-978246,Source2,TX,2021,0,0.12786881313003978,0,0,0
A-6661490,Source1,TX,2020,0,0.06591987823503657,0,0,0
A-3544185,Source1,CA,2016,0,0.39975484127802263,1,0,1
A-5646192,Source1,CA,2021,0,0.1582506796458571,0,0,0
A-5254860,Source1,CA,2022,0,0.164398564892027,0,0,0
A-5346157,Source1,CA,2022,0,0.2963899185237687,1,0,1
A-3202342,Source2,CA,2017,0,0.3811247330805213,1,0,1
A-4268800,Source1,CA,,0,0.039113498760400864,0,0,0
A-1105396,Source2,CA,2021,0,0.2970600477266467,1,0,1
A-1484665,Source2,TX,2020,0,0.18624397859768713,1,0,1
A-2033928,Source3,CA,2019,0,0.1719659272639406,0,0,0
A-6908193,Source1,CA,2020,0,0.052078287794734134,0,0,0
A-1248588,Source2,CA,2020,1,0.09949184963613919,0,1,0
A-7436191,Source1,CA,2019,0,0.2913946123896697,1,0,1
A-1628136,Source2,TX,2020,0,0.12496694280273264,0,0,0
A-7828,Source2,CA,2016,0,0.24549434050716004,1,0,1
A-1337164,Source2,CA,2020,0,0.06221817259170379,0,0,0
A-1678156,Source2,TX,2020,0,0.0647757220205301,0,0,0
A-2968279,Source2,CA,2018,0,0.11292169286351086,0,0,0
A-7074284,Source1,CA,2020,0,0.041151016048584274,0,0,0
A-25657,Source2,CA,2016,0,0.13369360696328442,0,0,0
A-303334,Source2,TX,2016,0,0.33949225404801153,1,0,1
A-4377656,Source1,CA,2022,0,0.07102251655059169,0,0,0
A-6266549,Source1,CA,2021,0,0.08259431920182972,0,0,0
A-2413078,Source2,CA,2018,0,0.39340413236742106,1,0,1
A-75276,Source2,CA,2016,0,0.1955269786573323,1,0,1
A-6139193,Source1,TX,,0,0.0779965241894384,0,0,0
A-2724451,Source2,CA,2018,1,0.3057246525816514,1,0,0
A-5507014,Source1,TX,2021,0,0.15483225891314395,0,0,0
A-5114355,Source1,CA,2022,0,0.08576824527782816,0,0,0
A-4702143,Source1,CA,2022,0,0.20063839752919624,1,0,1
A-3611761,Source1,TX,2017,1,0.31459936463623384,1,0,0
A-7408910,Source1,CA,2019,0,0.11800927148377438,0,0,0
A-1860441,Source3,CA,2019,1,0.09684834063023433,0,1,0
A-2490781,Source2,CA,2018,1,0.4365940790610587,1,0,0
A-4918279,Source1,CA,2022,0,0.26002107921699097,1,0,1
A-6120840,Source1,TX,,0,0.12251477202046077,0,0,0
A-7515439,Source1,CA,2018,1,0.3055435422503668,1,0,0
A-6596924,Source1,TX,2020,0,0.10841129597236547,0,0,0
A-317995,Source2,CA,2017,1,0.3726884259292207,1,0,0
A-2195119,Source2,CA,2019,1,0.04124213002433691,0,1,0
A-1966634,Source2,TX,2019,1,0.2002683402316258,1,0,0
A-4705917,Source1,CA,2022,0,0.21047167488963175,1,0,1
A-4042250,Source1,CA,2022,0,0.21256455929488732,1,0,1
A-3636735,Source1,CA,2017,0,0.3579601236339038,1,0,1
A-30891,Source2,CA,2016,1,0.3171014258707531,1,0,0
A-4101960,Source1,TX,,0,0.05442209709474586,0,0,0
A-72431,Source2,CA,2016,1,0.39544219018394144,1,0,0
A-5369522,Source1,CA,2022,0,0.05777531801007979,0,0,0
A-837986,Source2,CA,2021,0,0.07528581636138436,0,0,0
A-7412651,Source1,CA,2019,0,0.10899532341625354,0,0,0
A-7362868,Source1,CA,2019,0,0.22952598168287414,1,0,1
A-4147181,Source1,TX,2022,0,0.16546470748972042,0,0,0
A-4599266,Source1,CA,,0,0.03126336487085927,0,0,0
A-548785,Source2,CA,2022,0,0.32040956153574174,1,0,1
A-5646929,Source1,CA,2021,0,0.07759447784494349,0,0,0
A-1438359,Source2,TX,2020,1,0.06180930587132218,0,1,0
A-7390275,Source1,CA,2019,0,0.05617018736070887,0,0,0
A-4875333,Source1,CA,,0,0.022850111228293023,0,0,0
A-5023549,Source1,CA,2022,1,0.16688460638295696,1,0,0
A-3848271,Source1,CA,2022,0,0.11732921118414577,0,0,0
A-4834873,Source1,CA,2022,0,0.06355055052778519,0,0,0
A-5082918,Source1,CA,,0,0.028213960205694128,0,0,0
A-5528758,Source1,CA,2021,0,0.07736026219856557,0,0,0
A-6970906,Source1,CA,2020,0,0.19802418773428748,1,0,1
A-4591679,Source1,CA,2022,0,0.08334322892581533,0,0,0
A-1897352,Source2,TX,2019,0,0.1432317266375411,0,0,0
A-2325521,Source2,CA,2019,1,0.35703877496396225,1,0,0
A-2972324,Source2,CA,2018,1,0.33931026963164845,1,0,0
A-4296510,Source1,TX,2022,0,0.30573591231004643,1,0,1
A-4493092,Source1,TX,2022,0,0.09874738264304986,0,0,0
A-1612266,Source3,CA,2020,1,0.09000794159248975,0,1,0
A-6862781,Source1,TX,2020,0,0.07268673926326989,0,0,0
A-3700717,Source1,CA,2023,0,0.058301234822665825,0,0,0
A-3550712,Source1,CA,2016,0,0.23308316012221536,1,0,1
A-42756,Source2,CA,2016,0,0.4164523794641485,1,0,1
A-6898173,Source1,TX,2020,0,0.06471423998662429,0,0,0
A-2487240,Source2,CA,2018,0,0.37839143531377906,1,0,1
A-459489,Source2,CA,2017,1,0.38102238053784065,1,0,0
A-5352529,Source1,CA,2023,0,0.04945088961013634,0,0,0
A-48045,Source2,CA,2016,0,0.21627574168674307,1,0,1
A-7583502,Source1,TX,2018,0,0.31556894783773004,1,0,1
A-568539,Source2,CA,2022,0,0.2265575992760745,1,0,1
A-3002820,Source2,TX,2018,1,0.32655172828553736,1,0,0
A-529074,Source3,CA,2022,0,0.11433717381103303,0,0,0
A-949727,Source2,CA,2021,0,0.03842513320070514,0,0,0
A-60703,Source2,CA,2017,0,0.20910190956261682,1,0,1
A-83126,Source2,CA,2016,0,0.45036369402040843,1,0,1
A-6230398,Source1,CA,2021,0,0.06643948435076447,0,0,0
A-2078580,Source2,CA,2019,0,0.22600565139380852,1,0,1
A-6353,Source2,CA,2016,0,0.10540440431703894,0,0,0
A-63912,Source2,CA,2017,0,0.37078081621626546,1,0,1
A-62660,Source2,CA,2017,0,0.3224312428340282,1,0,1
A-5470747,Source1,CA,2021,0,0.04945363619807997,0,0,0
A-5799019,Source1,CA,,0,0.04683513717053478,0,0,0
A-3952916,Source1,CA,2022,0,0.07517911531129579,0,0,0
A-1883945,Source2,TX,2019,0,0.11651393711747973,0,0,0
A-7273077,Source1,CA,2020,0,0.08482871459452651,0,0,0
A-17999,Source2,CA,2016,1,0.29909058933463384,1,0,0
A-4287696,Source1,CA,,0,0.04582533683186042,0,0,0
A-4116196,Source1,CA,,0,0.05986196471900111,0,0,0
A-5138346,Source1,CA,,0,0.18800404039613078,1,0,1
A-2224846,Source2,TX,2019,1,0.2948732779854761,1,0,0
A-1589669,Source2,TX,2020,0,0.21086323256504783,1,0,1
A-7160604,Source1,CA,2020,0,0.06706540619088722,0,0,0
A-5271685,Source1,CA,,0,0.15638756045870483,1,0,1
A-2467802,Source2,CA,2018,1,0.33597907475399114,1,0,0
A-5743247,Source1,TX,2021,0,0.24012188747087043,1,0,1
A-264386,Source2,TX,2016,0,0.4082065412073891,1,0,1
A-4404320,Source1,CA,,0,0.05540002453948869,0,0,0
A-6746364,Source1,CA,2020,0,0.05668617177662703,0,0,0
A-4891332,Source1,CA,2022,0,0.09436651230284579,0,0,0
A-4634050,Source1,CA,,0,0.06816068095573127,0,0,0
A-4726388,Source1,CA,,0,0.047946232899928505,0,0,0
A-462055,Source2,CA,2017,0,0.1490439075347866,0,0,0
A-4596737,Source1,CA,2022,0,0.11163069081983834,0,0,0
A-3894105,Source1,TX,2022,0,0.15687976176130938,0,0,0
A-5023835,Source1,CA,2022,0,0.09681963544316824,0,0,0
A-5673215,Source1,TX,2021,0,0.16431561769637418,0,0,0
A-30676,Source2,CA,2016,0,0.35806486539753435,1,0,1
A-1464955,Source2,CA,2020,0,0.3017505250201128,1,0,1
A-2531826,Source2,CA,2018,0,0.36766186517331156,1,0,1
A-4549223,Source1,CA,2022,0,0.04935301907114449,0,0,0
A-5851791,Source1,CA,2021,0,0.15409665977874956,0,0,0
A-3415750,Source1,CA,2016,0,0.308821537914152,1,0,1
A-5453822,Source1,CA,2022,0,0.054299662628272106,0,0,0
A-1518811,Source2,CA,2020,0,0.11358963748314903,0,0,0
A-2755433,Source2,CA,2018,0,0.07936379730549431,0,0,0
A-7437288,Source1,TX,2019,1,0.32360844395531513,1,0,0
A-7252931,Source1,CA,2020,0,0.23436825615909446,1,0,1
A-1516838,Source2,TX,2020,1,0.1135843269987643,0,1,0
A-947138,Source2,CA,2021,0,0.32625964000929014,1,0,1
A-6953947,Source1,CA,2020,0,0.08118486613370865,0,0,0
A-485759,Source2,TX,2017,1,0.28297743892935223,1,0,0
A-6106244,Source1,CA,2021,0,0.06195549922839817,0,0,0
A-4772189,Source1,CA,,0,0.038180944359615505,0,0,0
A-3844786,Source1,CA,,0,0.05082371065645743,0,0,0
A-674232,Source2,TX,2022,0,0.08673468312505554,0,0,0
A-7695632,Source1,CA,2017,0,0.3104089545201164,1,0,1
A-1513259,Source2,CA,2020,0,0.23751532466921227,1,0,1
A-4534840,Source1,CA,2022,0,0.08864900743696875,0,0,0
A-7288656,Source1,CA,2019,0,0.09860432971382435,0,0,0
A-7113532,Source1,CA,2020,0,0.13977583090648657,0,0,0
A-348855,Source2,CA,2017,1,0.3880630852906058,1,0,0
A-4539200,Source1,CA,,0,0.04569446849297239,0,0,0
A-69578,Source2,CA,2016,0,0.46684457110095706,1,0,1
A-1307474,Source2,TX,2020,0,0.051097401341435755,0,0,0
A-4563087,Source1,CA,,0,0.06026471932366777,0,0,0
A-6477994,Source1,TX,,0,0.07658735380532451,0,0,0
A-4748455,Source1,CA,2022,0,0.3603312820794784,1,0,1
A-6749891,Source1,CA,2020,0,0.27897565838885374,1,0,1
A-3239619,Source2,TX,2017,0,0.0642047273311114,0,0,0
A-7749179,Source1,CA,2019,0,0.16943339035949162,0,0,0
A-2253821,Source2,CA,2019,0,0.3062173985019573,1,0,1
A-2067126,Source2,CA,2019,1,0.1335061487306701,0,1,0
A-2146899,Source2,CA,2019,0,0.24963036140040532,1,0,1
A-3414204,Source1,CA,2016,0,0.2880244968498456,1,0,1
A-6848998,Source1,CA,2020,0,0.04354010536354234,0,0,0
A-3167083,Source2,CA,2017,0,0.40993162776772135,1,0,1
A-280170,Source2,TX,2016,0,0.3213047270998901,1,0,1
A-801560,Source2,CA,2021,0,0.05642333848892391,0,0,0
A-6743810,Source1,CA,2020,0,0.08987942233272189,0,0,0
A-2093802,Source2,CA,2019,0,0.031631608568229115,0,0,0
A-69912,Source2,CA,2016,0,0.36522975148892456,1,0,1
A-67142,Source2,CA,2016,1,0.4209527194169385,1,0,0
A-6398815,Source1,CA,2021,0,0.13287679150682805,0,0,0
A-6023989,Source1,CA,2021,0,0.039370552644304675,0,0,0
A-6961099,Source1,CA,2020,0,0.03498590796920242,0,0,0
A-4028708,Source1,CA,2022,0,0.0544769400911125,0,0,0
A-5558092,Source1,CA,,0,0.05655357766999582,0,0,0
A-5348719,Source1,CA,2022,0,0.11012270263007543,0,0,0
A-5429963,Source1,CA,,0,0.0372728804738012,0,0,0
A-5871906,Source1,CA,2021,0,0.09204055708089609,0,0,0
A-6713595,Source1,CA,2020,0,0.28297743892935223,1,0,1
A-1752999,Source2,TX,2019,0,0.2061051126069171,1,0,1
A-89202,Source2,CA,2016,0,0.39458123474767126,1,0,1
A-3136181,Source2,TX,2017,0,0.2186243065582698,1,0,1
A-5179497,Source1,CA,2022,0,0.10442315087850249,0,0,0
A-7081780,Source1,CA,2020,0,0.2682716233137188,1,0,1
A-6680852,Source1,CA,2020,0,0.03685943830240873,0,0,0
A-3590515,Source1,CA,2017,0,0.2128935753031164,1,0,1
A-3387724,Source2,CA,2017,0,0.38010498368666884,1,0,1
A-6089902,Source1,CA,2021,0,0.08834700820474617,0,0,0
A-2960876,Source2,CA,2018,0,0.3010880861196304,1,0,1
A-3211549,Source2,TX,2017,0,0.1279997531703771,0,0,0
A-5189407,Source1,CA,2022,0,0.15993709807920653,0,0,0
A-6765977,Source1,TX,2020,0,0.05251448327359991,0,0,0
A-6367373,Source1,CA,,0,0.03835411086958433,0,0,0
A-982158,Source2,CA,2021,0,0.27373325846635266,1,0,1
A-3687829,Source1,TX,2023,0,0.08266861440466712,0,0,0
A-3724466,Source1,CA,,0,0.06257613818560008,0,0,0
A-1320810,Source2,TX,2020,0,0.363161802353718,1,0,1
A-5422951,Source1,CA,2023,0,0.2097292615466587,1,0,1
A-3828277,Source1,TX,2022,0,0.04756107639137648,0,0,0
A-6362570,Source1,CA,2021,0,0.04767452555533358,0,0,0
A-1642271,Source2,TX,2020,0,0.12321157672115098,0,0,0
A-2637229,Source2,CA,2018,1,0.35907503719222705,1,0,0
A-3922001,Source1,CA,2022,0,0.07510672696464549,0,0,0
A-4446159,Source1,TX,2022,0,0.038106537895157236,0,0,0
A-5156488,Source1,TX,2022,0,0.18476026848673294,1,0,1
A-80630,Source2,CA,2016,0,0.14095755572758267,0,0,0
A-7560417,Source1,CA,2018,0,0.4294257761027029,1,0,1
A-4686192,Source1,TX,2022,0,0.05590234295388132,0,0,0
A-6475885,Source1,CA,2021,0,0.06881314405223389,0,0,0
A-918741,Source2,CA,2021,0,0.12012202202190407,0,0,0
A-861230,Source2,CA,2021,1,0.05517902457138414,0,1,0
A-2581030,Source2,CA,2018,0,0.29018060622060465,1,0,1
A-6158453,Source1,TX,2021,0,0.14383464697277845,0,0,0
A-1834151,Source2,CA,2019,0,0.12371977111873247,0,0,0
A-2211155,Source2,CA,2019,0,0.12555066944342286,0,0,0
A-4415164,Source1,TX,2023,0,0.10379002540801267,0,0,0
A-3661645,Source1,CA,2023,0,0.12347320000358512,0,0,0
A-566007,Source2,CA,2022,0,0.16760100127014146,0,0,0
A-6462373,Source1,CA,2021,0,0.05793074927725713,0,0,0
A-4966172,Source1,CA,2022,0,0.08189205038562739,0,0,0
A-4574405,Source1,TX,2023,0,0.12373831581817933,0,0,0
A-790322,Source2,TX,2021,0,0.0976946884130429,0,0,0
A-6897567,Source1,CA,2020,0,0.03931046933055369,0,0,0
A-2786485,Source2,CA,2018,1,0.16049909759404607,0,1,0
A-3296292,Source2,TX,2017,0,0.4346699807848148,1,0,1
A-6863767,Source1,CA,2020,0,0.15597273220224128,0,0,0
A-7321239,Source1,CA,2019,0,0.0671105374643112,0,0,0
A-3554837,Source1,CA,2016,0,0.24508717180242018,1,0,1
A-7111526,Source1,CA,2020,0,0.037859546225067243,0,0,0
A-6816169,Source1,CA,2020,0,0.15846822062802493,0,0,0
A-6508807,Source1,CA,2021,0,0.05820532964245417,0,0,0
A-2594907,Source2,CA,2018,0,0.12883780842662226,0,0,0
A-100751,Source2,CA,2016,0,0.3981912325101312,1,0,1
A-4709144,Source1,CA,2023,0,0.07700871406358627,0,0,0
A-7587681,Source1,TX,2018,1,0.2837742543267328,1,0,0
A-6979778,Source1,TX,2020,1,0.2080754295896546,1,0,0
A-1897820,Source2,TX,2019,1,0.35110000070404224,1,0,0
A-6248178,Source1,CA,2021,0,0.06167775815138589,0,0,0
A-7250744,Source1,CA,2020,0,0.039823392446465634,0,0,0
A-17630,Source2,CA,2016,0,0.2912459649265279,1,0,1
A-2585821,Source3,CA,2018,0,0.049705990850240724,0,0,0
A-5475267,Source1,TX,2021,0,0.2387451379205964,1,0,1
A-3910640,Source1,CA,2022,0,0.1591746641703156,0,0,0
A-7718630,Source1,TX,2019,0,0.21514406268262895,1,0,1
A-3761279,Source1,CA,2022,0,0.07116041845934215,0,0,0
A-5522563,Source1,CA,,0,0.22252546966176207,1,0,1
A-96828,Source2,CA,2016,0,0.4604543568652496,1,0,1
A-2528545,Source2,CA,2018,1,0.341133938867712,1,0,0
A-4010515,Source1,CA,2022,0,0.1457311989419708,0,0,0
A-3331064,Source2,TX,2017,0,0.12376994033084618,0,0,0
A-1806168,Source2,CA,2019,0,0.1295311246567757,0,0,0
A-54868,Source2,CA,2016,0,0.3367480280731135,1,0,1
A-4696169,Source1,CA,,0,0.041965797196063984,0,0,0
A-5224149,Source1,TX,,0,0.0717186002787072,0,0,0
A-4153513,Source1,CA,2022,0,0.28599260736318,1,0,1
A-394899,Source2,TX,2017,1,0.05458751890706539,0,1,0
A-3347216,Source2,TX,2017,0,0.1721529303959688,0,0,0
A-1191262,Source2,TX,2021,0,0.08370442099931744,0,0,0
A-5840358,Source1,TX,2021,0,0.16072279573381554,0,0,0
A-4385761,Source1,CA,2022,0,0.1945402115029912,1,0,1
A-911503,Source2,TX,2021,0,0.06566465377917499,0,0,0
A-5755294,Source1,TX,2021,0,0.35504939397068996,1,0,1
A-3668098,Source1,CA,,0,0.14613467320229048,0,0,0
A-5977822,Source1,CA,2021,0,0.2326276486211011,1,0,1
A-6759791,Source1,CA,2020,0,0.11189489119498841,0,0,0
A-7079129,Source1,CA,2020,0,0.08008825430914387,0,0,0
A-4637244,Source1,CA,2022,0,0.05228454245899313,0,0,0
A-955376,Source2,CA,2021,0,0.09000351386755942,0,0,0
A-5804355,Source1,CA,2021,0,0.07962833861795018,0,0,0
A-5566,Source2,CA,2016,1,0.3842177333342975,1,0,0
A-4225582,Source1,TX,2023,0,0.33061454930656237,1,0,1
A-390580,Source2,TX,2017,0,0.06866936076671967,0,0,0
A-6280026,Source1,TX,,0,0.05762830660287055,0,0,0
A-5945972,Source1,CA,2021,0,0.12164987478461639,0,0,0
A-1318868,Source2,TX,2020,0,0.10535213071855179,0,0,0
A-5405180,Source1,CA,,0,0.13973274153270876,0,0,0
A-1488410,Source3,CA,2020,0,0.06308215796736256,0,0,0
A-65195,Source2,CA,2017,0,0.2693131355613846,1,0,1
A-7420048,Source1,CA,2019,0,0.2636481527783047,1,0,1
A-4043990,Source1,CA,2022,0,0.12254269238626295,0,0,0
A-7119711,Source1,CA,2020,0,0.18096461643864262,1,0,1
A-3590816,Source1,CA,2017,0,0.35044994478780805,1,0,1
A-2665397,Source2,CA,2018,0,0.42905525839099184,1,0,1
A-5964085,Source1,CA,2021,0,0.05907348290188834,0,0,0
A-4795933,Source1,CA,2022,0,0.3118826290889485,1,0,1
A-4632311,Source1,CA,2022,0,0.08794101436282616,0,0,0
A-6868151,Source1,CA,2020,0,0.09625883966248858,0,0,0
A-7061850,Source1,CA,2020,1,0.13916457540272792,0,1,0
A-6745860,Source1,CA,2020,0,0.02857910898624407,0,0,0
A-7115987,Source1,CA,2020,0,0.11996441621964368,0,0,0
A-6747433,Source1,CA,2020,0,0.0822713858886235,0,0,0
A-2639070,Source2,TX,2018,0,0.3761562514635555,1,0,1
A-607457,Source2,TX,2022,0,0.2634206530973815,1,0,1
A-7562712,Source1,CA,2018,0,0.3071758867183757,1,0,1
A-7750590,Source1,CA,2019,0,0.11589687925018959,0,0,0
A-3557910,Source1,TX,2017,1,0.3223161732193546,1,0,0
A-2265438,Source2,TX,2019,0,0.1431862343265557,0,0,0
A-5875885,Source1,TX,2021,0,0.09704923281418847,0,0,0
A-5654163,Source1,CA,,0,0.17502468893480955,1,0,1
A-7610911,Source1,CA,2018,0,0.4253310111759009,1,0,1
A-6510392,Source1,CA,2021,0,0.05377172599231013,0,0,0
A-30036,Source2,CA,2016,0,0.17816705039461792,1,0,1
A-7347456,Source1,CA,2019,0,0.09503372808412705,0,0,0
A-2271032,Source2,TX,2019,0,0.3429441843329334,1,0,1
A-1695161,Source2,CA,2019,0,0.04464047959060445,0,0,0
A-4631022,Source1,TX,2023,0,0.06773924478870688,0,0,0
A-1715208,Source2,TX,2019,0,0.03604243873785978,0,0,0
A-2565133,Source2,TX,2018,1,0.3752998921827961,1,0,0
A-1983224,Source2,TX,2019,0,0.07172125563658314,0,0,0
A-3331566,Source2,TX,2017,0,0.1667395842685239,0,0,0
A-6595095,Source1,TX,,0,0.10906044987609598,0,0,0
A-5019671,Source1,TX,2022,0,0.13386602902821493,0,0,0
A-3321038,Source2,TX,2017,1,0.3573812223779572,1,0,0
A-1614952,Source3,CA,2020,0,0.06318845424459076,0,0,0
A-5371275,Source1,CA,2022,0,0.33964221613645473,1,0,1
A-7360836,Source1,CA,2019,0,0.1194853824235721,0,0,0
A-2235822,Source2,CA,2019,0,0.2793394659239947,1,0,1
A-7215785,Source1,CA,2020,0,0.03361459497863576,0,0,0
A-5962217,Source1,CA,,0,0.09556254057889343,0,0,0
A-56520,Source2,CA,2016,1,0.09608843781040195,0,1,0
A-7004913,Source1,CA,2020,0,0.044569973262163984,0,0,0
A-1183514,Source2,CA,2021,1,0.18177916194101615,1,0,0
A-3278704,Source2,TX,2017,0,0.30993924104589354,1,0,1
A-5621911,Source1,CA,2021,0,0.2753692447274873,1,0,1
A-7306566,Source1,CA,2019,0,0.0401674422594163,0,0,0
A-1895147,Source2,TX,2019,0,0.04552135566262736,0,0,0
A-4189694,Source1,CA,2022,0,0.21249839363278328,1,0,1
A-4038301,Source1,CA,2022,0,0.11779976326393915,0,0,0
A-3215076,Source2,CA,2017,0,0.08306874409723286,0,0,0
A-3193572,Source2,CA,2017,1,0.3774552685967523,1,0,0
A-5107091,Source1,TX,,0,0.030811946894748254,0,0,0
A-2906926,Source2,CA,2018,0,0.36381774293542446,1,0,1
A-3334510,Source2,TX,2017,0,0.1637606060959712,0,0,0
A-3942531,Source1,TX,2022,0,0.02842182708003698,0,0,0
A-1349304,Source2,TX,2020,1,0.136236433794576,0,1,0
A-1106578,Source2,TX,2021,1,0.13532974154796124,0,1,0
A-398231,Source2,CA,2017,1,0.26370258190821255,1,0,0
A-3850695,Source1,CA,,0,0.1179679558810359,0,0,0
A-3832951,Source1,TX,2023,0,0.1364682647143959,0,0,0
A-2704081,Source2,CA,2018,1,0.34332240269903325,1,0,0
A-6090946,Source1,CA,2021,0,0.07262769921392428,0,0,0
A-4822559,Source1,TX,,0,0.054236584288968846,0,0,0
A-7374722,Source1,CA,2019,0,0.026655125066013575,0,0,0
A-4473612,Source1,CA,2022,0,0.0923561689646259,0,0,0
A-6344026,Source1,CA,2021,0,0.28868982068753296,1,0,1
A-98870,Source2,CA,2016,1,0.3486738327544213,1,0,0
A-1771450,Source2,CA,2019,0,0.044076873026468025,0,0,0
A-386150,Source2,TX,2017,0,0.3375614477018387,1,0,1
A-3203509,Source2,TX,2017,0,0.0850586217309235,0,0,0
A-947924,Source2,CA,2021,0,0.27225056737633313,1,0,1
A-924852,Source2,CA,2021,0,0.21120576623025755,1,0,1
A-2146080,Source2,TX,2019,1,0.1412432877362074,0,1,0
A-3122,Source2,CA,2016,1,0.35647649589977326,1,0,0
A-3639229,Source1,CA,2017,0,0.4659670898991445,1,0,1
A-4674389,Source1,CA,2022,0,0.08750041130359731,0,0,0
A-6862749,Source1,CA,2020,0,0.263161499575074,1,0,1
A-54800,Source2,CA,2016,0,0.28219548449819054,1,0,1
A-2213676,Source2,CA,2019,0,0.2574578013747607,1,0,1
A-2082419,Source2,CA,2019,0,0.18366632729432025,0,0,0
A-5185291,Source1,CA,2022,0,0.09548362972748739,0,0,0
A-7386979,Source1,CA,2019,0,0.12952555232812796,0,0,0
A-277008,Source2,TX,2016,0,0.22069683588689953,1,0,1
A-4758955,Source1,CA,2022,0,0.05509505488964304,0,0,0
A-4010360,Source1,TX,2022,0,0.17790907532795092,1,0,1
A-3381595,Source2,TX,2017,1,0.3915211069817771,1,0,0
A-5923966,Source1,TX,2021,0,0.05531706833636435,0,0,0
A-819528,Source2,CA,2021,0,0.11094717560209633,0,0,0
A-3114233,Source2,TX,2017,0,0.16868501189614513,0,0,0
A-6433055,Source1,CA,2021,0,0.08270713766052062,0,0,0
A-456213,Source2,CA,2017,0,0.09176041832828327,0,0,0
A-7109436,Source1,CA,2020,0,0.07489888114562582,0,0,0
A-7497809,Source1,TX,2018,0,0.2929907014438191,1,0,1
A-1247930,Source2,CA,2020,0,0.05382984076196817,0,0,0
A-6274470,Source1,CA,2021,0,0.11609530020032872,0,0,0
A-5782133,Source1,CA,2021,0,0.11184711214576448,0,0,0
A-1266434,Source2,CA,2020,0,0.03766364986100808,0,0,0
A-5032581,Source1,CA,2023,0,0.18528092541910013,1,0,1
A-2921986,Source2,CA,2018,1,0.3272828680588086,1,0,0
A-24504,Source2,CA,2016,0,0.30229249929609125,1,0,1
A-1636979,Source3,CA,2020,0,0.05137985869643084,0,0,0
A-4177309,Source1,CA,2022,0,0.039035582459372345,0,0,0
A-2716032,Source3,CA,2018,1,0.3060501137153936,1,0,0
A-2472664,Source2,TX,2018,0,0.19183664063738035,1,0,1
A-7563734,Source1,CA,2018,0,0.3473754764247399,1,0,1
A-1232352,Source2,CA,2020,0,0.4095812810566734,1,0,1
A-3196442,Source2,CA,2017,0,0.3538724728299788,1,0,1
A-435431,Source2,TX,2017,0,0.04540731927031879,0,0,0
A-7021028,Source1,CA,2020,0,0.05961742250421437,0,0,0
A-5790706,Source1,CA,2021,0,0.06260827252907071,0,0,0
A-5715108,Source1,CA,,0,0.05852446536724507,0,0,0
A-7274632,Source1,CA,2020,0,0.0840007279806747,0,0,0
A-1131469,Source2,TX,2021,1,0.13809168753937956,0,1,0
A-4373855,Source1,CA,2022,0,0.15351882106544956,0,0,0
A-4539269,Source1,CA,,0,0.16814608082852112,1,0,1
A-1331722,Source2,TX,2020,0,0.07185339998578258,0,0,0
A-6542801,Source1,TX,2021,0,0.03360312202985619,0,0,0
A-3145501,Source2,CA,2017,1,0.2874864906262212,1,0,0
A-4500920,Source1,CA,2022,0,0.07160912668516446,0,0,0
A-7249075,Source1,CA,2020,0,0.06402947755156349,0,0,0
A-7074120,Source1,CA,2020,0,0.2561316293038624,1,0,1
A-3068387,Source2,CA,2018,1,0.2394470340694473,1,0,0
A-4334557,Source1,CA,2022,0,0.31917915344474623,1,0,1
A-5368093,Source1,TX,2022,0,0.07892380959667558,0,0,0
A-5649041,Source1,TX,2021,0,0.13172210156679628,0,0,0
A-2639,Source2,CA,2016,0,0.3696227733325769,1,0,1
A-3209155,Source2,TX,2017,0,0.1346796320507166,0,0,0
A-2668570,Source2,CA,2018,1,0.44867937676626946,1,0,0
A-3540737,Source1,CA,2016,0,0.3777842504580988,1,0,1
A-3406792,Source2,CA,2017,0,0.2759492182315678,1,0,1
A-351803,Source2,CA,2017,1,0.4206161670379732,1,0,0
A-7295081,Source1,CA,2019,0,0.25940726446125145,1,0,1
A-7303735,Source1,CA,2019,0,0.3821032855752944,1,0,1
A-7426840,Source1,CA,2019,0,0.21160043995142247,1,0,1
A-5422661,Source1,CA,2023,0,0.1429116533578602,0,0,0
A-1256148,Source2,CA,2020,0,0.052632504197925714,0,0,0
A-388800,Source2,TX,2017,1,0.1552127731398123,0,1,0
A-99272,Source2,CA,2016,1,0.31955077753860445,1,0,0
A-7110241,Source1,CA,2020,0,0.08906430442929694,0,0,0
A-4584315,Source1,CA,,0,0.06942117142911398,0,0,0
A-4094598,Source1,CA,,0,0.09099011766422826,0,0,0
A-4971385,Source1,CA,2022,0,0.03601017667137747,0,0,0
A-400885,Source2,CA,2017,1,0.057609270604572306,0,1,0
A-1053055,Source2,CA,2021,1,0.10355515381297994,0,1,0
A-7519275,Source1,CA,2018,0,0.4533921265161706,1,0,1
A-6408935,Source1,CA,2021,0,0.0479591025647174,0,0,0
A-6817580,Source1,CA,2020,0,0.059052577109591456,0,0,0
A-7653082,Source1,TX,2017,0,0.27459593762544227,1,0,1
A-1151662,Source2,CA,2021,0,0.05959011678235997,0,0,0
A-3970314,Source1,CA,2022,0,0.10382715117882935,0,0,0
A-7107534,Source1,CA,2020,0,0.03293789005690909,0,0,0
A-6351276,Source1,CA,2021,0,0.0686608246166808,0,0,0
A-3120923,Source2,TX,2017,0,0.08114383721716564,0,0,0
A-3717500,Source1,CA,2022,0,0.062176339925469185,0,0,0
A-3696010,Source1,CA,2023,0,0.0794120238228732,0,0,0
A-4583117,Source1,TX,,0,0.054594991194989416,0,0,0
A-5582184,Source1,CA,2021,0,0.04314418498654918,0,0,0
A-3273222,Source2,CA,2017,1,0.32577497843880526,1,0,0
A-6845788,Source1,TX,2020,0,0.1546239224906861,0,0,0
A-4218800,Source1,CA,,0,0.1525971091519076,0,0,0
A-3543500,Source1,CA,2016,0,0.2796012677745564,1,0,1
A-2620153,Source2,TX,2018,1,0.3915653405402403,1,0,0
A-2157347,Source2,TX,2019,0,0.041742030731305134,0,0,0
A-5752860,Source1,CA,2021,0,0.20995954507030126,1,0,1
A-2136443,Source2,TX,2019,0,0.04679690131123412,0,0,0
A-867750,Source2,TX,2021,0,0.3119763271894171,1,0,1
A-6791018,Source1,CA,2020,0,0.09691060849375065,0,0,0
A-3966545,Source1,CA,2022,0,0.09774554496924796,0,0,0
A-1788154,Source2,TX,2019,0,0.2591952309712246,1,0,1
A-7139562,Source1,CA,2020,0,0.10749257019434073,0,0,0
A-71314,Source2,CA,2016,0,0.3713660104271498,1,0,1
A-7103181,Source1,CA,2020,0,0.28099231366468386,1,0,1
A-2919225,Source2,CA,2018,1,0.27777185461271064,1,0,0
A-7419334,Source1,CA,2019,0,0.11516476765333494,0,0,0
A-7367053,Source1,CA,2019,0,0.07491033123339808,0,0,0
A-6361569,Source1,CA,2021,0,0.13115490884766487,0,0,0
A-7170618,Source1,CA,2020,0,0.035360831364375414,0,0,0
A-4270963,Source1,CA,2022,0,0.11791019495194902,0,0,0
A-1428936,Source2,CA,2020,0,0.1316720706284228,0,0,0
A-63830,Source2,CA,2017,1,0.2752578447028647,1,0,0
A-22454,Source2,CA,2016,0,0.39783934880589567,1,0,1
A-5395449,Source1,CA,2022,0,0.04040937530648851,0,0,0
A-3702407,Source1,CA,2023,0,0.07930524716064094,0,0,0
A-5449070,Source1,CA,2022,0,0.07031709000578605,0,0,0
A-7217133,Source1,CA,2020,0,0.2638316751206801,1,0,1
A-6655615,Source1,CA,2020,0,0.20610864116624555,1,0,1
A-5624228,Source1,CA,2021,0,0.07207069367582257,0,0,0
A-6763329,Source1,CA,2020,0,0.07920037077769604,0,0,0
A-1364796,Source2,CA,2020,0,0.04538654925944354,0,0,0
A-6378069,Source1,CA,,0,0.1039988258734362,0,0,0
A-5019422,Source1,CA,2022,0,0.05884134949269541,0,0,0
A-4886197,Source1,CA,2023,0,0.07187067352145766,0,0,0
A-516837,Source2,CA,2022,1,0.13010951627216807,0,1,0
A-7478117,Source1,CA,2018,1,0.25078641122014517,1,0,0
A-1752846,Source2,TX,2019,0,0.13444834839429698,0,0,0
A-4382666,Source1,CA,2022,0,0.1682369746228644,0,0,0
A-98223,Source2,CA,2016,0,0.17215691961969565,0,0,0
A-1600496,Source2,CA,2020,0,0.09331203476082792,0,0,0
A-3683404,Source1,CA,2023,0,0.27022079568861046,1,0,1
A-2311392,Source2,CA,2019,0,0.3845169334169484,1,0,1
A-3114030,Source2,TX,2017,0,0.048217138709914155,0,0,0
A-261399,Source2,TX,2016,1,0.29365624929399,1,0,0
A-7172630,Source1,CA,2020,1,0.1877100118312599,1,0,0
A-6311009,Source1,CA,2021,0,0.07137312794397613,0,0,0
A-6416818,Source1,CA,2021,0,0.08620159376658941,0,0,0
A-5498826,Source1,CA,,0,0.04644169267144856,0,0,0
A-4701253,Source1,TX,2022,0,0.3613158012829326,1,0,1
A-5275502,Source1,CA,2022,0,0.11310707550750299,0,0,0
A-6177826,Source1,CA,2021,0,0.04910377481576803,0,0,0
A-394399,Source2,TX,2017,0,0.15251643091489792,0,0,0
A-6119693,Source1,CA,2021,0,0.08308038818399698,0,0,0
A-869172,Source2,TX,2021,0,0.07572782477591053,0,0,0
A-4651798,Source1,CA,,0,0.0424707113696836,0,0,0
A-4473068,Source1,CA,2022,0,0.09677144410518436,0,0,0
A-4197598,Source1,CA,,0,0.08083621902573454,0,0,0
A-5550378,Source1,CA,2021,0,0.14404272408597546,0,0,0
A-1123924,Source3,CA,2021,0,0.05221073179929893,0,0,0
A-6523686,Source1,CA,2021,0,0.051339270344124624,0,0,0
A-88862,Source2,CA,2016,1,0.3836015795282599,1,0,0
A-528184,Source3,CA,2022,0,0.14499001646128748,0,0,0
A-6608140,Source1,CA,2020,0,0.0439431521755486,0,0,0
A-3668486,Source1,CA,,0,0.03917912024594157,0,0,0
A-1846998,Source2,CA,2019,1,0.05872020017442318,0,1,0
A-3704219,Source1,CA,2023,0,0.12791456837089,0,0,0
A-3362109,Source2,TX,2017,0,0.10675131990400646,0,0,0
A-5047279,Source1,CA,2022,0,0.15384820360618146,0,0,0
A-2365142,Source2,TX,2019,0,0.1905789256193422,1,0,1
A-1550648,Source2,TX,2020,0,0.14041280967436717,0,0,0
A-6241290,Source1,TX,2021,0,0.19165082092327482,1,0,1
A-6499965,Source1,CA,2021,0,0.08427150951286505,0,0,0
A-6289146,Source1,CA,2021,0,0.03459103221135958,0,0,0
A-953478,Source2,CA,2021,0,0.07139855079293918,0,0,0
A-6811726,Source1,CA,2020,0,0.07592191647164807,0,0,0
A-5037440,Source1,CA,2022,0,0.09099688330448097,0,0,0
A-1089017,Source2,TX,2021,0,0.0720764107624598,0,0,0
A-4729460,Source1,CA,2022,0,0.061522808715475066,0,0,0
A-7048642,Source1,CA,2020,0,0.0944816260082633,0,0,0
A-3316338,Source2,CA,2017,0,0.41427093577119195,1,0,1
A-405462,Source2,CA,2017,0,0.23742751930546074,1,0,1
A-2419552,Source2,TX,2018,0,0.27154686964528735,1,0,1
A-3081584,Source2,TX,2018,0,0.15103405426137684,0,0,0
A-5147168,Source1,CA,2022,0,0.045261677238570684,0,0,0
A-4255436,Source1,CA,2022,0,0.10358709431709331,0,0,0
A-4136338,Source1,CA,2022,0,0.07118601014889904,0,0,0
A-337736,Source2,CA,2017,1,0.30377052725845355,1,0,0
A-6240349,Source1,TX,2021,0,0.32982292787501905,1,0,1
A-5223313,Source1,CA,2022,0,0.06549269264005543,0,0,0
A-1958941,Source2,CA,2019,0,0.10023256022263874,0,0,0
A-7408958,Source1,CA,2019,0,0.14167193589022312,0,0,0
A-7408602,Source1,CA,2019,0,0.11498738937830184,0,0,0
A-3278726,Source2,TX,2017,1,0.31212517735612055,1,0,0
A-6392395,Source1,CA,2021,0,0.05839198781641795,0,0,0
A-455766,Source2,CA,2017,0,0.32821921118122954,1,0,1
A-3542989,Source1,CA,2016,0,0.33148538761912877,1,0,1
A-1442636,Source2,CA,2020,1,0.08062290569001056,0,1,0
A-2118527,Source2,CA,2019,0,0.027622439199741677,0,0,0
A-760230,Source2,CA,2021,0,0.1510502187381048,0,0,0
A-6557222,Source1,CA,2021,0,0.1767775138733529,0,0,0
A-7349426,Source1,CA,2019,0,0.040547810163031,0,0,0
A-1901700,Source2,TX,2019,0,0.24098975143388307,1,0,1
A-3944135,Source1,CA,,0,0.17647650191352032,1,0,1
A-6623803,Source1,CA,2020,0,0.07164894000601843,0,0,0
A-3793120,Source1,TX,,0,0.08432543486489938,0,0,0
A-7423158,Source1,CA,2019,0,0.08025407187686195,0,0,0
A-1224031,Source2,CA,2020,1,0.07116038191147092,0,1,0
A-7117864,Source1,CA,2020,0,0.16366547027335324,0,0,0
A-1019573,Source2,TX,2021,0,0.1211821973979121,0,0,0
A-5574213,Source1,CA,2021,0,0.05721889352416533,0,0,0
A-2290220,Source2,CA,2019,1,0.4048011863831367,1,0,0
A-3795809,Source1,CA,2022,0,0.05439900026181797,0,0,0
A-3826395,Source1,CA,2022,0,0.11812599496395326,0,0,0
A-641208,Source3,CA,2022,0,0.23904991789986035,1,0,1
A-3949237,Source1,CA,2022,0,0.1448260235629,0,0,0
A-6779585,Source1,CA,2020,0,0.06889357444367608,0,0,0
A-594215,Source2,TX,2022,0,0.03629339398388014,0,0,0
A-4655206,Source1,TX,2022,0,0.20243400868928935,1,0,1
A-567231,Source2,CA,2022,0,0.0334494059042877,0,0,0
A-2072116,Source2,CA,2019,1,0.21263204614514902,1,0,0
A-4162134,Source1,CA,2023,0,0.06471633609429472,0,0,0
A-6107847,Source1,CA,,0,0.05091839541865193,0,0,0
A-4725737,Source1,CA,,0,0.061904995805909545,0,0,0
A-5425372,Source1,CA,,0,0.060381325492101276,0,0,0
A-3850764,Source1,CA,,0,0.1617316312177875,1,0,1
A-954067,Source2,CA,2021,1,0.27994619295167017,1,0,0
A-858677,Source2,TX,2021,0,0.23610780207163903,1,0,1
A-940147,Source2,CA,2021,0,0.145250012395047,0,0,0
A-5542274,Source1,CA,2021,0,0.09810704259046846,0,0,0
A-6312680,Source1,CA,2021,0,0.22036358190115216,1,0,1
A-1719439,Source2,TX,2019,0,0.04137393746751817,0,0,0
A-6907440,Source1,CA,2020,0,0.04310876452088413,0,0,0
A-3566113,Source1,CA,2017,0,0.227679625193479,1,0,1
A-4881722,Source1,CA,2022,0,0.03826986341314022,0,0,0
A-3589399,Source1,CA,2017,0,0.1753053171821511,0,0,0
A-556264,Source2,TX,2022,1,0.08016577481214857,0,1,0
A-7224097,Source1,CA,2020,0,0.3991639330733587,1,0,1
A-2760129,Source2,CA,2018,0,0.40740092023074104,1,0,1
A-3977921,Source1,CA,,0,0.10423010619638502,0,0,0
A-7436568,Source1,TX,2019,1,0.19154214466861527,1,0,0
A-2674106,Source2,CA,2018,0,0.08368458496953075,0,0,0
A-5232601,Source1,CA,2021,0,0.10569760742323771,0,0,0
A-6010456,Source1,CA,,0,0.026679342612215367,0,0,0
A-4374390,Source1,CA,2022,0,0.27986278697551636,1,0,1
A-2544466,Source2,CA,2018,0,0.10266876493053771,0,0,0
A-2604392,Source2,CA,2018,0,0.4099284425329728,1,0,1
A-2831772,Source2,CA,2018,1,0.18600653745949675,1,0,0
A-5372958,Source1,CA,2021,0,0.0548402232845326,0,0,0
A-389815,Source2,TX,2017,1,0.3157003764994889,1,0,0
A-3315260,Source2,TX,2017,1,0.4041332535663498,1,0,0
A-5524541,Source1,CA,2021,0,0.2403160165069817,1,0,1
A-7528020,Source1,CA,2018,0,0.3866679333817739,1,0,1
A-653680,Source3,CA,2022,0,0.0314438606014606,0,0,0
A-7697104,Source1,TX,2017,0,0.3381976071912242,1,0,1
A-4274385,Source1,TX,2022,0,0.07832795164002668,0,0,0
A-2100000,Source2,CA,2019,0,0.08629329402597323,0,0,0
A-3085116,Source2,CA,2018,1,0.2419191599300614,1,0,0
A-3229525,Source2,TX,2017,1,0.16240317162218382,0,1,0
A-282619,Source2,TX,2016,0,0.2582900308702635,1,0,1
A-4794049,Source1,CA,2022,0,0.10667610544649934,0,0,0
A-3422038,Source1,CA,2016,1,0.21942817329670322,1,0,0
A-4443344,Source1,TX,,0,0.11110755252648799,0,0,0
A-5668598,Source1,CA,2021,0,0.2331306255689148,1,0,1
A-4588013,Source1,CA,,0,0.03529902691788794,0,0,0
A-5905455,Source1,CA,,1,0.021950196565097654,0,1,0
A-433329,Source2,TX,2017,0,0.03923946219571478,0,0,0
A-6667697,Source1,CA,2020,0,0.08229916400982268,0,0,0
A-950259,Source2,CA,2021,0,0.14407929865180105,0,0,0
A-3421321,Source1,CA,2016,0,0.3418993662861645,1,0,1
A-7646384,Source1,CA,2017,0,0.358577486411954,1,0,1
A-277280,Source2,TX,2016,0,0.3733240080407458,1,0,1
A-4547174,Source1,TX,2022,0,0.05762262521899823,0,0,0
A-393792,Source2,TX,2017,1,0.18389144029231913,0,1,0
A-83972,Source2,CA,2016,1,0.22346448431201904,1,0,0
A-6679886,Source1,CA,2020,0,0.06989375551067892,0,0,0
A-6130643,Source1,CA,2021,0,0.14376719153583112,0,0,0
A-3110495,Source2,TX,2017,0,0.05102659751756181,0,0,0
A-1231492,Source2,CA,2020,0,0.07902716556850034,0,0,0
A-6002689,Source1,CA,2021,0,0.3445635556469988,1,0,1
A-7318855,Source1,CA,2019,0,0.051500279239284866,0,0,0
A-7295454,Source1,CA,2019,0,0.0660599858880269,0,0,0
A-1041182,Source2,TX,2021,1,0.19514865255560773,1,0,0
A-2601173,Source2,CA,2018,0,0.5007992681870072,1,0,1
A-706105,Source3,CA,2022,0,0.03651589571456866,0,0,0
A-1419780,Source2,CA,2020,0,0.09785237518340117,0,0,0
A-5284585,Source1,CA,2022,0,0.11531194888915759,0,0,0
A-298550,Source2,TX,2016,0,0.33853439963902204,1,0,1
A-1833390,Source2,TX,2019,1,0.20036571100861797,1,0,0
A-4528586,Source1,CA,,0,0.06866212655913412,0,0,0
A-964528,Source2,TX,2021,0,0.10748869014589986,0,0,0
A-7530823,Source1,CA,2018,1,0.4334043260555237,1,0,0
A-5667577,Source1,CA,2021,0,0.09106080080995407,0,0,0
A-6656684,Source1,CA,2020,0,0.23015764816090217,1,0,1
A-1325036,Source2,CA,2020,0,0.17126201703630978,0,0,0
A-1689787,Source2,CA,2019,0,0.196158157807829,1,0,1
A-2035464,Source2,CA,2019,1,0.1197185664558281,0,1,0
A-3248492,Source2,CA,2017,0,0.29116302784261283,1,0,1
A-5878313,Source1,CA,2021,0,0.11455596257762793,0,0,0
A-7359192,Source1,CA,2019,0,0.06835828782168983,0,0,0
A-7095557,Source1,CA,2020,0,0.1098575896250616,0,0,0
A-5824107,Source1,CA,,0,0.16881444403541163,1,0,1
A-6248906,Source1,CA,2021,0,0.18504418326728075,0,0,0
A-2904159,Source2,CA,2018,0,0.39341851796705185,1,0,1
A-7162810,Source1,CA,2020,0,0.037348627345933624,0,0,0
A-5465574,Source1,CA,2021,0,0.0463702751904311,0,0,0
A-5873218,Source1,CA,2021,0,0.09619035962465303,0,0,0
A-3177662,Source2,CA,2017,0,0.3889829998798292,1,0,1
A-574792,Source2,CA,2022,0,0.13400369986293023,0,0,0
A-492583,Source2,CA,2017,1,0.4668932831571796,1,0,0
A-3352611,Source2,TX,2017,0,0.22997612699396677,1,0,1
A-1885459,Source2,CA,2019,1,0.17719192618233695,0,1,0
A-6625319,Source1,TX,2020,0,0.11181022737992205,0,0,0
A-30419,Source2,CA,2016,0,0.15161509666159495,0,0,0
A-6446669,Source1,TX,2021,0,0.16718198139080234,0,0,0
A-667198,Source2,TX,2022,0,0.20630806076035485,1,0,1
A-7527636,Source1,TX,2018,0,0.19980892545339338,1,0,1
A-4966770,Source1,CA,2022,0,0.21278924973286029,1,0,1
A-2532789,Source2,CA,2018,1,0.319474609731513,1,0,0
A-6041605,Source1,TX,2021,0,0.33502107106794454,1,0,1
A-3927823,Source1,CA,2022,0,0.10282573443013279,0,0,0
A-5994105,Source1,CA,,0,0.07001586295986924,0,0,0
A-1712295,Source2,TX,2019,1,0.12542608142029849,0,1,0
A-4544575,Source1,CA,,0,0.05788990313779809,0,0,0
A-5922891,Source1,CA,2021,0,0.1362739947090205,0,0,0
A-671728,Source2,CA,2022,1,0.28790750885720306,1,0,0
A-5113565,Source1,CA,2023,0,0.03561547165544525,0,0,0
A-7227396,Source1,CA,2020,0,0.20737139544397273,1,0,1
A-6371446,Source1,CA,2021,0,0.0660462013810279,0,0,0
A-4477870,Source1,TX,2022,0,0.0879068437189692,0,0,0
A-6119462,Source1,CA,2021,0,0.34103124397429047,1,0,1
A-285144,Source2,TX,2016,0,0.06289733851734683,0,0,0
A-7114337,Source1,CA,2020,0,0.04884314939565714,0,0,0
A-4207925,Source1,CA,,0,0.03625399092277878,0,0,0
A-2473335,Source2,CA,2018,1,0.32802621117818836,1,0,0
A-4810451,Source1,TX,2022,0,0.07071474551273527,0,0,0
A-3881982,Source1,CA,,0,0.056209984791959225,0,0,0
A-5796758,Source1,TX,2021,0,0.2696259610532336,1,0,1
A-6554835,Source1,TX,2021,0,0.024406390570042187,0,0,0
A-2521864,Source2,TX,2018,0,0.2671299034956101,1,0,1
A-55215,Source2,CA,2016,1,0.32106884642628186,1,0,0
A-2813892,Source2,CA,2018,1,0.43447799968562695,1,0,0
A-1528417,Source2,CA,2020,0,0.16845345522607688,1,0,1
A-5461795,Source1,CA,2022,0,0.13806621545624206,0,0,0
A-2451302,Source2,TX,2018,1,0.36642889280208923,1,0,0
A-2629632,Source3,CA,2018,1,0.3964343830788627,1,0,0
A-2361477,Source2,CA,2019,1,0.3688700883177324,1,0,0
A-33153,Source2,CA,2016,0,0.3380699544253397,1,0,1
A-2231746,Source2,TX,2019,0,0.28405167488992766,1,0,1
A-3836292,Source1,CA,2022,0,0.17034830845759413,0,0,0
A-7232997,Source1,CA,2020,0,0.10368142925073207,0,0,0
A-5994033,Source1,CA,2021,0,0.050230306026739634,0,0,0
A-2438142,Source2,CA,2018,0,0.36221158465357395,1,0,1
A-3003350,Source2,CA,2018,1,0.23291451093584384,1,0,0
A-997857,Source2,CA,2021,0,0.07845142968067392,0,0,0
A-1526615,Source2,CA,2020,0,0.06687762406385371,0,0,0
A-2414227,Source2,TX,2018,1,0.269556293871911,1,0,0
A-1309377,Source2,TX,2020,1,0.2913188017310293,1,0,0
A-15339,Source2,CA,2016,0,0.21896516273719127,1,0,1
A-1480988,Source2,TX,2020,0,0.12606668602646615,0,0,0
A-4619232,Source1,TX,2023,0,0.16070804713977757,0,0,0
A-2144300,Source2,CA,2019,1,0.25252902544392625,1,0,0
A-725393,Source2,CA,2022,0,0.03741498905567634,0,0,0
A-5379583,Source1,CA,,0,0.10041392150138044,0,0,0
A-2225209,Source2,CA,2019,0,0.4381259674885095,1,0,1
A-3865031,Source1,CA,2022,0,0.27402963065652247,1,0,1
A-3209761,Source2,CA,2017,0,0.17157701881571594,0,0,0
A-1964790,Source2,TX,2019,0,0.1775136973617355,1,0,1
A-391222,Source2,TX,2017,1,0.3526402330864338,1,0,0
A-3426200,Source1,TX,2016,0,0.4133330373181111,1,0,1
A-340721,Source2,CA,2017,0,0.053250579818422475,0,0,0
A-3861488,Source1,TX,2022,0,0.030012228942861086,0,0,0
A-7496478,Source1,CA,2018,0,0.3173234587160992,1,0,1
A-4914925,Source1,TX,,0,0.08088615361834108,0,0,0
A-3565493,Source1,CA,2017,0,0.3497975597551446,1,0,1
A-5528141,Source1,TX,,0,0.08043936469592801,0,0,0
A-1871638,Source2,CA,2019,0,0.1561065230860649,0,0,0
A-1263590,Source2,CA,2020,0,0.16492143148635746,0,0,0
A-7679605,Source1,TX,2017,1,0.22346448431201904,1,0,0
A-5458735,Source1,CA,2022,0,0.14126464033810676,0,0,0
A-2440121,Source2,TX,2018,0,0.41038638237274194,1,0,1
A-4965989,Source1,CA,2022,0,0.20609514502353118,1,0,1
A-1706835,Source2,TX,2019,1,0.06219321377453988,0,1,0
A-1404647,Source2,CA,2020,1,0.29004777896885264,1,0,0
A-1301607,Source2,CA,2020,0,0.11039333479696482,0,0,0
A-3007617,Source3,CA,2018,0,0.25783019701137744,1,0,1
A-7155729,Source1,CA,2020,0,0.2953004462355572,1,0,1
A-3423103,Source1,CA,2016,0,0.4198426418693697,1,0,1
A-3322201,Source2,CA,2017,1,0.3053147429690394,1,0,0
A-1565510,Source3,CA,2020,1,0.0727153171804134,0,1,0
A-7434534,Source1,CA,2019,0,0.2764482803273455,1,0,1
A-2467811,Source2,CA,2018,1,0.35302989588050226,1,0,0
A-1756282,Source2,CA,2019,0,0.03575840775908824,0,0,0
A-6313156,Source1,TX,2021,0,0.11491541629376212,0,0,0
A-7373657,Source1,CA,2019,0,0.07156806599801327,0,0,0
A-3624330,Source1,TX,2017,0,0.05353934067780961,0,0,0
A-6238398,Source1,CA,2021,0,0.11760915774875032,0,0,0
A-6254499,Source1,CA,2021,0,0.09604102520842109,0,0,0
A-2298073,Source2,CA,2019,1,0.14180951539399594,0,1,0
A-4531783,Source1,CA,2022,0,0.13503421791223597,0,0,0
A-5025722,Source1,CA,2022,0,0.05515179196756648,0,0,0
A-609522,Source2,TX,2022,1,0.15510935986141194,0,1,0
A-109099,Source2,CA,2016,0,0.36236964452973675,1,0,1
A-7539512,Source1,CA,2018,0,0.305806366405506,1,0,1
A-345206,Source2,CA,2017,0,0.2986890908023479,1,0,1
A-584608,Source2,CA,2022,0,0.09830415323975104,0,0,0
A-1719357,Source2,TX,2019,0,0.1080965322880062,0,0,0
A-2262803,Source2,TX,2019,1,0.2514877251242732,1,0,0
A-288760,Source2,TX,2016,1,0.24569430903301961,1,0,0
A-4646999,Source1,CA,2023,0,0.351229781740389,1,0,1
A-27264,Source2,CA,2016,0,0.1757669032147941,0,0,0
A-632556,Source2,CA,2022,0,0.38552355183045167,1,0,1
A-82480,Source2,CA,2016,1,0.2871787178663395,1,0,0
A-1250015,Source2,TX,2020,0,0.07192122469909953,0,0,0
A-2835992,Source2,CA,2018,1,0.3739182642958783,1,0,0
A-5934511,Source1,CA,2021,0,0.06910078307357441,0,0,0
A-2668777,Source2,CA,2018,0,0.39757837812037333,1,0,1
A-391332,Source2,TX,2017,0,0.37390741255559207,1,0,1
A-7389123,Source1,CA,2019,0,0.07430430833885546,0,0,0
A-4231791,Source1,CA,,0,0.04448098623673022,0,0,0
A-4825532,Source1,CA,,0,0.25560435364769407,1,0,1
A-3860751,Source1,CA,2022,0,0.04979741989307137,0,0,0
A-1586540,Source3,CA,2020,0,0.17049310415248037,0,0,0
A-7316741,Source1,CA,2019,0,0.0375736548763987,0,0,0
A-4453943,Source1,CA,2022,0,0.05687747325075467,0,0,0
A-5969745,Source1,CA,2021,0,0.2949175438053994,1,0,1
A-638663,Source2,CA,2022,1,0.08667387443870485,0,1,0
A-67438,Source2,CA,2016,1,0.4299314707447344,1,0,0
A-1815913,Source2,CA,2019,0,0.26050195293329637,1,0,1
A-5252644,Source1,CA,,0,0.03890849023668192,0,0,0
A-394575,Source2,TX,2017,0,0.1585717021784286,0,0,0
A-5323662,Source1,CA,2022,0,0.08576631595642649,0,0,0
A-6285061,Source1,TX,2021,0,0.31163992276583025,1,0,1
A-1072330,Source2,CA,2021,1,0.14604972146937634,0,1,0
A-2182023,Source2,CA,2019,0,0.0705118938492308,0,0,0
A-7167926,Source1,CA,2020,0,0.09651539620871301,0,0,0
A-92677,Source2,CA,2016,0,0.37704272337617944,1,0,1
A-4477578,Source1,CA,2022,0,0.27445653505465695,1,0,1
A-7123225,Source1,TX,2020,1,0.2360509652499545,1,0,0
A-6211129,Source1,CA,2021,0,0.2773861844299887,1,0,1
A-1865537,Source2,CA,2019,1,0.06993130109559058,0,1,0
A-6170592,Source1,CA,2021,0,0.14034875856823756,0,0,0
A-344397,Source2,CA,2017,0,0.2015699958705885,1,0,1
A-2358568,Source2,CA,2019,0,0.257530054093959,1,0,1
A-7411350,Source1,CA,2019,0,0.05811610605820673,0,0,0
A-2148516,Source2,TX,2019,1,0.03255989927669478,0,1,0
A-342952,Source2,CA,2017,0,0.3460112265997813,1,0,1
A-6087277,Source1,CA,2021,0,0.1818339229066976,0,0,0
A-3871159,Source1,CA,,0,0.048140383221217,0,0,0
A-7245346,Source1,CA,2020,0,0.04259333436968511,0,0,0
A-2868487,Source2,CA,2018,1,0.32798490889997545,1,0,0
A-4191719,Source1,CA,,0,0.2082784011221653,1,0,1
A-5393597,Source1,CA,,0,0.13312318616640434,0,0,0
A-635509,Source2,CA,2022,0,0.10373422488031754,0,0,0
A-4015840,Source1,CA,2023,0,0.08314146664259361,0,0,0
A-7198201,Source1,CA,2020,0,0.09137455499050501,0,0,0
A-6132102,Source1,CA,2021,0,0.13415142296306143,0,0,0
A-7121299,Source1,CA,2020,0,0.028736338989002137,0,0,0
A-1080754,Source2,CA,2021,0,0.2559928292943989,1,0,1
A-6544069,Source1,TX,,0,0.04881163713301725,0,0,0
A-3738865,Source1,CA,2023,0,0.13102452870322193,0,0,0
A-3640808,Source1,TX,2017,1,0.3843797759330523,1,0,0
A-397391,Source2,CA,2017,1,0.2397161459115696,1,0,0
A-5594870,Source1,TX,2021,0,0.08535568131056502,0,0,0
A-306514,Source2,TX,2016,0,0.39855782030684583,1,0,1
A-91949,Source2,CA,2016,1,0.3109057073548696,1,0,0
A-5092335,Source1,CA,2022,0,0.0705020088193031,0,0,0
A-7246355,Source1,CA,2020,0,0.0797904296229096,0,0,0
A-2076153,Source2,TX,2019,0,0.07320499020959872,0,0,0
A-4478111,Source1,CA,2022,0,0.04892603463378048,0,0,0
A-6539275,Source1,CA,2021,0,0.06165447406122197,0,0,0
A-2665524,Source2,CA,2018,0,0.36123132526867624,1,0,1
A-397568,Source2,CA,2017,0,0.13637301294308884,0,0,0
A-1122276,Source2,CA,2021,0,0.19090220296236865,1,0,1
A-2398710,Source2,TX,2018,0,0.17145257209697654,0,0,0
A-6093685,Source1,CA,2021,0,0.07195570835751822,0,0,0
A-2755197,Source2,CA,2018,1,0.30219478774822167,1,0,0
A-7748839,Source1,CA,2019,0,0.1389807510532995,0,0,0
A-675288,Source2,CA,2022,0,0.08612155988566249,0,0,0
A-6005906,Source1,CA,2021,0,0.10593099769171474,0,0,0
A-3174616,Source2,TX,2017,0,0.16764247183816927,0,0,0
A-4341308,Source1,TX,2022,0,0.18142945778175174,0,0,0
A-6263785,Source1,CA,2021,0,0.1374538797953219,0,0,0
A-4424821,Source1,TX,,0,0.036940048606865845,0,0,0
A-3813396,Source1,TX,2022,0,0.08512582335922486,0,0,0
A-7245434,Source1,CA,2020,0,0.05894228608974317,0,0,0
A-3166417,Source2,TX,2017,0,0.3493548640592662,1,0,1
A-291562,Source2,TX,2016,0,0.24126283253309996,1,0,1
A-344403,Source2,CA,2017,0,0.12194304803201753,0,0,0
A-7353201,Source1,CA,2019,0,0.0889866099883761,0,0,0
A-4042939,Source1,CA,2022,0,0.1022125673184412,0,0,0
A-5674953,Source1,CA,2021,0,0.1006183831607751,0,0,0
A-4977420,Source1,CA,2023,0,0.1246716276021634,0,0,0
A-394416,Source2,TX,2017,0,0.044528820332636665,0,0,0
A-7251201,Source1,CA,2020,0,0.026144653891404745,0,0,0
A-6374825,Source1,CA,2021,0,0.05859880602550234,0,0,0
A-1018008,Source2,TX,2021,0,0.3166912392981802,1,0,1
A-5619717,Source1,CA,2021,0,0.08569806732562385,0,0,0
A-2601699,Source2,CA,2018,0,0.40390479213430935,1,0,1
A-7687897,Source1,CA,2017,1,0.26194117522265525,1,0,0
A-84645,Source2,CA,2016,0,0.1039391067447422,0,0,0
A-110292,Source2,CA,2016,1,0.34423569922236014,1,0,0
A-6530943,Source1,TX,2021,0,0.06797952966691793,0,0,0
A-577404,Source2,CA,2022,0,0.040720395937962825,0,0,0
A-7117281,Source1,CA,2020,0,0.08701548236600679,0,0,0
A-4080825,Source1,CA,2022,0,0.17294059870644526,0,0,0
A-2003840,Source2,TX,2019,0,0.15725752272526153,0,0,0
A-3900752,Source1,CA,2023,0,0.04989818693943941,0,0,0
A-5048209,Source1,CA,2022,0,0.07014600129179574,0,0,0
A-1265391,Source2,CA,2020,1,0.10802241286315895,0,1,0
A-6804455,Source1,CA,2020,0,0.051247026457439525,0,0,0
A-2851949,Source2,CA,2018,1,0.42650787403906615,1,0,0
A-1002436,Source2,TX,2021,0,0.030856950436938847,0,0,0
A-2846270,Source2,CA,2018,1,0.4346854514471561,1,0,0
A-7599731,Source1,CA,2018,0,0.2334758686148044,1,0,1
A-6113634,Source1,CA,,0,0.05123109005899429,0,0,0
A-347734,Source2,CA,2017,0,0.36594857152579474,1,0,1
A-563109,Source2,TX,2022,1,0.0674750930150097,0,1,0
A-315639,Source2,CA,2017,1,0.17324571557704777,1,0,0
A-68639,Source2,CA,2016,1,0.3581898803850686,1,0,0
A-1444605,Source2,CA,2020,0,0.1627482566003104,0,0,0
A-34542,Source2,CA,2016,0,0.3208002902018191,1,0,1
A-6083602,Source1,TX,2021,0,0.232901521564734,1,0,1
A-2271967,Source2,CA,2019,1,0.18547369597744373,1,0,0
A-4793128,Source1,CA,2023,0,0.09537775975911456,0,0,0
A-7551660,Source1,CA,2018,0,0.3594701525152245,1,0,1
A-4219088,Source1,CA,2022,0,0.21413527955243694,1,0,1
A-6100311,Source1,CA,2021,0,0.27473883766898777,1,0,1
A-5478360,Source1,CA,2021,0,0.13412134472536716,0,0,0
A-7608556,Source1,CA,2018,0,0.2058884655038109,1,0,1
A-7284035,Source1,CA,2020,0,0.0845591610491207,0,0,0
A-5116844,Source1,TX,,0,0.11624258184040961,0,0,0
A-7636912,Source1,CA,2018,0,0.28104303237577577,1,0,1
A-2319084,Source2,CA,2019,1,0.26892306750439526,1,0,0
A-7510295,Source1,CA,2018,0,0.3788078703497336,1,0,1
A-3592996,Source1,CA,2017,0,0.2905174824995781,1,0,1
A-532104,Source2,CA,2022,1,0.11761824390416722,0,1,0
A-6429767,Source1,CA,,0,0.02577809963190098,0,0,0
A-3848470,Source1,CA,2022,0,0.09862420577955333,0,0,0
A-7328753,Source1,CA,2019,0,0.22745910028135352,1,0,1
A-5275277,Source1,CA,2022,0,0.3166873468407723,1,0,1
A-3587071,Source1,CA,2017,0,0.32697304331803456,1,0,1
A-3071324,Source2,CA,2018,1,0.12770543879099627,0,1,0
A-6522263,Source1,CA,,0,0.0269004736435494,0,0,0
A-3056537,Source2,CA,2018,1,0.29578355537923773,1,0,0
A-7309551,Source1,CA,2019,0,0.26461477975957465,1,0,1
A-2146800,Source2,CA,2019,0,0.1457549241466111,0,0,0
A-5017439,Source1,TX,2022,0,0.25212362663658744,1,0,1
A-4835534,Source1,CA,2022,0,0.10341771838466898,0,0,0
A-283115,Source2,TX,2016,0,0.11748939852967814,0,0,0
A-800795,Source2,CA,2021,0,0.054749426047899744,0,0,0
A-3595619,Source1,TX,2017,1,0.16576277495230612,0,1,0
A-3566294,Source1,CA,2017,0,0.3346479901503417,1,0,1
A-1372794,Source2,TX,2020,0,0.18054484281173067,1,0,1
A-6079078,Source1,CA,2021,0,0.04482505863339771,0,0,0
A-2048420,Source2,CA,2019,0,0.14320226188935714,0,0,0
A-4485884,Source1,CA,2022,0,0.06339759681536909,0,0,0
A-2870480,Source2,CA,2018,0,0.2977397443648903,1,0,1
A-5371266,Source1,TX,2022,0,0.1209130042891869,0,0,0
A-872781,Source2,CA,2021,1,0.15298544923853535,0,1,0
A-41565,Source2,CA,2016,1,0.30981697219408666,1,0,0
A-704629,Source2,CA,2022,0,0.2798839888242991,1,0,1
A-642153,Source3,CA,2022,0,0.15718430728213212,0,0,0
A-552894,Source2,TX,2022,0,0.1878518305143489,1,0,1
A-643360,Source2,CA,2022,0,0.2464746927403922,1,0,1
A-5243252,Source1,CA,2022,0,0.11403040019482122,0,0,0
A-6978612,Source1,CA,2020,0,0.32333726182203437,1,0,1
A-277204,Source2,TX,2016,0,0.1945981015462197,1,0,1
A-4917512,Source1,CA,,0,0.12068898992529895,0,0,0
A-3552929,Source1,CA,2016,0,0.12322859752604134,0,0,0
A-7718236,Source1,TX,2019,1,0.3612507525460293,1,0,0
A-2889060,Source2,CA,2018,1,0.21485737449556272,1,0,0
A-7087770,Source1,CA,2020,1,0.07900253903907622,0,1,0
A-1874541,Source2,TX,2019,1,0.12596401699681042,0,1,0
A-7007634,Source1,CA,2020,0,0.3435550148746265,1,0,1
A-4510734,Source1,CA,2022,0,0.17121388304631752,0,0,0
A-2657007,Source2,TX,2018,0,0.4007795011725171,1,0,1
A-1649523,Source2,TX,2020,0,0.16242775672030135,0,0,0
A-7129122,Source1,TX,2020,1,0.08431037140371855,0,1,0
A-879185,Source2,TX,2021,0,0.17144236709705624,0,0,0
A-1008444,Source2,TX,2021,1,0.1848890838693194,1,0,0
A-4801128,Source1,CA,2022,0,0.04924905512535961,0,0,0
A-2900553,Source2,TX,2018,0,0.26875695471455385,1,0,1
A-5607216,Source1,CA,2021,0,0.12246028907169293,0,0,0
A-6180998,Source1,CA,2021,0,0.048439685120454636,0,0,0
A-5591978,Source1,CA,2021,0,0.14741985927760023,0,0,0
A-7748826,Source1,CA,2019,0,0.21849157302885908,1,0,1
A-5697967,Source1,CA,2021,0,0.0777609372605316,0,0,0
A-902385,Source2,TX,2021,1,0.33267724634035034,1,0,0
A-2908968,Source2,TX,2018,0,0.3054307636966031,1,0,1
A-1383149,Source2,TX,2020,0,0.1635675800771682,0,0,0
A-2565709,Source2,CA,2018,0,0.40888947365106443,1,0,1
A-2570300,Source2,TX,2018,0,0.3873385412387847,1,0,1
A-1893326,Source3,CA,2019,1,0.27085554975440285,1,0,0
A-2793903,Source2,CA,2018,1,0.30684125634432635,1,0,0
A-3824034,Source1,CA,2022,0,0.11972315791184174,0,0,0
A-974225,Source2,CA,2021,0,0.09425722366318548,0,0,0
A-3017754,Source2,CA,2018,0,0.34036519351779365,1,0,1
A-5560751,Source1,CA,2021,0,0.18876874228718185,1,0,1
A-7517927,Source1,CA,2018,0,0.18512619171935732,1,0,1
A-280281,Source2,TX,2016,0,0.3504773814476022,1,0,1
A-1030470,Source2,CA,2021,0,0.21493248833850997,1,0,1
A-2997209,Source3,TX,2018,1,0.2595695604852017,1,0,0
A-2470775,Source2,CA,2018,0,0.11303121200444932,0,0,0
A-7214774,Source1,CA,2020,0,0.19065744337623147,1,0,1
A-3928778,Source1,CA,2022,0,0.16818051831698153,0,0,0
A-893776,Source2,CA,2021,1,0.3320271689163494,1,0,0
A-454634,Source2,CA,2017,1,0.44254861103778553,1,0,0
A-1791289,Source3,CA,2019,0,0.2752377770865936,1,0,1
A-7158339,Source1,TX,2020,1,0.30370166256070613,1,0,0
A-495355,Source2,CA,2017,1,0.2338528472373005,1,0,0
A-5666327,Source1,CA,2021,0,0.16983871405993253,0,0,0
A-5415947,Source1,CA,,0,0.02627797562284303,0,0,0
A-6328069,Source1,CA,2021,0,0.05251185465788087,0,0,0
A-5478526,Source1,CA,2021,0,0.1567591690186783,0,0,0
A-1166441,Source2,CA,2021,0,0.06435429708255969,0,0,0
A-2622474,Source2,TX,2018,1,0.4028388271439408,1,0,0
A-3551652,Source1,CA,2016,0,0.36139704821625807,1,0,1
A-2889324,Source3,CA,2018,0,0.37798581200391557,1,0,1
A-7164811,Source1,CA,2020,0,0.28916184801122197,1,0,1
A-2476721,Source2,CA,2018,0,0.3179001225011596,1,0,1
A-5833125,Source1,TX,2021,0,0.027104055435352287,0,0,0
A-4820349,Source1,CA,2023,0,0.1309807303573637,0,0,0
A-7056706,Source1,CA,2020,0,0.14713940442458712,0,0,0
A-3785445,Source1,TX,2023,0,0.033589477843011535,0,0,0
A-3732248,Source1,CA,2022,0,0.12736694598264958,0,0,0
A-1435911,Source2,CA,2020,0,0.04218161499594969,0,0,0
A-3175207,Source2,CA,2017,0,0.4043207808284491,1,0,1
A-3885077,Source1,CA,,0,0.05162999537946435,0,0,0
A-7107072,Source1,CA,2020,0,0.1951137492728805,1,0,1
A-3420609,Source1,CA,2016,0,0.4259588444885013,1,0,1
A-393619,Source2,TX,2017,1,0.1550156365977924,0,1,0
A-441051,Source2,CA,2017,0,0.3909150607869517,1,0,1
A-957096,Source2,CA,2021,0,0.10990894559252258,0,0,0
A-5585555,Source1,CA,,0,0.07320509012222513,0,0,0
A-61293,Source2,CA,2017,0,0.4076193253869567,1,0,1
A-5608431,Source1,CA,2021,0,0.1767756938773945,1,0,1
A-3524608,Source1,CA,2016,1,0.29090793989756303,1,0,0
A-4054239,Source1,CA,2022,0,0.09196575793144823,0,0,0
A-113297,Source2,CA,2016,1,0.2806496354565398,1,0,0
A-5380019,Source1,CA,2022,0,0.039330770545861565,0,0,0
A-6966202,Source1,CA,2020,0,0.08800077806480915,0,0,0
A-7221258,Source1,CA,2020,0,0.04743986881757099,0,0,0
A-6519976,Source1,TX,2021,0,0.07041444883606264,0,0,0
A-7121282,Source1,CA,2020,0,0.0936488454436081,0,0,0
A-2165765,Source2,CA,2019,0,0.11064423745159924,0,0,0
A-6370947,Source1,CA,2021,0,0.03907826492757898,0,0,0
A-1159960,Source2,CA,2021,0,0.10364464600893633,0,0,0
A-5126202,Source1,TX,,0,0.19305184636900655,1,0,1
A-803217,Source2,CA,2021,0,0.03194937580017683,0,0,0
A-4822038,Source1,CA,,0,0.059664515331912304,0,0,0
A-7412650,Source1,CA,2019,0,0.13129882687612246,0,0,0
A-5161190,Source1,CA,2023,0,0.05597056813470345,0,0,0
A-5570906,Source1,CA,2021,0,0.05148971819495439,0,0,0
A-6796324,Source1,CA,2020,0,0.032554973033408055,0,0,0
A-2449019,Source2,TX,2018,0,0.08522384670979,0,0,0
A-4817133,Source1,CA,2022,0,0.06440881972234283,0,0,0
A-7129464,Source1,CA,2020,0,0.3231812557275441,1,0,1
A-2381170,Source2,TX,2018,0,0.17541913710873508,1,0,1
A-4105783,Source1,CA,2022,0,0.07374896129872903,0,0,0
A-5993298,Source1,CA,2021,0,0.20945011892886795,1,0,1
A-5747906,Source1,TX,2021,0,0.05623259873099369,0,0,0
A-3399843,Source2,TX,2017,0,0.06221777947050635,0,0,0
A-4443274,Source1,CA,,0,0.11509784531880904,0,0,0
A-6666676,Source1,CA,2020,0,0.10551269110374376,0,0,0
A-1952940,Source2,TX,2019,0,0.2170395225602709,1,0,1
A-2467877,Source2,CA,2018,1,0.1250044027597049,0,1,0
A-6263098,Source1,CA,2021,0,0.25156412655245053,1,0,1
A-4855326,Source1,CA,2022,0,0.10310179780611413,0,0,0
A-496042,Source2,CA,2017,0,0.37175576907390334,1,0,1
A-3609532,Source1,CA,2017,0,0.2936315928020825,1,0,1
A-4813229,Source1,CA,2022,0,0.11080205126422123,0,0,0
A-6211028,Source1,CA,2021,0,0.07807019244615017,0,0,0
A-3127396,Source2,CA,2017,1,0.3675860659457474,1,0,0
A-5184782,Source1,CA,2022,0,0.21517351922606665,1,0,1
A-7241822,Source1,CA,2020,0,0.294288426250434,1,0,1
A-1899128,Source2,CA,2019,0,0.10836955228543524,0,0,0
A-3978902,Source1,CA,,0,0.1315701808369045,0,0,0
A-263443,Source2,TX,2016,0,0.31129274741595736,1,0,1
A-1919106,Source2,CA,2019,0,0.16881653907865216,1,0,1
A-7032294,Source1,CA,2020,0,0.2890374410083615,1,0,1
A-3442542,Source1,TX,2016,0,0.16139000178492974,1,0,1
A-714943,Source2,CA,2022,0,0.1012862755928234,0,0,0
A-4196228,Source1,CA,,0,0.0889279492568398,0,0,0
A-1199856,Source2,CA,2021,0,0.16712923263382082,0,0,0
A-6340554,Source1,CA,2021,0,0.06629295004764882,0,0,0
A-4021111,Source1,CA,,0,0.03735188120078524,0,0,0
A-3026442,Source2,CA,2018,0,0.17813748192951237,1,0,1
A-7224162,Source1,CA,2020,0,0.05430251944110347,0,0,0
A-6783630,Source1,CA,2020,0,0.08674569429520937,0,0,0
A-6168740,Source1,CA,2021,0,0.09645424799047561,0,0,0
A-6416353,Source1,CA,2021,0,0.054851485835292334,0,0,0
A-4857652,Source1,CA,2023,0,0.08256554968834248,0,0,0
A-1846421,Source2,TX,2019,0,0.1360499243546848,0,0,0
A-2904064,Source2,CA,2018,0,0.1235493635736951,0,0,0
A-940606,Source2,CA,2021,1,0.10971704318014726,0,1,0
A-114961,Source2,CA,2016,0,0.3714760521374022,1,0,1
A-1978065,Source2,CA,2019,1,0.2819618374649944,1,0,0
A-6421580,Source1,CA,2021,0,0.04814097877890526,0,0,0
A-107377,Source2,CA,2016,1,0.36790495941168466,1,0,0
A-551748,Source2,CA,2022,0,0.083063611546514,0,0,0
A-1247118,Source2,TX,2020,1,0.08115021160760562,0,1,0
A-4859118,Source1,CA,2023,0,0.08771597371715804,0,0,0
A-7632346,Source1,CA,2018,0,0.28684054225390254,1,0,1
A-5087370,Source1,CA,,0,0.023063237928917825,0,0,0
A-95617,Source2,CA,2016,1,0.18494336324833469,0,1,0
A-3373393,Source2,CA,2017,1,0.4446026698967378,1,0,0
A-6165078,Source1,CA,,0,0.03831836914599136,0,0,0
A-4149138,Source1,CA,2022,0,0.2068332670190672,1,0,1
A-6176842,Source1,CA,2021,0,0.041803732051090704,0,0,0
A-1904713,Source3,CA,2019,1,0.18222112017212624,0,1,0
A-3350506,Source2,CA,2017,0,0.05357462813847327,0,0,0
A-6740679,Source1,TX,,0,0.048094103348207275,0,0,0
A-3358718,Source2,CA,2017,1,0.43469662123496117,1,0,0
A-6248109,Source1,CA,2021,0,0.16023220601648816,0,0,0
A-454420,Source3,CA,2017,0,0.11760482407124602,0,0,0
A-3311944,Source2,TX,2017,1,0.14568124654850584,0,1,0
A-2295498,Source3,CA,2019,1,0.34473665797228725,1,0,0
A-6540129,Source1,CA,2021,0,0.08363357871142113,0,0,0
A-7155143,Source1,TX,2020,0,0.05260810369324163,0,0,0
A-1918460,Source3,CA,2019,0,0.12428316209566707,0,0,0
A-4975122,Source1,CA,2022,0,0.05983615354174726,0,0,0
A-7387941,Source1,CA,2019,0,0.1141966876429483,0,0,0
A-6331982,Source1,CA,2021,0,0.18908324759612544,1,0,1
A-1888577,Source2,TX,2019,0,0.3021703688358534,1,0,1
A-2325569,Source2,CA,2019,0,0.14607853540885704,0,0,0
A-23352,Source2,CA,2016,0,0.3348249701017669,1,0,1
A-2364662,Source2,TX,2019,0,0.04168770492320445,0,0,0
A-1577462,Source2,TX,2020,0,0.05505768000460165,0,0,0
A-7213488,Source1,CA,2020,0,0.2983736194466179,1,0,1
A-4491891,Source1,CA,,0,0.022028076317080585,0,0,0
A-1399621,Source2,TX,2020,1,0.19488434720138148,1,0,0
A-6186828,Source1,TX,2021,0,0.10092457517877156,0,0,0
A-1296581,Source2,CA,2020,0,0.04904895456432201,0,0,0
A-2796666,Source2,CA,2018,0,0.08458359061944715,0,0,0
A-2311474,Source2,CA,2019,1,0.3254955671875249,1,0,0
A-7751067,Source1,CA,2019,0,0.32082257962918426,1,0,1
A-3042081,Source2,CA,2018,1,0.3739376435833613,1,0,0
A-73463,Source2,CA,2016,1,0.37781609058302185,1,0,0
A-1884823,Source3,CA,2019,1,0.19949878150150063,1,0,0
A-6067268,Source1,TX,2021,0,0.08519923372457207,0,0,0
A-6246946,Source1,CA,,0,0.04552976265977639,0,0,0
A-3206563,Source2,TX,2017,1,0.35793284664059455,1,0,0
A-4596357,Source1,CA,2022,0,0.3501434986429482,1,0,1
A-2015377,Source2,CA,2019,0,0.2807696668431543,1,0,1
A-5397217,Source1,CA,2022,0,0.07235653521374556,0,0,0
A-4316791,Source1,CA,2022,0,0.1213207937626433,0,0,0
A-4075288,Source1,CA,2022,0,0.028510197600134672,0,0,0
A-6593333,Source1,TX,2020,0,0.12703008705349478,0,0,0
A-1923751,Source2,TX,2019,0,0.11706201355095824,0,0,0
A-7242752,Source1,CA,2020,0,0.1304735833676745,0,0,0
A-112526,Source2,CA,2016,1,0.25610547828187036,1,0,0
A-1699920,Source2,TX,2019,0,0.09318520101484742,0,0,0
A-6792565,Source1,CA,2020,0,0.1236845193327927,0,0,0
A-463885,Source2,CA,2017,1,0.4234303306865674,1,0,0
A-3764343,Source1,CA,2022,0,0.2819992654682678,1,0,1
A-5539471,Source1,TX,2021,0,0.12583153212909157,0,0,0
A-4151096,Source1,CA,,0,0.052507960817245215,0,0,0
A-281878,Source2,TX,2016,0,0.29465917489845517,1,0,1
A-4219306,Source1,CA,2022,0,0.10538375182362263,0,0,0
A-264378,Source2,TX,2016,0,0.28961775222552355,1,0,1
A-7752521,Source1,CA,2019,1,0.11989651710216798,0,1,0
A-5160520,Source1,CA,2022,0,0.05983617374751551,0,0,0
A-5296398,Source1,CA,,0,0.03392361875491501,0,0,0
A-1306328,Source2,CA,2020,1,0.16822113417725112,0,1,0
A-3567085,Source1,TX,2017,0,0.3304023848403924,1,0,1
A-3091454,Source2,CA,2018,1,0.43960091135306295,1,0,0
A-3825015,Source1,CA,2022,0,0.07482537305602008,0,0,0
A-1108590,Source2,CA,2021,0,0.08718867891978861,0,0,0
A-5331891,Source1,CA,2022,0,0.18616994982827278,1,0,1
A-897354,Source2,CA,2021,0,0.12905007380126898,0,0,0
A-6352587,Source1,CA,2021,0,0.088759092870521,0,0,0
A-3240085,Source2,CA,2017,1,0.3767378474518698,1,0,0
A-7262034,Source1,CA,2020,0,0.08609393819199317,0,0,0
A-4101693,Source1,CA,,0,0.05501571499006506,0,0,0
A-86421,Source2,CA,2016,1,0.20940456994011694,1,0,0
A-3415145,Source1,CA,2016,0,0.08742774008514409,0,0,0
A-7116224,Source1,CA,2020,0,0.04345694807713303,0,0,0
A-7353,Source2,CA,2016,0,0.15980985013924737,0,0,0
A-3671611,Source1,CA,,0,0.14378586431514306,0,0,0
A-3956048,Source1,CA,2022,0,0.19344928852281687,1,0,1
A-4552900,Source1,CA,2023,0,0.04473221278609541,0,0,0
A-7119426,Source1,CA,2020,0,0.12530083512327903,0,0,0
A-263322,Source2,TX,2016,1,0.29568669722294766,1,0,0
A-5692627,Source1,CA,2021,0,0.11452097357244333,0,0,0
A-1690024,Source2,CA,2019,1,0.07139168782104635,0,1,0
A-6910368,Source1,CA,2020,0,0.13420719424754424,0,0,0
A-5946602,Source1,CA,2021,0,0.15278600656248834,0,0,0
A-7210219,Source1,CA,2020,0,0.06128876838266023,0,0,0
A-6862901,Source1,CA,2020,0,0.16503162752314632,0,0,0
A-2329514,Source2,TX,2019,0,0.1171457340726337,0,0,0
A-461450,Source2,CA,2017,0,0.5104239157024815,1,0,1
A-4585191,Source1,CA,2022,0,0.06840170792928595,0,0,0
A-3185772,Source2,CA,2017,0,0.054490135644964,0,0,0
A-2788968,Source2,TX,2018,0,0.07057490274803535,0,0,0
A-4430000,Source1,CA,,0,0.020873051310565403,0,0,0
A-1369945,Source2,CA,2020,0,0.07154185730208214,0,0,0
A-7288070,Source1,CA,2019,0,0.09446127484083855,0,0,0
A-5942812,Source1,TX,2021,0,0.1684237137568479,0,0,0
A-41611,Source2,CA,2016,0,0.2980146084549592,1,0,1
A-6922066,Source1,CA,2020,0,0.04963751454295879,0,0,0
A-4585322,Source1,CA,2022,0,0.06012060528759115,0,0,0
A-5899940,Source1,CA,2021,0,0.045587939129909556,0,0,0
A-3657027,Source1,TX,2023,1,0.22468986751200237,1,0,0
A-1342263,Source2,TX,2020,1,0.27113113118084975,1,0,0
A-2586178,Source2,CA,2018,0,0.22014638107702714,1,0,1
A-7177009,Source1,CA,2020,0,0.3314994808120274,1,0,1
A-2974691,Source2,CA,2018,0,0.3259960981429304,1,0,1
A-4638166,Source1,CA,2022,0,0.2558246247488198,1,0,1
A-6729212,Source1,CA,2020,0,0.04190700548235085,0,0,0
A-6435843,Source1,CA,2021,0,0.05893354696258372,0,0,0
A-343304,Source2,CA,2017,0,0.27878115688243776,1,0,1
A-7149805,Source1,CA,2020,0,0.2775333154112086,1,0,1
A-5632369,Source1,CA,2021,0,0.1297990673217716,0,0,0
A-3236518,Source2,TX,2017,1,0.1898791045099533,1,0,0
A-7394212,Source1,CA,2019,0,0.1342519929528127,0,0,0
A-3081957,Source2,TX,2018,0,0.29358296505253695,1,0,1
A-6386414,Source1,CA,2021,0,0.171808457557732,0,0,0
A-4315503,Source1,CA,2022,0,0.2689795854558255,1,0,1
A-4791527,Source1,CA,2022,0,0.11339735477379767,0,0,0
A-6021187,Source1,CA,2021,0,0.23706555794966136,1,0,1
A-6863645,Source1,TX,2020,0,0.192871105014431,1,0,1
A-4548471,Source1,CA,2022,0,0.055377771832194146,0,0,0
A-3735493,Source1,CA,,0,0.028408276704838975,0,0,0
A-6447212,Source1,CA,2021,0,0.05032465553948765,0,0,0
A-578368,Source2,CA,2022,1,0.26461477975957465,1,0,0
A-710894,Source2,TX,2022,0,0.25536435422479503,1,0,1
A-6503465,Source1,CA,2021,0,0.04727901258214917,0,0,0
A-1791163,Source2,CA,2019,0,0.19638472721507633,1,0,1
A-6450869,Source1,CA,,0,0.023380087605209817,0,0,0
A-7093064,Source1,CA,2020,0,0.13232767926178532,0,0,0
A-6985359,Source1,CA,2020,0,0.08798327131290473,0,0,0
A-6467216,Source1,CA,2021,0,0.059693024202892395,0,0,0
A-5261931,Source1,CA,2022,0,0.08744854080604055,0,0,0
A-6383453,Source1,CA,2021,0,0.04313372166803055,0,0,0
A-6748905,Source1,CA,2020,0,0.14043814636938118,0,0,0
A-7376351,Source1,CA,2019,0,0.11072062741568514,0,0,0
A-1173874,Source2,CA,2021,0,0.2496128565365839,1,0,1
A-6434823,Source1,CA,2021,0,0.11211549417591489,0,0,0
A-2370445,Source2,CA,2019,0,0.2538898758749288,1,0,1
A-6514337,Source1,TX,2021,0,0.1518293124034439,0,0,0
A-7019842,Source1,CA,2020,0,0.15109114544943603,0,0,0
A-2908786,Source2,TX,2018,0,0.34701101552390534,1,0,1
A-2570245,Source2,TX,2018,0,0.3897463945726706,1,0,1
A-107459,Source2,CA,2016,1,0.3473981711385815,1,0,0
A-2400008,Source2,TX,2018,1,0.38897406394139145,1,0,0
A-6791783,Source1,CA,2020,0,0.12090139486340083,0,0,0
A-5660021,Source1,CA,2021,0,0.04509996363976661,0,0,0
A-3980954,Source1,CA,2023,0,0.06491022881299521,0,0,0
A-6539908,Source1,CA,2021,0,0.07012663922908613,0,0,0
A-3009788,Source2,TX,2018,0,0.09556459858480408,0,0,0
A-5919094,Source1,CA,2021,0,0.16763539406622305,0,0,0
A-7071689,Source1,CA,2020,0,0.13346922698007713,0,0,0
A-3532457,Source1,CA,2017,0,0.1096979805237269,0,0,0
A-5306061,Source1,CA,,0,0.022799409461190447,0,0,0
A-2368001,Source2,CA,2019,0,0.2933326115523135,1,0,1
A-4463136,Source1,CA,2022,0,0.2641373593094188,1,0,1
A-4335573,Source1,CA,2022,0,0.18482914532345102,1,0,1
A-6366279,Source1,CA,,0,0.033770460494405616,0,0,0
A-49942,Source2,CA,2016,1,0.4197190327795356,1,0,0
A-3698972,Source1,CA,2023,0,0.2898282334614462,1,0,1
A-5868341,Source1,CA,2021,0,0.10020017963130187,0,0,0
A-4020194,Source1,CA,,0,0.05605626663938449,0,0,0
A-3107831,Source2,TX,2017,0,0.05635476224529815,0,0,0
A-5418206,Source1,CA,,0,0.03481246981810825,0,0,0
A-6232250,Source1,CA,2021,0,0.1566860183708964,0,0,0
A-5155298,Source1,CA,,0,0.24427062268251082,1,0,1
A-58683,Source2,CA,2016,0,0.3235969068992268,1,0,1
A-2999307,Source2,TX,2018,0,0.2698963000250537,1,0,1
A-2835687,Source2,TX,2018,1,0.44404431457889526,1,0,0
A-1689789,Source2,CA,2019,1,0.35919397518776197,1,0,0
A-6573429,Source1,CA,,0,0.03072151000053036,0,0,0
A-5394132,Source1,TX,,0,0.1051264250009725,0,0,0
A-3416981,Source1,CA,2016,0,0.2772982226929588,1,0,1
A-26857,Source2,CA,2016,0,0.3457772442453046,1,0,1
A-509425,Source2,TX,2017,0,0.3923200084263977,1,0,1
A-2008195,Source2,TX,2019,0,0.061200259164586955,0,0,0
A-7425045,Source1,CA,2019,0,0.317326254348716,1,0,1
A-667197,Source2,TX,2022,0,0.20630806076035485,1,0,1
A-3738184,Source1,CA,2022,0,0.2826964449803556,1,0,1
A-950711,Source2,CA,2021,0,0.13326500230812086,0,0,0
A-5240998,Source1,CA,2023,0,0.1126135882807294,0,0,0
A-1390399,Source2,TX,2020,1,0.3827002787542179,1,0,0
A-1393262,Source2,CA,2020,1,0.26998416668195235,1,0,0
A-6278757,Source1,TX,,0,0.041809320509959426,0,0,0
A-3254045,Source2,CA,2017,0,0.21426692483500281,1,0,1
A-6971864,Source1,CA,2020,0,0.09374856569438401,0,0,0
A-6354443,Source1,CA,2021,0,0.04815796235155617,0,0,0
A-7771294,Source1,CA,2019,0,0.27832161715304793,1,0,1
A-3568438,Source1,TX,2017,1,0.3200703315772443,1,0,0
A-5196398,Source1,CA,2022,0,0.1536757038690553,0,0,0
A-1170869,Source2,CA,2021,0,0.05835764314551652,0,0,0
A-7611406,Source1,CA,2018,0,0.30890009952661035,1,0,1
A-5376354,Source1,CA,,0,0.04791266967775733,0,0,0
A-4650885,Source1,CA,,0,0.04673377686169673,0,0,0
A-2198268,Source2,CA,2019,1,0.4569643857820231,1,0,0
A-982023,Source2,CA,2021,0,0.03358733206611105,0,0,0
A-3525169,Source1,CA,2016,0,0.23986625497402655,1,0,1
A-944580,Source2,CA,2021,0,0.3894514417079516,1,0,1
A-2358273,Source2,TX,2019,0,0.1736134019208845,0,0,0
A-4391670,Source1,CA,,0,0.02476578290515432,0,0,0
A-3149879,Source2,CA,2017,0,0.33143301321416047,1,0,1
A-1951559,Source2,TX,2019,1,0.19847681168479103,1,0,0
A-3424999,Source1,TX,2016,1,0.22346448431201904,1,0,0
A-438930,Source2,CA,2017,0,0.06298688383474106,0,0,0
A-7572675,Source1,CA,2018,0,0.3135093298649078,1,0,1
A-2924140,Source2,CA,2018,1,0.2312654348685638,1,0,0
A-1327123,Source2,CA,2020,0,0.19409864184413503,1,0,1
A-4870486,Source1,CA,2022,0,0.05844805064719984,0,0,0
A-3004997,Source2,CA,2018,0,0.25244533358089594,1,0,1
A-4029203,Source1,CA,2022,0,0.19608403056857768,1,0,1
A-2532727,Source2,CA,2018,0,0.10585899576606486,0,0,0
A-2202061,Source2,TX,2019,0,0.3039903893110768,1,0,1
A-7255607,Source1,CA,2020,0,0.062119798187447076,0,0,0
A-7456450,Source1,CA,2019,0,0.2634028575485524,1,0,1
A-4634251,Source1,CA,,0,0.0255934033071469,0,0,0
A-3990673,Source1,CA,,0,0.057888330739306146,0,0,0
A-6415119,Source1,CA,2021,0,0.03789480965423886,0,0,0
A-3830904,Source1,CA,2022,0,0.26066615913613383,1,0,1
A-3036114,Source2,CA,2018,0,0.21844514693567355,1,0,1
A-1818476,Source2,TX,2019,1,0.17714868292279556,1,0,0
A-3754517,Source1,CA,,0,0.040439876110378095,0,0,0
A-2355081,Source2,TX,2019,1,0.2750154830212483,1,0,0
A-6370371,Source1,CA,2021,0,0.19576061914807039,1,0,1
A-1522084,Source2,TX,2020,0,0.10493186114139093,0,0,0
A-68246,Source2,CA,2016,0,0.407284945633123,1,0,1
A-5034767,Source1,TX,2022,1,0.11208248449888511,0,1,0
A-6056165,Source1,CA,2021,0,0.3518732971956636,1,0,1
A-5744170,Source1,CA,2021,0,0.10380689118198713,0,0,0
A-813124,Source2,TX,2021,1,0.29234315087802154,1,0,0
A-6711266,Source1,CA,2020,0,0.23317663764320998,1,0,1
A-3680408,Source1,CA,2023,0,0.035611618781951286,0,0,0
A-1454788,Source3,CA,2020,0,0.10476938534818983,0,0,0
A-3893064,Source1,CA,2022,0,0.07354093290808558,0,0,0
A-6710802,Source1,CA,2020,0,0.048553023832899105,0,0,0
A-7516899,Source1,TX,2018,0,0.21328528053382528,1,0,1
A-7355988,Source1,CA,2019,0,0.02820301028240859,0,0,0
A-1233402,Source2,TX,2020,1,0.21548974414114808,1,0,0
A-913171,Source2,CA,2021,1,0.21814917407687853,1,0,0
A-7143081,Source1,CA,2020,0,0.22884974442805217,1,0,1
A-1681519,Source3,CA,2019,0,0.03322719858485091,0,0,0
A-2093157,Source2,TX,2019,0,0.1184737311812554,0,0,0
A-2770929,Source2,TX,2018,1,0.1641744104259253,0,1,0
A-7404276,Source1,CA,2019,0,0.1347231463840654,0,0,0
A-4231187,Source1,CA,,0,0.21649430925301502,1,0,1
A-6054847,Source1,CA,2021,0,0.21901044498225453,1,0,1
A-1320986,Source2,CA,2020,0,0.27101274999599795,1,0,1
A-6395026,Source1,CA,2021,0,0.06528030309377489,0,0,0
A-92901,Source2,CA,2016,1,0.5185790550984943,1,0,0
A-5135958,Source1,CA,2022,0,0.2906663390378794,1,0,1
A-3719487,Source1,CA,2023,0,0.05557247420140521,0,0,0
A-6239956,Source1,CA,2021,0,0.13609719343121124,0,0,0
A-7059249,Source1,CA,2020,0,0.09455653899985662,0,0,0
A-6220373,Source1,TX,2021,0,0.20995704069592627,1,0,1
A-2015050,Source2,CA,2019,0,0.31326397573658804,1,0,1
A-273970,Source2,TX,2016,0,0.2507272904843961,1,0,1
A-7269415,Source1,CA,2020,0,0.029928987841041775,0,0,0
A-1235727,Source2,CA,2020,0,0.30172099781701434,1,0,1
A-3856195,Source1,CA,2022,0,0.2113421793534959,1,0,1
A-7081645,Source1,CA,2020,0,0.08245516749026549,0,0,0
A-5700908,Source1,CA,2021,0,0.16331769685263736,0,0,0
A-5103287,Source1,CA,2022,0,0.12248468232357894,0,0,0
A-7142870,Source1,CA,2020,0,0.07760130232540383,0,0,0
A-6945551,Source1,CA,2020,0,0.0471229982929343,0,0,0
A-6158690,Source1,TX,2021,0,0.3399268149148908,1,0,1
A-4574465,Source1,CA,2022,0,0.1814385903292611,1,0,1
A-92002,Source2,CA,2016,0,0.4217759777243651,1,0,1
A-2448163,Source2,TX,2018,1,0.30090335947821534,1,0,0
A-6140026,Source1,CA,,0,0.03600357152140003,0,0,0
A-3749977,Source1,CA,,0,0.05427261439761553,0,0,0
A-3985113,Source1,CA,2022,0,0.08459281775394943,0,0,0
A-6871276,Source1,CA,2020,0,0.12368222234640269,0,0,0
A-4976640,Source1,CA,2022,0,0.08094004128062404,0,0,0
A-4894398,Source1,TX,2022,0,0.12035893097337931,0,0,0
A-5997692,Source1,CA,2021,0,0.13787561284454053,0,0,0
A-2848874,Source3,CA,2018,0,0.1135432750743948,0,0,0
A-2891782,Source2,CA,2018,0,0.2867922480882307,1,0,1
A-5793487,Source1,CA,2021,0,0.10108032164164973,0,0,0
A-932446,Source3,TX,2021,0,0.1276637328027985,0,0,0
A-1115508,Source2,CA,2021,0,0.1807615610791243,1,0,1
A-62040,Source2,CA,2017,0,0.42818604582436065,1,0,1
A-2129576,Source2,TX,2019,1,0.13175681152382598,0,1,0
A-397012,Source2,CA,2017,0,0.1476113314149306,0,0,0
A-2393522,Source2,TX,2018,0,0.25192319904424154,1,0,1
A-4718197,Source1,CA,2023,0,0.05450090575908194,0,0,0
A-4452196,Source1,CA,2022,1,0.030077629618492967,0,1,0
A-338814,Source2,CA,2017,1,0.3882378763798609,1,0,0
A-2260713,Source2,CA,2019,1,0.36425152105317904,1,0,0
A-709627,Source2,TX,2022,0,0.17345785312154494,0,0,0
A-4746831,Source1,CA,2022,0,0.335366871708383,1,0,1
A-7749090,Source1,CA,2019,0,0.15562361340790523,0,0,0
A-7037405,Source1,CA,2020,0,0.2203763394820107,1,0,1
A-6413433,Source1,CA,2021,0,0.0764201395237813,0,0,0
A-7241440,Source1,CA,2020,0,0.032960943226263674,0,0,0
A-6577032,Source1,CA,2020,0,0.278075727981066,1,0,1
A-5632810,Source1,CA,2021,0,0.11058998608765262,0,0,0
A-3427310,Source1,TX,2016,0,0.4187453705806544,1,0,1
A-269923,Source2,TX,2017,0,0.05436872651919587,0,0,0
A-1408351,Source2,CA,2020,0,0.32468250874155363,1,0,1
A-5207544,Source1,CA,2022,0,0.19264318863539695,1,0,1
A-4474610,Source1,CA,2022,0,0.09078842884649979,0,0,0
A-6832061,Source1,CA,2020,0,0.06832474168212917,0,0,0
A-6134228,Source1,CA,2021,0,0.09658537852193007,0,0,0
A-13980,Source2,CA,2016,0,0.24006821078185664,1,0,1
A-6862446,Source1,CA,2020,0,0.06224422939543128,0,0,0
A-4819542,Source1,TX,2022,0,0.09519344786103456,0,0,0
A-4921054,Source1,CA,2022,0,0.09177509737866,0,0,0
A-5392114,Source1,CA,,0,0.042418763551508934,0,0,0
A-5229501,Source1,TX,2022,0,0.33724149677831466,1,0,1
A-3145787,Source2,CA,2017,1,0.3281535335130185,1,0,0
A-6954168,Source1,CA,2020,0,0.28194355050414577,1,0,1
A-47333,Source2,CA,2016,1,0.3652943896863204,1,0,0
A-113534,Source2,CA,2016,1,0.21329922934906653,1,0,0
A-263181,Source2,TX,2016,1,0.32602822384689306,1,0,0
A-1242228,Source2,TX,2020,1,0.26395796272360866,1,0,0
A-7118089,Source1,CA,2020,0,0.03411323483522206,0,0,0
A-32387,Source2,CA,2016,1,0.16657808953501807,0,1,0
A-6911154,Source1,CA,2020,0,0.2694727321935625,1,0,1
A-7608655,Source1,CA,2018,0,0.29014718122590344,1,0,1
A-4516384,Source1,CA,2022,0,0.16945112366479648,0,0,0
A-4654652,Source1,CA,2023,0,0.06513136968957514,0,0,0
A-4403958,Source1,CA,,0,0.022765707564104832,0,0,0
A-3910018,Source1,CA,2022,0,0.26285243918721923,1,0,1
A-3566597,Source1,CA,2017,1,0.270617252843091,1,0,0
A-748532,Source2,CA,2022,0,0.24747938748106724,1,0,1
A-1844281,Source2,CA,2019,1,0.2433743847637116,1,0,0
A-5102920,Source1,CA,2022,0,0.04853146498441301,0,0,0
A-4518820,Source1,CA,2022,0,0.09778356547606748,0,0,0
A-3792663,Source1,CA,,0,0.06039573216250913,0,0,0
A-3541163,Source1,CA,2016,0,0.31249376837874826,1,0,1
A-7238637,Source1,CA,2020,0,0.13481539209344706,0,0,0
A-2487776,Source2,CA,2018,1,0.1512553102983024,0,1,0
A-7368908,Source1,CA,2019,0,0.08648381588264212,0,0,0
A-5103527,Source1,TX,2022,0,0.0430984632364824,0,0,0
A-2030760,Source2,TX,2019,0,0.06086380245545285,0,0,0
A-3873999,Source1,CA,,0,0.03734382552335498,0,0,0
A-3669462,Source1,CA,,0,0.05495171226140692,0,0,0
A-3102980,Source2,CA,2017,0,0.40740786161199044,1,0,1
A-6772047,Source1,CA,2020,0,0.05293304427105128,0,0,0
A-2223261,Source2,TX,2019,0,0.39341364698128717,1,0,1
A-5157973,Source1,CA,2022,0,0.03560254529200204,0,0,0
A-2323154,Source2,CA,2019,1,0.28089333169445324,1,0,0
A-3021235,Source2,CA,2018,0,0.3196717675270979,1,0,1
A-5405407,Source1,CA,,0,0.17459622516245749,1,0,1
A-2676772,Source2,CA,2018,0,0.31652724559326567,1,0,1
A-6909858,Source1,CA,2020,0,0.29594086530008096,1,0,1
A-85939,Source2,CA,2016,0,0.2151382032942028,1,0,1
A-6891647,Source1,CA,2020,0,0.08438063423479372,0,0,0
A-4045558,Source1,CA,2022,0,0.03414473383766005,0,0,0
A-4916470,Source1,CA,,0,0.04135567843481271,0,0,0
A-484169,Source2,TX,2017,0,0.40349782604502654,1,0,1
A-1316047,Source2,CA,2020,1,0.10506294761530058,0,1,0
A-4701642,Source1,TX,2022,0,0.150668817871419,0,0,0
A-303869,Source2,TX,2016,0,0.3637572479269653,1,0,1
A-4602397,Source1,CA,,0,0.152915908470238,1,0,1
A-28903,Source2,CA,2016,1,0.41014125403538115,1,0,0
A-7251122,Source1,CA,2020,0,0.07665365088518336,0,0,0
A-3364476,Source2,TX,2017,0,0.2189229997825572,1,0,1
A-3940605,Source1,CA,2022,0,0.20299962958430245,1,0,1
A-7379271,Source1,CA,2019,0,0.07818858269371413,0,0,0
A-1617061,Source2,CA,2020,0,0.2012844797151505,1,0,1
A-1676620,Source3,CA,2020,0,0.07755891935343956,0,0,0
A-4600867,Source1,CA,2022,0,0.08727133834714537,0,0,0
A-2600194,Source2,CA,2018,0,0.38613747713843205,1,0,1
A-2912398,Source2,CA,2018,1,0.10512199871385057,0,1,0
A-2326959,Source2,TX,2019,0,0.32937331196515784,1,0,1
A-5686534,Source1,CA,2021,0,0.15930666656906972,0,0,0
A-495069,Source2,CA,2017,0,0.31969163878188767,1,0,1
A-3755965,Source1,CA,2022,0,0.2698097528998441,1,0,1
A-6776453,Source1,TX,2020,0,0.08003488274789868,0,0,0
A-342920,Source2,CA,2017,0,0.4486856261409137,1,0,1
A-3316359,Source2,CA,2017,0,0.13786702494891662,0,0,0
A-5727624,Source1,CA,2021,0,0.02499053400006223,0,0,0
A-5806066,Source1,CA,2021,0,0.09479286189791881,0,0,0
A-2316435,Source2,CA,2019,0,0.3053457674439414,1,0,1
A-1451744,Source3,CA,2020,1,0.14405137929615136,0,1,0
A-5671034,Source1,TX,2021,0,0.03540821455987319,0,0,0
A-3783589,Source1,CA,2022,0,0.08086022380024613,0,0,0
A-2069610,Source2,TX,2019,0,0.05305686436219962,0,0,0
A-7326834,Source1,CA,2019,0,0.05284892127327286,0,0,0
A-3768588,Source1,CA,2022,0,0.06986596796562654,0,0,0
A-91506,Source2,CA,2016,0,0.35456834960316064,1,0,1
A-3729185,Source1,CA,,0,0.18037761990211656,1,0,1
A-1665291,Source2,TX,2020,0,0.15561767955368008,0,0,0
A-103021,Source2,CA,2016,1,0.31177078224973515,1,0,0
A-4466802,Source1,TX,2022,0,0.03994307151569955,0,0,0
A-6592909,Source1,TX,2020,0,0.2380230530103737,1,0,1
A-757909,Source2,CA,2022,0,0.07454095577519307,0,0,0
A-7270640,Source1,CA,2020,0,0.026509767778430022,0,0,0
A-286546,Source2,TX,2016,0,0.051116250355632734,0,0,0
A-5348205,Source1,CA,2022,0,0.1434200993224781,0,0,0
A-4508792,Source1,CA,2022,0,0.29333510907348315,1,0,1
A-461030,Source2,CA,2017,1,0.43050870226456894,1,0,0
A-5110350,Source1,CA,,0,0.05371423381895459,0,0,0
A-1106786,Source2,TX,2021,0,0.2241341422844027,1,0,1
A-2966926,Source2,CA,2018,1,0.29571947456316117,1,0,0
A-96155,Source2,CA,2016,1,0.4441689971794148,1,0,0
A-44823,Source2,CA,2016,1,0.4148467884452752,1,0,0
A-5390888,Source1,CA,,0,0.03394298906520719,0,0,0
A-384884,Source2,TX,2017,0,0.1529882620471807,0,0,0
A-7095845,Source1,CA,2020,0,0.26262586313732406,1,0,1
A-99973,Source2,CA,2016,1,0.3071355374553749,1,0,0
A-1554342,Source2,CA,2020,0,0.07884525857501447,0,0,0
A-7148063,Source1,CA,2020,0,0.15408231502370212,0,0,0
A-6140473,Source1,TX,,0,0.16229791900146787,0,0,0
A-2783871,Source2,TX,2018,0,0.20514527585826636,1,0,1
A-7254053,Source1,CA,2020,0,0.04857137610046182,0,0,0
A-1744551,Source2,CA,2019,1,0.13250447537150117,0,1,0
A-4509361,Source1,CA,2023,0,0.05724625163055859,0,0,0
A-3544375,Source1,CA,2016,0,0.2944390742616024,1,0,1
A-876102,Source2,TX,2021,1,0.10094911441702822,0,1,0
A-6441135,Source1,CA,2021,0,0.25531324501710084,1,0,1
A-1821698,Source2,CA,2019,0,0.22679205433915012,1,0,1
A-4171779,Source1,TX,2022,0,0.18123421479783866,0,0,0
A-18933,Source2,CA,2016,0,0.2522549270055988,1,0,1
A-73240,Source2,CA,2016,0,0.08528797956847214,0,0,0
A-462283,Source2,CA,2017,1,0.2222818857644175,1,0,0
A-5863621,Source1,CA,2021,0,0.1996631529988167,1,0,1
A-3564365,Source1,CA,2017,0,0.3448354534848172,1,0,1
A-3607738,Source1,CA,2017,0,0.30427648436372634,1,0,1
A-6868206,Source1,CA,2020,0,0.11615026911176045,0,0,0
A-1828438,Source2,TX,2019,0,0.06180690351804019,0,0,0
A-6378473,Source1,TX,,0,0.04117374776293371,0,0,0
A-38172,Source2,CA,2016,0,0.2791020501764482,1,0,1
A-6264992,Source1,TX,2021,0,0.10577722819884039,0,0,0
A-1482706,Source2,CA,2020,1,0.18754880731144805,0,1,0
A-954862,Source2,CA,2021,0,0.06571298392083166,0,0,0
A-3007757,Source2,CA,2018,1,0.12007701498289983,0,1,0
A-4840100,Source1,CA,2022,0,0.06831368623683905,0,0,0
A-509256,Source2,TX,2017,1,0.1609467512696802,0,1,0
A-6652252,Source1,CA,2020,0,0.06852716036997572,0,0,0
A-6327745,Source1,CA,2021,0,0.19927407827338284,1,0,1
A-2575567,Source2,CA,2018,0,0.2579264249393132,1,0,1
A-2920863,Source2,TX,2018,0,0.2975710651568738,1,0,1
A-2158052,Source2,CA,2019,1,0.29221305395282426,1,0,0
A-2927427,Source2,TX,2018,0,0.1917892556679445,1,0,1
A-3663439,Source1,CA,,0,0.05271706197222814,0,0,0
A-4832070,Source1,TX,2022,0,0.20608035737961364,1,0,1
A-7212167,Source1,CA,2020,0,0.07628151873390723,0,0,0
A-5546540,Source1,CA,2021,0,0.19108253982459616,1,0,1
A-28260,Source2,CA,2016,1,0.31651151765324476,1,0,0
A-6610516,Source1,CA,2020,0,0.06519928818570112,0,0,0
A-5743590,Source1,CA,2021,0,0.1099284396306224,0,0,0
A-5484723,Source1,CA,2021,0,0.08893779349413364,0,0,0
A-5196801,Source1,TX,2022,0,0.131485562509373,0,0,0
A-4096724,Source1,CA,,0,0.16474766948072156,1,0,1
A-4028875,Source1,CA,2022,0,0.07460247859282579,0,0,0
A-98777,Source2,CA,2016,1,0.3231063737981464,1,0,0
A-3073641,Source2,TX,2018,0,0.21015918726712074,1,0,1
A-5601101,Source1,TX,2021,0,0.04714818218554036,0,0,0
A-5714218,Source1,CA,2021,0,0.045093675927475,0,0,0
A-1064733,Source3,CA,2021,0,0.04509351097731419,0,0,0
A-341399,Source2,CA,2017,1,0.33691608104216536,1,0,0
A-294467,Source2,TX,2016,0,0.21162571914903863,1,0,1
A-3394089,Source2,TX,2017,0,0.2316013652370102,1,0,1
A-3623317,Source1,CA,2017,0,0.4117095737860179,1,0,1
A-6675921,Source1,CA,2020,0,0.07778774754897735,0,0,0
A-3181139,Source2,CA,2017,1,0.09898817176223382,0,1,0
A-5078507,Source1,CA,2022,0,0.14618791533328274,0,0,0
A-4880484,Source1,TX,2022,0,0.24750582285668327,1,0,1
A-5525658,Source1,CA,2021,0,0.3310144107862574,1,0,1
A-1663297,Source3,CA,2020,1,0.06423937693608446,0,1,0
A-3879685,Source1,CA,2022,0,0.2759937560297586,1,0,1
A-3409378,Source2,TX,2017,0,0.10128213053426585,0,0,0
A-903771,Source2,CA,2021,1,0.1190031478762332,0,1,0
A-3954240,Source1,CA,2022,0,0.0646569934629326,0,0,0
A-2118606,Source2,CA,2019,0,0.07515384242467979,0,0,0
A-7023487,Source1,CA,2020,1,0.07699070371920165,0,1,0
A-6853471,Source1,CA,2020,0,0.27897565838885374,1,0,1
A-4613093,Source1,CA,2022,0,0.12099823864945365,0,0,0
A-6642373,Source1,TX,2020,0,0.18580517815181136,1,0,1
A-5317070,Source1,CA,2022,0,0.23425835400985412,1,0,1
A-4419338,Source1,TX,,1,0.03216664813655628,0,1,0
A-5404582,Source1,CA,,0,0.11412531053455552,0,0,0
A-19536,Source2,CA,2016,0,0.3291264090037661,1,0,1
A-5975418,Source1,CA,2021,0,0.3738891983534532,1,0,1
A-3545627,Source1,CA,2016,0,0.30601520843788216,1,0,1
A-3281313,Source2,TX,2017,0,0.36991504470193526,1,0,1
A-7059365,Source1,CA,2020,0,0.09573479952667321,0,0,0
A-5128349,Source1,CA,,0,0.20051261473860288,1,0,1
A-3532370,Source1,CA,2017,0,0.15667510201010754,0,0,0
A-7104223,Source1,CA,2020,0,0.15141326786285617,0,0,0
A-5588201,Source1,CA,2021,0,0.12229041258405118,0,0,0
A-5505318,Source1,TX,2021,0,0.14739307177624564,0,0,0
A-1265039,Source2,TX,2020,0,0.03411223413086808,0,0,0
A-7484701,Source1,CA,2018,0,0.36118918971682235,1,0,1
A-3077017,Source2,CA,2018,1,0.3589488758285888,1,0,0
A-108991,Source2,CA,2016,0,0.18550898722642595,1,0,1
A-5823649,Source1,CA,,0,0.042422248056387266,0,0,0
A-7591214,Source1,TX,2018,1,0.2972905039853243,1,0,0
A-1748716,Source2,TX,2019,0,0.12761260285890086,0,0,0
A-5331241,Source1,CA,,0,0.12400617462561907,0,0,0
A-3195795,Source2,TX,2017,0,0.18721445420569952,1,0,1
A-5970661,Source1,TX,,0,0.12221787341669535,0,0,0
A-5977645,Source1,CA,2021,0,0.2569304811808257,1,0,1
A-3387693,Source2,CA,2017,0,0.08091809306153001,0,0,0
A-2916023,Source2,CA,2018,0,0.09404281809277808,0,0,0
A-2480966,Source2,CA,2018,0,0.30190968872274665,1,0,1
A-3239693,Source2,TX,2017,0,0.05732776610203616,0,0,0
A-4134613,Source1,CA,2023,0,0.04333070900869667,0,0,0
A-7291580,Source1,CA,2019,0,0.069023875783412,0,0,0
A-4613478,Source1,CA,2022,0,0.35705273555761574,1,0,1
A-2048020,Source2,TX,2019,0,0.11394449026857818,0,0,0
A-4149969,Source1,TX,2022,0,0.03869565685086619,0,0,0
A-4076946,Source1,CA,,0,0.1965284678245513,1,0,1
A-1794647,Source2,CA,2019,0,0.04982370544382681,0,0,0
A-7606199,Source1,CA,2018,0,0.18196641071909594,1,0,1
A-4315252,Source1,CA,2022,0,0.24082033530254918,1,0,1
A-2622571,Source2,TX,2018,0,0.06435224730582605,0,0,0
A-5044855,Source1,CA,2022,0,0.15480238184403666,0,0,0
A-3719911,Source1,TX,2022,0,0.3416207596192755,1,0,1
A-3538216,Source1,CA,2016,0,0.11845385292006452,0,0,0
A-7363848,Source1,CA,2019,0,0.28802201693800933,1,0,1
A-7272098,Source1,CA,2020,0,0.0635120882724392,0,0,0
A-4099581,Source1,TX,2022,0,0.06529246497529555,0,0,0
A-7120758,Source1,TX,2020,1,0.060677696213870716,0,1,0
A-3427045,Source1,TX,2016,1,0.20180334343117456,1,0,0
A-3133890,Source2,CA,2017,0,0.07129874076459299,0,0,0
A-4462409,Source1,CA,2022,0,0.14344132688046093,0,0,0
A-278175,Source2,TX,2016,0,0.1725753585126907,0,0,0
A-928548,Source2,TX,2021,0,0.06366078211059405,0,0,0
A-7689543,Source1,CA,2017,0,0.31827001191999316,1,0,1
A-765020,Source2,CA,2021,1,0.12041562717748207,0,1,0
A-6528555,Source1,CA,2021,0,0.06485104035878773,0,0,0
A-3675617,Source1,CA,,0,0.03961459065882249,0,0,0
A-3831668,Source1,CA,2022,0,0.0728361073571588,0,0,0
A-4839696,Source1,CA,2022,0,0.11173295457138574,0,0,0
A-4871434,Source1,CA,2022,0,0.07522441589618689,0,0,0
A-7073892,Source1,CA,2020,0,0.09613717053786505,0,0,0
A-6674938,Source1,CA,2020,0,0.057313834444525556,0,0,0
A-304266,Source2,TX,2016,0,0.3467972371525077,1,0,1
A-5928940,Source1,TX,2021,0,0.02977891041256417,0,0,0
A-4783562,Source1,CA,2023,0,0.04569994959590257,0,0,0
A-7181352,Source1,CA,2020,0,0.15380920485684588,0,0,0
A-7086202,Source1,CA,2020,0,0.06815100220182083,0,0,0
A-84240,Source2,CA,2016,0,0.1433769849541045,0,0,0
A-5726282,Source1,CA,,0,0.028316196853519316,0,0,0
A-7748921,Source1,CA,2019,0,0.06419703743029258,0,0,0
A-6407625,Source1,CA,2021,0,0.04190323515323615,0,0,0
A-14948,Source2,CA,2016,0,0.09032503546891203,0,0,0
A-5455204,Source1,TX,,0,0.07078354806910594,0,0,0
A-3541822,Source1,CA,2016,0,0.30976604248717915,1,0,1
A-5051045,Source1,TX,2022,0,0.21973698968924493,1,0,1
A-7288652,Source1,CA,2019,0,0.10796855851573577,0,0,0
A-63895,Source2,CA,2017,1,0.32870715615141227,1,0,0
A-3791452,Source1,CA,,0,0.22693259563759458,1,0,1
A-431506,Source2,TX,2017,0,0.3888309666306369,1,0,1
A-5360656,Source1,TX,,0,0.14342993458987613,0,0,0
A-3172758,Source2,CA,2017,0,0.05582068853796231,0,0,0
A-5592579,Source1,CA,2021,0,0.1749920945618993,0,0,0
A-5718847,Source1,CA,2021,0,0.1634312538333543,1,0,1
A-1130313,Source2,CA,2021,0,0.08336042608781073,0,0,0
A-5447821,Source1,TX,2022,0,0.04995984235696323,0,0,0
A-344928,Source2,CA,2017,1,0.358079422655047,1,0,0
A-2927327,Source2,TX,2018,0,0.2837633706820407,1,0,1
A-5603815,Source1,TX,2021,0,0.18394380071085314,1,0,1
A-5509534,Source1,CA,2021,0,0.05619869219016164,0,0,0
A-2217915,Source2,CA,2019,0,0.2846389951296753,1,0,1
A-5724744,Source1,CA,2021,0,0.06658659201128153,0,0,0
A-3986016,Source1,CA,2023,0,0.07517213788103073,0,0,0
A-1190538,Source2,CA,2021,0,0.03456389792943766,0,0,0
A-826256,Source2,CA,2021,1,0.12591359663926224,0,1,0
A-7264425,Source1,CA,2020,0,0.047826371950016384,0,0,0
A-2958020,Source2,CA,2018,0,0.36412865793693483,1,0,1
A-4927650,Source1,CA,2022,0,0.0839995324312848,0,0,0
A-6674427,Source1,CA,2020,0,0.27676281559068666,1,0,1
A-6417380,Source1,CA,2021,0,0.07578287522638091,0,0,0
A-5825117,Source1,CA,,0,0.1318559917026328,0,0,0
A-3114682,Source2,CA,2017,1,0.35794425525960827,1,0,0
A-3993451,Source1,TX,2022,0,0.15165115172470378,0,0,0
A-6100855,Source1,CA,2021,0,0.1357318848513291,0,0,0
A-1805264,Source2,TX,2019,0,0.06113057877026999,0,0,0
A-1614285,Source2,TX,2020,0,0.12380761650282661,0,0,0
A-2764941,Source2,CA,2018,1,0.2454713071341163,1,0,0
A-2496620,Source2,CA,2018,0,0.15378733022683283,0,0,0
A-5068119,Source1,CA,2022,0,0.028375219416406555,0,0,0
A-1911441,Source2,TX,2019,0,0.047161581804331394,0,0,0
A-1001353,Source2,CA,2021,1,0.12260378504656477,0,1,0
A-6997009,Source1,CA,2020,0,0.2077702485293061,1,0,1
A-333148,Source2,TX,2017,0,0.3875947980107524,1,0,1
A-5478324,Source1,CA,2021,0,0.09950148823900741,0,0,0
A-2762701,Source2,CA,2018,0,0.1983183155573477,1,0,1
A-5397452,Source1,TX,2022,0,0.08403250226828499,0,0,0
A-4041960,Source1,CA,2023,0,0.07984122554115738,0,0,0
A-7391229,Source1,CA,2019,0,0.1731688704686395,0,0,0
A-632059,Source2,CA,2022,1,0.31270846702871374,1,0,0
A-491819,Source2,CA,2017,0,0.3840240229511832,1,0,1
A-7505358,Source1,CA,2018,0,0.4457534199097667,1,0,1
A-3713366,Source1,TX,2022,0,0.16990300770593286,0,0,0
A-7393200,Source1,CA,2019,0,0.1642559440768728,0,0,0
A-6080648,Source1,CA,,0,0.08081920884151764,0,0,0
A-3032493,Source2,TX,2018,1,0.23245517511185568,1,0,0
A-282666,Source2,TX,2016,0,0.390211583930551,1,0,1
A-3530846,Source1,CA,2017,0,0.17468889942884736,0,0,0
A-100854,Source2,CA,2016,0,0.3977425478914634,1,0,1
A-4415607,Source1,TX,2022,0,0.12709328847696197,0,0,0
A-1165914,Source2,TX,2021,1,0.07609616118318077,0,1,0
A-3094084,Source2,CA,2018,1,0.34585455125686204,1,0,0
A-1118486,Source2,CA,2021,1,0.14688566669413344,0,1,0
A-2989380,Source2,CA,2018,0,0.46627231009964865,1,0,1
A-7181565,Source1,CA,2020,0,0.12360007379685856,0,0,0
A-7708821,Source1,CA,2019,0,0.37178651297855453,1,0,1
A-4413031,Source1,CA,2022,0,0.02200293525963829,0,0,0
A-5349992,Source1,CA,2023,0,0.05237477503394024,0,0,0
A-5349246,Source1,CA,2022,0,0.06838928818315844,0,0,0
A-2775777,Source2,CA,2018,0,0.34283285435133104,1,0,1
A-3298163,Source2,CA,2017,1,0.4285978461880656,1,0,0
A-5287899,Source1,CA,,0,0.054509063766350604,0,0,0
A-4226116,Source1,CA,2022,0,0.09207150114066176,0,0,0
A-6342243,Source1,TX,2021,0,0.08069345156933945,0,0,0
A-272683,Source2,TX,2017,0,0.3832068535297969,1,0,1
A-6141488,Source1,TX,2021,0,0.12510511289897117,0,0,0
A-4384547,Source1,CA,2022,0,0.06227152851016667,0,0,0
A-6762342,Source1,CA,2020,0,0.10903406487621543,0,0,0
A-7037313,Source1,CA,2020,0,0.23196191448767883,1,0,1
A-4988283,Source1,CA,2022,0,0.13303299992727405,0,0,0
A-2571443,Source2,CA,2018,1,0.39454842017531877,1,0,0
A-4966009,Source1,TX,2022,0,0.29867385340586056,1,0,1
A-6504912,Source1,CA,,0,0.14436500218761844,0,0,0
A-60909,Source2,CA,2017,1,0.3794360632690796,1,0,0
A-5791285,Source1,TX,2021,0,0.3283368300310667,1,0,1
A-2743251,Source2,TX,2018,1,0.2791674548645332,1,0,0
A-4604118,Source1,TX,,0,0.09854573576525427,0,0,0
A-879375,Source2,CA,2021,0,0.12990497685888563,0,0,0
A-5920224,Source1,CA,2021,0,0.1432144681869268,0,0,0
A-78781,Source2,CA,2016,0,0.23552544588729632,1,0,1
A-7220737,Source1,CA,2020,0,0.10081137901956634,0,0,0
A-284399,Source2,TX,2016,0,0.15963031462028543,0,0,0
A-5974342,Source1,CA,2021,0,0.11127199483555658,0,0,0
A-6532617,Source1,CA,2021,0,0.04832624231361858,0,0,0
A-6149296,Source1,CA,2021,0,0.023252948429616747,0,0,0
A-1027170,Source2,CA,2021,0,0.3286522705443612,1,0,1
A-1427375,Source2,CA,2020,0,0.32906184021824697,1,0,1
A-3272740,Source2,TX,2017,0,0.34414278250449837,1,0,1
A-3114667,Source2,CA,2017,0,0.05278808224691016,0,0,0
A-433008,Source2,TX,2017,0,0.21576917361340806,1,0,1
A-6003989,Source1,CA,2021,0,0.12772650475717606,0,0,0
A-7402371,Source1,CA,2019,0,0.24541797176924351,1,0,1
A-4225384,Source1,CA,2022,0,0.052329698987771,0,0,0
A-6796294,Source1,CA,2020,0,0.054958964292232446,0,0,0
A-4855692,Source1,CA,2022,0,0.10707539510024648,0,0,0
A-7095335,Source1,CA,2020,0,0.27022079568861046,1,0,1
A-1014072,Source2,CA,2021,0,0.12898657186857682,0,0,0
A-5896806,Source1,CA,2021,0,0.15633258745913045,1,0,1
A-3224804,Source2,CA,2017,0,0.05976145244711245,0,0,0
A-2420935,Source2,CA,2018,1,0.3791016912128068,1,0,0
A-6462520,Source1,CA,2021,0,0.12346286016059979,0,0,0
A-3700306,Source1,CA,2023,0,0.3834055828574492,1,0,1
A-4842427,Source1,TX,2022,0,0.18997527910915635,1,0,1
A-7280109,Source1,CA,2020,0,0.0690944464470786,0,0,0
A-883891,Source2,CA,2021,0,0.09641458830879528,0,0,0
A-951385,Source2,CA,2021,0,0.3721094106173152,1,0,1
A-4700748,Source1,CA,,0,0.03866280507354601,0,0,0
A-1556245,Source2,TX,2020,0,0.10966866148310128,0,0,0
A-4551148,Source1,TX,2022,0,0.20336159309734742,1,0,1
A-5248454,Source1,CA,2022,0,0.08734854258044691,0,0,0
A-1930833,Source2,TX,2019,1,0.1410539858536322,0,1,0
A-404280,Source2,CA,2017,0,0.24515473299987614,1,0,1
A-4592007,Source1,CA,2022,0,0.07075065395835126,0,0,0
A-7414249,Source1,CA,2019,0,0.11372991128975049,0,0,0
A-3855816,Source1,CA,2022,0,0.07195405192608492,0,0,0
A-6871336,Source1,CA,2020,0,0.08971442209057509,0,0,0
A-1849492,Source2,CA,2019,0,0.059060820671377266,0,0,0
A-959643,Source2,CA,2021,0,0.1385676262672569,0,0,0
A-7286240,Source1,CA,2019,0,0.1174343755494173,0,0,0
A-2531746,Source2,CA,2018,0,0.3310299876251295,1,0,1
A-296623,Source2,TX,2016,0,0.06902429695377456,0,0,0
A-2188751,Source2,TX,2019,1,0.21703321321182126,1,0,0
A-3535620,Source1,CA,2016,0,0.38232945244779337,1,0,1
A-4070268,Source1,CA,2022,0,0.16744683940313715,0,0,0
A-115431,Source2,CA,2016,0,0.12740553228520973,0,0,0
A-1555064,Source2,TX,2020,0,0.14145657969196318,0,0,0
A-7351802,Source1,CA,2019,0,0.09593857422635971,0,0,0
A-6013496,Source1,CA,2021,0,0.21579319856765614,1,0,1
A-6753723,Source1,CA,2020,0,0.06267957033497952,0,0,0
A-3035700,Source2,CA,2018,1,0.2744595902196317,1,0,0
A-5417665,Source1,CA,,0,0.18228742492375657,1,0,1
A-3081637,Source2,TX,2018,1,0.28334093485316647,1,0,0
A-2255951,Source2,TX,2019,0,0.060272924610167866,0,0,0
A-4873492,Source1,TX,,0,0.03791627137057132,0,0,0
A-939644,Source2,TX,2021,0,0.25956363966802953,1,0,1
A-6404053,Source1,CA,2021,0,0.049392728929215875,0,0,0
A-3612057,Source1,TX,2017,1,0.20999945113582813,1,0,0
A-2198259,Source2,CA,2019,0,0.4034059803818117,1,0,1
A-5318671,Source1,CA,2022,0,0.10748988447491108,0,0,0
A-7422407,Source1,CA,2019,0,0.3334132614232301,1,0,1
A-1921861,Source2,CA,2019,1,0.11118756055667656,0,1,0
A-1468642,Source2,TX,2020,0,0.044584775841036414,0,0,0
A-6230403,Source1,CA,2021,0,0.052624826914026826,0,0,0
A-7363791,Source1,CA,2019,0,0.25918712091874535,1,0,1
A-53380,Source2,CA,2016,0,0.27866449904543494,1,0,1
A-5775339,Source1,CA,,0,0.049343421704948355,0,0,0
A-3537861,Source1,CA,2016,0,0.3067873523586215,1,0,1
A-1146602,Source2,TX,2021,0,0.22083047867632571,1,0,1
A-2278484,Source2,CA,2019,1,0.264081195792193,1,0,0
A-2530906,Source2,TX,2018,0,0.34392980552403846,1,0,1
A-617920,Source2,CA,2022,0,0.0909491917829395,0,0,0
A-4738812,Source1,TX,2022,0,0.0327788790072661,0,0,0
A-6557405,Source1,CA,2021,0,0.11302274875022326,0,0,0
A-826038,Source2,CA,2021,0,0.06404874506088397,0,0,0
A-4064980,Source1,CA,,0,0.06487283046403969,0,0,0
A-6435819,Source1,CA,2021,0,0.1080975099208548,0,0,0
A-3526308,Source1,CA,2016,0,0.20927083096956972,1,0,1
A-3433124,Source1,TX,2016,1,0.29569385202124293,1,0,0
A-2018077,Source2,TX,2019,0,0.061859391733591715,0,0,0
A-107845,Source2,CA,2016,0,0.1363812403922329,0,0,0
A-264847,Source2,TX,2016,1,0.20418316362498246,1,0,0
A-6781293,Source1,CA,2020,0,0.046555549050751696,0,0,0
A-5641392,Source1,CA,2021,0,0.28204151369061214,1,0,1
A-283797,Source2,TX,2016,1,0.4268315142194341,1,0,0
A-73808,Source2,CA,2016,0,0.35221253555255494,1,0,1
A-6990332,Source1,CA,2020,0,0.13268597982603567,0,0,0
A-6184288,Source1,CA,,0,0.09407219514938464,0,0,0
A-1895854,Source3,CA,2019,0,0.05770056552842593,0,0,0
A-541850,Source2,CA,2022,0,0.0955573979972246,0,0,0
A-4248993,Source1,CA,2022,0,0.03734417828636348,0,0,0
A-4209625,Source1,CA,2022,0,0.09914013243455697,0,0,0
A-2153007,Source2,TX,2019,0,0.2645983472513008,1,0,1
A-4055755,Source1,CA,2022,0,0.0509317117355246,0,0,0
A-99375,Source2,CA,2016,1,0.4500629848406358,1,0,0
A-2987963,Source2,CA,2018,0,0.3221179056002425,1,0,1
A-6191077,Source1,CA,2021,0,0.3027983115147469,1,0,1
A-4382963,Source1,CA,2022,0,0.13722696080155042,0,0,0
A-2336233,Source2,CA,2019,0,0.16688460638295696,1,0,1
A-2122233,Source2,TX,2019,0,0.26574265340421777,1,0,1
A-843016,Source2,CA,2021,0,0.044806407726232185,0,0,0
A-3593914,Source1,TX,2017,0,0.14568630035211866,0,0,0
A-999372,Source2,TX,2021,1,0.056211350393095584,0,1,0
A-7328763,Source1,CA,2019,0,0.28803724381924906,1,0,1
A-6718203,Source1,TX,2020,0,0.10456518240583554,0,0,0
A-273183,Source2,TX,2017,0,0.12240862428262753,0,0,0
A-88717,Source2,CA,2016,1,0.3611048708821174,1,0,0
A-4242552,Source1,TX,2022,0,0.14406393912759485,0,0,0
A-5146,Source2,CA,2016,0,0.2908195666546746,1,0,1
A-2314156,Source3,CA,2019,1,0.2584603614914185,1,0,0
A-3444546,Source1,TX,2016,0,0.4152608763596669,1,0,1
A-2919170,Source2,CA,2018,1,0.2891255988479119,1,0,0
A-4259133,Source1,CA,,0,0.044364300756220346,0,0,0
A-337154,Source2,CA,2017,1,0.12305667977500245,0,1,0
A-7124313,Source1,CA,2020,0,0.13151955063050527,0,0,0
A-6406043,Source1,CA,2021,0,0.03412871437275694,0,0,0
A-5052588,Source1,CA,2022,0,0.28128442828488814,1,0,1
A-27541,Source2,CA,2016,0,0.34482814764226427,1,0,1
A-3592860,Source1,CA,2017,1,0.37505315000099493,1,0,0
A-1144074,Source2,TX,2021,0,0.25687946304467696,1,0,1
A-7363555,Source1,CA,2019,0,0.048395197196863124,0,0,0
A-5782394,Source1,CA,2021,0,0.30931827716979454,1,0,1
A-4279732,Source1,CA,2022,0,0.0543833340796015,0,0,0
A-4159824,Source1,CA,2023,0,0.12370462607796928,0,0,0
A-3863352,Source1,CA,2022,0,0.0716650241389177,0,0,0
A-494343,Source2,CA,2017,1,0.4268801239910821,1,0,0
A-2815982,Source2,TX,2018,1,0.07429465078885614,0,1,0
A-2138949,Source2,TX,2019,0,0.025732362924147316,0,0,0
A-6145369,Source1,CA,2021,0,0.08843154867350138,0,0,0
A-5512712,Source1,TX,2021,0,0.0765115408923985,0,0,0
A-4325462,Source1,CA,2022,0,0.0643927947093652,0,0,0
A-5154669,Source1,CA,,0,0.05007568884595589,0,0,0
A-4107406,Source1,CA,,0,0.05235414182295445,0,0,0
A-21139,Source2,CA,2016,0,0.2889133227558532,1,0,1
A-104068,Source2,CA,2016,0,0.29476969741398124,1,0,1
A-664792,Source3,TX,2022,1,0.12962214653163534,0,1,0
A-100659,Source2,CA,2016,1,0.32525884254187,1,0,0
A-2735098,Source2,CA,2018,0,0.09220739644243019,0,0,0
A-1428995,Source2,CA,2020,0,0.10804937216033442,0,0,0
A-4023502,Source1,TX,2022,0,0.07557237751081551,0,0,0
A-5268137,Source1,TX,2022,0,0.1729450189659991,0,0,0
A-7629832,Source1,CA,2018,0,0.34597165084164033,1,0,1
A-428342,Source2,TX,2017,0,0.06370793637352393,0,0,0
A-4649830,Source1,CA,2022,0,0.12575037015899304,0,0,0
A-6323196,Source1,TX,2021,0,0.08493707204548019,0,0,0
A-6199241,Source1,CA,,0,0.2026926086671153,1,0,1
A-4933775,Source1,CA,2023,0,0.0742140082063844,0,0,0
A-5771422,Source1,CA,2021,0,0.08885405055871662,0,0,0
A-2143670,Source2,TX,2019,1,0.1292601322374781,0,1,0
A-1559225,Source3,CA,2020,0,0.07614049017509872,0,0,0
A-5772099,Source1,CA,2021,0,0.04240967423848569,0,0,0
A-4945325,Source1,CA,,0,0.1432554180282467,0,0,0
A-7105742,Source1,CA,2020,0,0.1103420130373639,0,0,0
A-1552913,Source2,TX,2020,1,0.10947440128889996,0,1,0
A-1567170,Source2,CA,2020,1,0.20115995871762457,1,0,0
A-5749807,Source1,CA,2021,0,0.07885041969203448,0,0,0
A-3531756,Source1,CA,2017,0,0.3807164631447163,1,0,1
A-286187,Source2,TX,2016,1,0.3929873384837907,1,0,0
A-6604515,Source1,CA,2020,0,0.27544186867591547,1,0,1
A-6626098,Source1,CA,2020,0,0.265767954287076,1,0,1
A-6714903,Source1,CA,2020,0,0.07385093424104044,0,0,0
A-7359257,Source1,CA,2019,0,0.07722512567327453,0,0,0
A-1458810,Source3,CA,2020,0,0.11549367890463853,0,0,0
A-4943788,Source1,CA,2022,0,0.10381348808755138,0,0,0
A-6997353,Source1,CA,2020,0,0.15303086837009666,0,0,0
A-5468987,Source1,CA,,0,0.05960747299489488,0,0,0
A-4291975,Source1,TX,2022,0,0.27013785155556347,1,0,1
A-4234854,Source1,CA,2022,0,0.058446337961836736,0,0,0
A-1624568,Source2,TX,2020,0,0.1470164972382435,0,0,0
A-4609809,Source1,CA,2022,0,0.07796811288614029,0,0,0
A-3148025,Source2,CA,2017,0,0.25190296359422026,1,0,1
A-6186757,Source1,CA,2021,0,0.061693207926892445,0,0,0
A-7590940,Source1,TX,2018,1,0.10187687800524825,0,1,0
A-2849506,Source2,TX,2018,1,0.2304188152053034,1,0,0
A-611538,Source3,CA,2022,0,0.07415962203985882,0,0,0
A-6289029,Source1,CA,2021,0,0.09550405264788082,0,0,0
A-3903117,Source1,TX,2022,0,0.0692657854078577,0,0,0
A-1936104,Source2,TX,2019,0,0.1546726678459786,0,0,0
A-1697024,Source2,TX,2019,0,0.112490150124906,0,0,0
A-4087724,Source1,CA,2022,0,0.2064017810235046,1,0,1
A-3766611,Source1,CA,2022,0,0.06425239266829556,0,0,0
A-4534953,Source1,CA,2022,0,0.12261364697263821,0,0,0
A-7405114,Source1,CA,2019,0,0.13086927260928588,0,0,0
A-27626,Source2,CA,2016,0,0.19130078752572124,1,0,1
A-6374050,Source1,TX,,0,0.026170891338194002,0,0,0
A-2447610,Source2,CA,2018,0,0.37226182016063997,1,0,1
A-7360674,Source1,CA,2019,0,0.2336992260507401,1,0,1
A-1218028,Source2,CA,2020,1,0.22581278478650182,1,0,0
A-1127970,Source2,CA,2021,1,0.08310296017539756,0,1,0
A-3049615,Source2,CA,2018,1,0.3638266161783052,1,0,0
A-7343025,Source1,CA,2019,0,0.16786492692598293,0,0,0
A-7274834,Source1,CA,2020,0,0.10618408636143697,0,0,0
A-4973775,Source1,CA,,0,0.06130972119971416,0,0,0
A-2198269,Source2,CA,2019,1,0.4808708056629925,1,0,0
A-3946388,Source1,CA,2022,0,0.06015430004611586,0,0,0
A-1099858,Source2,CA,2021,0,0.11627721337865723,0,0,0
A-5114549,Source1,CA,2023,0,0.2785900429406712,1,0,1
A-1799477,Source2,TX,2019,0,0.027703010264964863,0,0,0
A-2213497,Source2,CA,2019,0,0.2770935625503801,1,0,1
A-5892202,Source1,CA,2021,0,0.09323346284585751,0,0,0
A-3793779,Source1,CA,,0,0.05885067765551035,0,0,0
A-3103087,Source2,CA,2017,1,0.39590024071697666,1,0,0
A-3747309,Source1,CA,2022,0,0.26689239761343375,1,0,1
A-7268512,Source1,CA,2020,0,0.05539550648317547,0,0,0
A-1989745,Source2,TX,2019,0,0.08358076971583903,0,0,0
A-7302270,Source1,CA,2019,0,0.17290516154841679,1,0,1
A-4340809,Source1,CA,2022,0,0.1823421119817093,1,0,1
A-3718020,Source1,TX,2022,0,0.3167504621983902,1,0,1
A-2222031,Source2,CA,2019,0,0.3296015186987371,1,0,1
A-3431122,Source1,TX,2016,0,0.4075258473306825,1,0,1
A-2460694,Source2,CA,2018,0,0.08294313450796939,0,0,0
A-2104529,Source2,CA,2019,1,0.07350376634241898,0,1,0
A-6100105,Source1,CA,2021,0,0.05989655291361207,0,0,0
A-4498104,Source1,CA,2023,0,0.20233281525403762,1,0,1
A-4229949,Source1,CA,,0,0.02915496905683846,0,0,0
A-5713381,Source1,TX,2021,0,0.09567053614795387,0,0,0
A-2655531,Source2,CA,2018,1,0.3067312847151415,1,0,0
A-4623274,Source1,CA,,0,0.04135209489673952,0,0,0
A-6575383,Source1,CA,2020,0,0.0385344991884662,0,0,0
A-3525405,Source1,CA,2016,0,0.2846358467800839,1,0,1
A-670590,Source2,CA,2022,1,0.25293089184842055,1,0,0
A-1614385,Source2,TX,2020,0,0.027801120807245318,0,0,0
A-71797,Source2,CA,2016,1,0.37770161880630015,1,0,0
A-7133231,Source1,CA,2020,0,0.2552449440693818,1,0,1
A-7064055,Source1,CA,2020,0,0.20701108553873354,1,0,1
A-5440461,Source1,CA,2022,0,0.24030097404605896,1,0,1
A-4564142,Source1,CA,,0,0.07837243619785116,0,0,0
A-305281,Source2,TX,2016,0,0.19301859724791054,1,0,1
A-1146382,Source3,TX,2021,0,0.03731464105010398,0,0,0
A-4624289,Source1,TX,,0,0.07902125324969919,0,0,0
A-5573492,Source1,TX,2021,0,0.3361683078104486,1,0,1
A-4969319,Source1,CA,2022,0,0.09667695732489821,0,0,0
A-1255768,Source2,CA,2020,1,0.08477990812019201,0,1,0
A-1936133,Source2,TX,2019,0,0.18893621841210642,1,0,1
A-6954453,Source1,CA,2020,0,0.07283958881367679,0,0,0
A-7070566,Source1,CA,2020,0,0.05860403603133352,0,0,0
A-3873120,Source1,CA,,0,0.11675520161969108,0,0,0
A-1135962,Source2,CA,2021,0,0.08750586544078975,0,0,0
A-7017338,Source1,TX,2020,1,0.2473962207207872,1,0,0
A-1936353,Source2,TX,2019,0,0.28256026103434995,1,0,1
A-1256247,Source2,CA,2020,1,0.18462704970879074,0,1,0
A-7364251,Source1,CA,2019,0,0.242222496988051,1,0,1
A-2802048,Source2,CA,2018,1,0.297498304624574,1,0,0
A-5208636,Source1,CA,2022,0,0.37313809949421645,1,0,1
A-295481,Source2,TX,2016,0,0.399648118686746,1,0,1
A-720661,Source2,CA,2022,1,0.10427309664681575,0,1,0
A-2535402,Source2,TX,2018,1,0.2110506902271338,1,0,0
A-2726769,Source2,CA,2018,0,0.25937050591237876,1,0,1
A-3036059,Source2,CA,2018,1,0.26575203537331304,1,0,0
A-7343604,Source1,CA,2019,0,0.07467989594227845,0,0,0
A-2813779,Source2,CA,2018,0,0.25769129040167227,1,0,1
A-6704972,Source1,TX,2020,0,0.1469994251034911,0,0,0
A-1315939,Source2,CA,2020,0,0.07677036335597306,0,0,0
A-2415957,Source2,CA,2018,0,0.05756771439550641,0,0,0
A-4506822,Source1,CA,2022,0,0.10071845045790732,0,0,0
A-1153215,Source2,CA,2021,0,0.13495653097415233,0,0,0
A-280103,Source2,TX,2016,0,0.36092112790978875,1,0,1
A-2932578,Source2,CA,2018,0,0.08615678162380581,0,0,0
A-1161501,Source2,TX,2021,0,0.12217379581299163,0,0,0
A-2508969,Source2,CA,2018,0,0.37250945251668327,1,0,1
A-271263,Source2,TX,2017,1,0.28788105395802166,1,0,0
A-2590091,Source2,CA,2018,0,0.18263927095596197,1,0,1
A-1825708,Source2,CA,2019,1,0.3861344702868733,1,0,0
A-7563857,Source1,CA,2018,0,0.27919515673514944,1,0,1
A-112544,Source2,CA,2016,1,0.3121808138042922,1,0,0
A-6923057,Source1,CA,2020,0,0.03663088836766897,0,0,0
A-6733810,Source1,TX,2020,0,0.0994360505000207,0,0,0
A-6272974,Source1,CA,2021,0,0.3206900896213899,1,0,1
A-1006812,Source2,CA,2021,0,0.3935390534810906,1,0,1
A-1371756,Source2,CA,2020,0,0.13700901821191286,0,0,0
A-7023277,Source1,CA,2020,0,0.2698092649126806,1,0,1
A-4851689,Source1,CA,2022,0,0.4105087541736605,1,0,1
A-5587682,Source1,CA,2021,0,0.14112028218569087,0,0,0
A-5443721,Source1,CA,2022,0,0.09881249897273421,0,0,0
A-3028512,Source2,TX,2018,0,0.3816642917002003,1,0,1
A-6227789,Source1,CA,2021,0,0.30852773383067317,1,0,1
A-5031688,Source1,CA,2022,0,0.11311159485048783,0,0,0
A-4128968,Source1,CA,,0,0.022423889716476207,0,0,0
A-1995644,Source2,TX,2019,0,0.05682423622634299,0,0,0
A-5258321,Source1,TX,2022,0,0.19940340281022323,1,0,1
A-4948213,Source1,CA,,0,0.14673017548907938,0,0,0
A-4908258,Source1,TX,2022,0,0.12752260881396998,0,0,0
A-7160349,Source1,CA,2020,0,0.14958961990248038,0,0,0
A-7686120,Source1,CA,2017,0,0.2096738651930056,1,0,1
A-3776268,Source1,CA,2022,0,0.07224839246695756,0,0,0
A-2420886,Source2,CA,2018,1,0.31580792029751886,1,0,0
A-7306597,Source1,CA,2019,0,0.04057361744218648,0,0,0
A-385349,Source2,TX,2017,0,0.39169093771546215,1,0,1
A-409367,Source2,CA,2017,1,0.19299463849461093,1,0,0
A-105904,Source2,CA,2016,1,0.34023611245706575,1,0,0
A-4042212,Source1,CA,2022,0,0.07820435929023895,0,0,0
A-4975011,Source1,CA,2022,0,0.06033208239181072,0,0,0
A-4796548,Source1,CA,2023,0,0.13013384371189493,0,0,0
A-73484,Source2,CA,2016,1,0.44037146719020415,1,0,0
A-3701453,Source1,CA,2023,0,0.14879218609965597,0,0,0
A-1902192,Source3,CA,2019,0,0.1417154042272263,0,0,0
A-5937038,Source1,CA,2021,0,0.07811672206790934,0,0,0
A-5040514,Source1,CA,2022,0,0.17414049163472706,1,0,1
A-65226,Source2,CA,2017,1,0.3434134500328458,1,0,0
A-3061920,Source2,CA,2018,0,0.1534236613333388,0,0,0
A-637725,Source2,CA,2022,0,0.0673518620643577,0,0,0
A-2568646,Source2,CA,2018,0,0.4651528533036967,1,0,1
A-1059969,Source2,TX,2021,0,0.2199473285951889,1,0,1
A-14955,Source2,CA,2016,0,0.4254173998751356,1,0,1
A-563516,Source2,TX,2022,0,0.062347979312180654,0,0,0
A-3859473,Source1,CA,,0,0.05515529464094088,0,0,0
A-5887607,Source1,CA,2021,0,0.27534415718387695,1,0,1
A-6816213,Source1,CA,2020,0,0.07229948464696646,0,0,0
A-6310343,Source1,CA,2021,0,0.06744591098381145,0,0,0
A-1776842,Source3,CA,2019,0,0.09255453513205837,0,0,0
A-4114134,Source1,CA,2022,0,0.14587054835762878,0,0,0
A-7116003,Source1,CA,2020,0,0.24436608968927823,1,0,1
A-577405,Source2,CA,2022,1,0.08559827653063619,0,1,0
A-522125,Source2,TX,2022,0,0.11383792789646015,0,0,0
A-4621389,Source1,TX,2023,0,0.11455248151904088,0,0,0
A-6426393,Source1,TX,2021,0,0.35137609432684375,1,0,1
A-5377140,Source1,CA,,0,0.07678712813945117,0,0,0
A-4957597,Source1,TX,2022,0,0.3311255076104206,1,0,1
A-265223,Source2,TX,2016,0,0.2804164684385613,1,0,1
A-668471,Source2,CA,2022,1,0.3008299838677595,1,0,0
A-5579929,Source1,CA,2021,0,0.11774318031024436,0,0,0
A-4419710,Source1,TX,,0,0.16100956920420578,0,0,0
A-3102237,Source2,CA,2017,1,0.2986933067215124,1,0,0
A-343748,Source2,CA,2017,1,0.30964274405028275,1,0,0
A-7023474,Source1,CA,2020,0,0.26294159586396726,1,0,1
A-3552678,Source1,CA,2016,0,0.32262171590481226,1,0,1
A-1892525,Source2,TX,2019,0,0.10442673405213976,0,0,0
A-3415358,Source1,CA,2016,0,0.2944934027041025,1,0,1
A-6143803,Source1,TX,2021,0,0.23222513118093008,1,0,1
A-5891828,Source1,TX,2021,0,0.24914300513434734,1,0,1
A-6749789,Source1,TX,2020,0,0.048298942014804024,0,0,0
A-1627390,Source2,TX,2020,1,0.1704526826768908,0,1,0
A-1038333,Source2,CA,2021,0,0.0796919018693488,0,0,0
A-1821786,Source2,CA,2019,1,0.3315804772313859,1,0,0
A-5561717,Source1,CA,2021,0,0.30388548587353537,1,0,1
A-5971019,Source1,CA,,0,0.16960077567355952,1,0,1
A-7629064,Source1,CA,2018,1,0.16046791448176875,0,1,0
A-6479892,Source1,TX,2021,0,0.08359537252512633,0,0,0
A-6689,Source2,CA,2016,0,0.4170958814136688,1,0,1
A-4612614,Source1,TX,2022,0,0.2761378064971294,1,0,1
A-585330,Source2,TX,2022,0,0.1356384211742089,0,0,0
A-433354,Source2,TX,2017,0,0.2230306322955388,1,0,1
A-4086760,Source1,CA,2022,0,0.1429084401746264,0,0,0
A-3170733,Source2,CA,2017,1,0.4102259648822028,1,0,0
A-4378576,Source1,CA,2022,0,0.041999073219746066,0,0,0
A-4264492,Source1,CA,2023,0,0.053653584176649186,0,0,0
A-7402652,Source1,CA,2019,0,0.12550198752109307,0,0,0
A-6434178,Source1,CA,2021,0,0.15578964305338958,0,0,0
A-3843721,Source1,CA,2022,0,0.09527443592958394,0,0,0
A-3530405,Source1,CA,2017,0,0.40033949270678926,1,0,1
A-1373363,Source2,CA,2020,0,0.09755713783360132,0,0,0
A-4270180,Source1,CA,2022,0,0.06237682808222631,0,0,0
A-7107776,Source1,CA,2020,0,0.07288152936203941,0,0,0
A-3989996,Source1,CA,,0,0.05115685225040052,0,0,0
A-5617008,Source1,CA,2021,0,0.13582347642697953,0,0,0
A-7535636,Source1,CA,2018,0,0.2754357948927053,1,0,1
A-7289510,Source1,CA,2019,0,0.19832517610372297,1,0,1
A-7433917,Source1,CA,2019,0,0.33685510212417397,1,0,1
A-338040,Source2,CA,2017,1,0.16439588440811093,1,0,0
A-6761758,Source1,CA,2020,0,0.06411011703123255,0,0,0
A-6890104,Source1,CA,2020,0,0.05676194911820938,0,0,0
A-5168538,Source1,TX,2023,0,0.08797600811346556,0,0,0
A-3121545,Source2,CA,2017,0,0.37691724164844803,1,0,1
A-4592907,Source1,TX,2022,0,0.04655306636494685,0,0,0
A-7245101,Source1,CA,2020,0,0.06644481295289202,0,0,0
A-1290757,Source2,CA,2020,0,0.148118468642094,0,0,0
A-1376615,Source2,TX,2020,0,0.03357362882443905,0,0,0
A-4050677,Source1,CA,2022,0,0.09986279020441198,0,0,0
A-267753,Source2,TX,2017,1,0.09873951899727172,0,1,0
A-5571002,Source1,CA,2021,0,0.09151629919247103,0,0,0
A-6594590,Source1,CA,,0,0.03100828040364002,0,0,0
A-7076212,Source1,CA,2020,0,0.278631798882716,1,0,1
A-4251686,Source1,CA,2023,0,0.0332655341306103,0,0,0
A-7108859,Source1,CA,2020,0,0.11604875537516354,0,0,0
A-7665851,Source1,CA,2017,1,0.11856924906702034,0,1,0
A-3680018,Source1,CA,2023,0,0.10622316011300996,0,0,0
A-6386577,Source1,CA,2021,0,0.10061510760334084,0,0,0
A-6823273,Source1,CA,2020,0,0.06982665763561122,0,0,0
A-2741276,Source2,TX,2018,0,0.3995256146541294,1,0,1
A-5088145,Source1,CA,,0,0.04794748291195673,0,0,0
A-7245260,Source1,CA,2020,0,0.10809202520446395,0,0,0
A-7570605,Source1,CA,2018,0,0.3085199367510395,1,0,1
A-2629688,Source2,CA,2018,0,0.3051651335684611,1,0,1
A-6419319,Source1,CA,2021,0,0.09775328990476725,0,0,0
A-2242751,Source2,TX,2019,0,0.19377306066109687,1,0,1
A-2741695,Source2,CA,2018,0,0.35931704746288534,1,0,1
A-6784508,Source1,CA,2020,0,0.08517375153156014,0,0,0
A-2947744,Source2,TX,2018,0,0.36955511602399704,1,0,1
A-7098108,Source1,CA,2020,0,0.1618794988722289,0,0,0
A-3211960,Source2,TX,2017,0,0.32431196150093217,1,0,1
A-5746713,Source1,CA,2021,0,0.25098247830845316,1,0,1
A-7728449,Source1,CA,2019,0,0.09746352954687286,0,0,0
A-3679111,Source1,CA,2023,0,0.05339610915855011,0,0,0
A-2804808,Source2,CA,2018,0,0.3475074943222627,1,0,1
A-4934201,Source1,CA,2022,0,0.054493126975665586,0,0,0
A-2499559,Source2,CA,2018,1,0.4346280140324475,1,0,0
A-6794462,Source1,TX,2020,0,0.06798866466882118,0,0,0
A-7007335,Source1,CA,2020,1,0.11121524607060049,0,1,0
A-6572687,Source1,CA,,0,0.031150175186503776,0,0,0
A-5640457,Source1,TX,2021,0,0.11426633539202494,0,0,0
A-5759786,Source1,CA,2021,0,0.08667333307036193,0,0,0
A-3546552,Source1,CA,2016,0,0.2647802219352331,1,0,1
A-1700453,Source2,CA,2019,1,0.25831766348644675,1,0,0
A-4164675,Source1,CA,,0,0.19727569216750948,1,0,1
A-7061774,Source1,CA,2020,1,0.32862951052433376,1,0,0
A-3300673,Source2,CA,2017,0,0.3923272758717129,1,0,1
A-4507199,Source1,CA,2022,0,0.08430144209555371,0,0,0
A-6497927,Source1,CA,2021,0,0.09732391127470216,0,0,0
A-7167974,Source1,CA,2020,0,0.09651539620871301,0,0,0
A-7169088,Source1,TX,2020,1,0.34333454565025334,1,0,0
A-1544262,Source2,TX,2020,0,0.2139064958601266,1,0,1
A-1678881,Source2,TX,2019,1,0.1334565945410599,0,1,0
A-264319,Source2,TX,2016,0,0.15108345526564204,0,0,0
A-2558729,Source2,CA,2018,1,0.481759554699425,1,0,0
A-4734091,Source1,CA,,0,0.02854975010823705,0,0,0
A-6196010,Source1,CA,2021,0,0.13449091456539147,0,0,0
A-3339969,Source2,TX,2017,0,0.35285651678772867,1,0,1
A-6316155,Source1,CA,2021,0,0.0577830409941255,0,0,0
A-7207022,Source1,CA,2020,0,0.19810290647896728,1,0,1
A-6340544,Source1,CA,2021,0,0.2949339647554698,1,0,1
A-6024193,Source1,CA,2021,0,0.15783978715298908,0,0,0
A-3393571,Source2,TX,2017,0,0.3568236622425906,1,0,1
A-7338466,Source1,CA,2019,0,0.09420801729078984,0,0,0
A-5536814,Source1,TX,,0,0.20841119639384353,1,0,1
A-2979233,Source2,TX,2018,1,0.2934984665962469,1,0,0
A-2323124,Source2,CA,2019,1,0.46652272407512585,1,0,0
A-1461439,Source2,CA,2020,0,0.08457000492632186,0,0,0
A-6953385,Source1,CA,2020,0,0.2195842073640771,1,0,1
A-5044355,Source1,CA,2022,0,0.27804991447041344,1,0,1
A-4437690,Source1,CA,2022,0,0.09105438868454926,0,0,0
A-6346271,Source1,TX,2021,0,0.24658443395600402,1,0,1
A-7269197,Source1,CA,2020,0,0.057198936035890754,0,0,0
A-5758170,Source1,TX,2021,0,0.1901641225393917,1,0,1
A-2719014,Source2,TX,2018,1,0.3905904096307496,1,0,0
A-4357734,Source1,TX,,0,0.05885075804396628,0,0,0
A-5322194,Source1,CA,,0,0.07827706821357559,0,0,0
A-3557227,Source1,TX,2017,1,0.28597872999228546,1,0,0
A-5474132,Source1,CA,2021,0,0.055903119353210316,0,0,0
A-3431480,Source1,TX,2016,1,0.4046229459424476,1,0,0
A-4932744,Source1,CA,,0,0.05936376901561854,0,0,0
A-4185327,Source1,CA,2022,0,0.04494998427168343,0,0,0
A-2083338,Source2,CA,2019,1,0.17088600600878487,0,1,0
A-5125962,Source1,CA,,0,0.06184547864408683,0,0,0
A-4605014,Source1,TX,,0,0.028956315473326544,0,0,0
A-1541564,Source3,CA,2020,0,0.1153597374941896,0,0,0
A-6863099,Source1,CA,2020,0,0.06532815047360915,0,0,0
A-3420366,Source1,CA,2016,1,0.3539766114657742,1,0,0
A-34847,Source2,CA,2016,1,0.45284441036700496,1,0,0
A-435088,Source2,TX,2017,0,0.3055367476408478,1,0,1
A-958796,Source2,CA,2021,0,0.14032817397453734,0,0,0
A-4435328,Source1,CA,2022,0,0.15596552286453064,0,0,0
A-92670,Source2,CA,2016,0,0.151288904257052,0,0,0
A-1756365,Source3,CA,2019,0,0.13424669484906251,0,0,0
A-485726,Source2,TX,2017,0,0.07991363799471238,0,0,0
A-2722341,Source2,CA,2018,1,0.37205534411022495,1,0,0
A-7610584,Source1,CA,2018,0,0.1864469748502718,1,0,1
A-2682618,Source2,TX,2018,0,0.07919541645007021,0,0,0
A-750475,Source2,CA,2022,0,0.05118963542674613,0,0,0
A-6617266,Source1,CA,2020,0,0.12707632337582583,0,0,0
A-3049418,Source2,CA,2018,0,0.14641401533120477,0,0,0
A-487527,Source2,TX,2017,0,0.25394506992230853,1,0,1
A-5514928,Source1,CA,2021,0,0.235868690772028,1,0,1
A-2968081,Source2,TX,2018,1,0.4479889929927633,1,0,0
A-2854587,Source2,CA,2018,0,0.327631943023194,1,0,1
A-1776298,Source2,TX,2019,0,0.14856433149421294,0,0,0
A-1122406,Source2,CA,2021,1,0.26730416045402294,1,0,0
A-6248737,Source1,TX,2021,0,0.26031538269089044,1,0,1
A-7227983,Source1,CA,2020,0,0.04944283098832756,0,0,0
A-7622704,Source1,CA,2018,0,0.26080057972000026,1,0,1
A-4725445,Source1,CA,,0,0.021531101701524877,0,0,0
A-7342879,Source1,CA,2019,0,0.05908429871346228,0,0,0
A-7351155,Source1,CA,2019,0,0.30594676473142335,1,0,1
A-6352102,Source1,CA,2021,0,0.07278310063463458,0,0,0
A-47366,Source2,CA,2016,0,0.45592444708043844,1,0,1
A-3687480,Source1,CA,2023,0,0.2649712405641166,1,0,1
A-7583567,Source1,CA,2018,1,0.37595127048581534,1,0,0
A-745005,Source2,TX,2022,0,0.11468774178024495,0,0,0
A-2537980,Source2,TX,2018,0,0.34325528139498596,1,0,1
A-4063828,Source1,CA,,0,0.029689289772055438,0,0,0
A-3648260,Source1,CA,2017,0,0.3590963298285504,1,0,1
A-6033619,Source1,CA,2021,0,0.1310146036588811,0,0,0
A-714554,Source2,TX,2022,0,0.05293555252125336,0,0,0
A-6957551,Source1,CA,2020,0,0.15615867407276793,0,0,0
A-1194650,Source2,CA,2021,0,0.0717061734403314,0,0,0
A-1462154,Source3,CA,2020,0,0.16156841903344477,0,0,0
A-4559404,Source1,CA,,0,0.06046148486717462,0,0,0
A-6952980,Source1,CA,2020,0,0.041892180061717035,0,0,0
A-3003345,Source2,CA,2018,1,0.3596320036189232,1,0,0
A-292341,Source2,TX,2016,0,0.2880633190137675,1,0,1
A-3648221,Source1,CA,2017,0,0.321437638394515,1,0,1
A-7244387,Source1,CA,2020,0,0.0480424410843457,0,0,0
A-2730769,Source2,CA,2018,1,0.40599450416549476,1,0,0
A-3995006,Source1,CA,2022,0,0.14537570902919025,0,0,0
A-680773,Source2,CA,2022,0,0.05416490437976895,0,0,0
A-7034660,Source1,CA,2020,0,0.05390682470915076,0,0,0
A-3056805,Source2,CA,2018,0,0.1039367228825546,0,0,0
A-2811377,Source2,CA,2018,1,0.253509052612436,1,0,0
A-2014311,Source2,TX,2019,0,0.06541395102912245,0,0,0
A-7691212,Source1,CA,2017,0,0.3149257897451322,1,0,1
A-5466227,Source1,CA,2021,0,0.0670320248757084,0,0,0
A-5107237,Source1,CA,,0,0.05486807665674927,0,0,0
A-5452180,Source1,CA,2022,0,0.08502306823988318,0,0,0
A-1802869,Source2,TX,2019,0,0.09522199942546075,0,0,0
A-5266554,Source1,CA,2022,0,0.2991919900704919,1,0,1
A-18957,Source2,CA,2016,0,0.3723576658013994,1,0,1
A-6819947,Source1,CA,2020,0,0.05151343252417837,0,0,0
A-7078849,Source1,CA,2020,1,0.12081015938633966,0,1,0
A-5586554,Source1,CA,,0,0.13119087865196108,0,0,0
A-332205,Source2,TX,2017,0,0.3897805406000712,1,0,1
A-3259906,Source2,TX,2017,0,0.24453166257232958,1,0,1
A-5918177,Source1,CA,2021,0,0.13697002550967577,0,0,0
A-5919740,Source1,CA,2021,0,0.1327539031254788,0,0,0
A-3417143,Source1,CA,2016,0,0.2900449807808691,1,0,1
A-6442091,Source1,CA,2021,0,0.04508832681574883,0,0,0
A-3442745,Source1,TX,2016,0,0.3928991083248203,1,0,1
A-2825463,Source2,TX,2018,0,0.047338569822628525,0,0,0
A-5876707,Source1,TX,2021,0,0.18999422170978214,1,0,1
A-5454387,Source1,CA,,0,0.041775740780820074,0,0,0
A-4690358,Source1,CA,,0,0.026205802604597518,0,0,0
A-6078130,Source1,TX,2021,0,0.14401078086332747,0,0,0
A-7272232,Source1,CA,2020,0,0.12336741906610083,0,0,0
A-3557175,Source1,TX,2017,0,0.21172075291291953,1,0,1
A-6753483,Source1,CA,2020,0,0.09582370349853081,0,0,0
A-571244,Source2,TX,2022,1,0.1404650255624929,0,1,0
A-4056179,Source1,CA,2022,0,0.036763037023014075,0,0,0
A-7215434,Source1,CA,2020,0,0.0874747594255994,0,0,0
A-5896454,Source1,CA,2021,0,0.09759716284593452,0,0,0
A-4437663,Source1,CA,2023,0,0.06753801577968319,0,0,0
A-709684,Source2,CA,2022,0,0.331083285895443,1,0,1
A-4377285,Source1,CA,2022,0,0.1941707401281349,1,0,1
A-7348209,Source1,CA,2019,0,0.0767306667420821,0,0,0
A-3762472,Source1,CA,2022,0,0.16837740158897946,1,0,1
A-7247019,Source1,CA,2020,0,0.06839221917171463,0,0,0
A-3130271,Source2,CA,2017,1,0.2908808796184125,1,0,0
A-730746,Source2,CA,2022,0,0.1018665733155714,0,0,0
A-4399851,Source1,CA,2022,0,0.05628851287541734,0,0,0
A-2749091,Source2,CA,2018,0,0.4025915617064271,1,0,1
A-7700948,Source1,CA,2017,0,0.12144946146117215,0,0,0
A-293231,Source2,TX,2016,0,0.21878906382250043,1,0,1
A-2597062,Source2,TX,2018,1,0.39805252660485463,1,0,0
A-2838362,Source2,CA,2018,0,0.3019254641136943,1,0,1
A-7104327,Source1,CA,2020,0,0.21008886421844797,1,0,1
A-5406939,Source1,CA,,0,0.05659193203564926,0,0,0
A-6359805,Source1,CA,2021,0,0.05864348653995606,0,0,0
A-300288,Source2,TX,2016,1,0.490302404558509,1,0,0
A-2976479,Source2,TX,2018,1,0.2928375147774599,1,0,0
A-4773271,Source1,CA,,0,0.06305895928080929,0,0,0
A-5092497,Source1,CA,2022,0,0.10274565127843649,0,0,0
A-4601975,Source1,CA,2022,0,0.0914139132708595,0,0,0
A-1946399,Source2,CA,2019,0,0.08051578037170248,0,0,0
A-287842,Source2,TX,2016,0,0.21242174585148527,1,0,1
A-95967,Source2,CA,2016,1,0.36106870953251846,1,0,0
A-1836181,Source2,TX,2019,0,0.06183372619798781,0,0,0
A-4015874,Source1,CA,2023,0,0.033935124123784,0,0,0
A-2082357,Source2,CA,2019,1,0.13732301704580102,0,1,0
A-4916828,Source1,CA,,0,0.061915955868454345,0,0,0
A-1121968,Source2,TX,2021,0,0.3156658340436314,1,0,1
A-730615,Source2,TX,2022,1,0.10344321216932055,0,1,0
A-1295971,Source2,CA,2020,0,0.15257530495154686,0,0,0
A-5837413,Source1,CA,2021,0,0.10552810412191727,0,0,0
A-6655995,Source1,TX,2020,0,0.04968371789043456,0,0,0
A-2286936,Source2,CA,2019,0,0.1734417767324195,1,0,1
A-5588578,Source1,CA,2021,0,0.11877287532356055,0,0,0
A-4381965,Source1,CA,2022,0,0.07381561850406473,0,0,0
A-7438063,Source1,CA,2019,0,0.4020597145158929,1,0,1
A-5582584,Source1,CA,2021,0,0.18427896194131926,1,0,1
A-2000477,Source2,CA,2019,1,0.17871264121548217,1,0,0
A-4435747,Source1,CA,2022,0,0.1766289392984567,0,0,0
A-6470249,Source1,CA,2021,0,0.08487995390512314,0,0,0
A-113931,Source2,CA,2016,1,0.3704522186301335,1,0,0
A-1192912,Source2,TX,2021,1,0.13501287083304658,0,1,0
A-7015370,Source1,CA,2020,0,0.2884872412165812,1,0,1
A-4560889,Source1,CA,2022,0,0.13440987308783395,0,0,0
A-7259283,Source1,CA,2020,0,0.19908166922500092,1,0,1
A-5434229,Source1,CA,,0,0.030967594816613226,0,0,0
A-48191,Source2,CA,2016,1,0.3223887356480136,1,0,0
A-5819871,Source1,CA,2021,0,0.38242204231620247,1,0,1
A-4123047,Source1,CA,2022,0,0.04210855533413307,0,0,0
A-5271418,Source1,CA,,0,0.059338440746192954,0,0,0
A-78869,Source2,CA,2016,0,0.4037101842677894,1,0,1
A-283052,Source2,TX,2016,0,0.10244567961136145,0,0,0
A-5984056,Source1,CA,,0,0.18424479003877406,1,0,1
A-1966771,Source2,CA,2019,1,0.3576493565987807,1,0,0
A-846181,Source2,TX,2021,0,0.11871686737039966,0,0,0
A-4163628,Source1,CA,2023,0,0.063265169475724,0,0,0
A-4716338,Source1,CA,2022,0,0.07686149680934497,0,0,0
A-1155892,Source2,TX,2021,0,0.043073482307255516,0,0,0
A-7565312,Source1,CA,2018,0,0.2076724025750074,1,0,1
A-29533,Source2,CA,2016,0,0.42611504890501306,1,0,1
A-4382620,Source1,TX,2022,0,0.08898458710504428,0,0,0
A-716672,Source2,TX,2022,0,0.05695610745052687,0,0,0
A-3525585,Source1,CA,2016,1,0.09233725248779763,0,1,0
A-1015767,Source2,CA,2021,0,0.038878610078384536,0,0,0
A-50398,Source2,CA,2016,0,0.27592325572151244,1,0,1
A-7290077,Source1,CA,2019,0,0.1131868777828069,0,0,0
A-5205740,Source1,CA,,0,0.044478962998964526,0,0,0
A-1577464,Source2,TX,2020,1,0.09368923533017241,0,1,0
A-5803805,Source1,CA,,0,0.21012386502429264,1,0,1
A-7386570,Source1,CA,2019,0,0.05182735318383429,0,0,0
A-3698990,Source1,TX,2023,0,0.1129378704122171,0,0,0
A-4350084,Source1,CA,,0,0.024162500078164957,0,0,0
A-1491054,Source2,TX,2020,0,0.04468807425340285,0,0,0
A-1651131,Source3,CA,2020,1,0.3995222043742921,1,0,0
A-6613253,Source1,CA,2020,0,0.05240042864727758,0,0,0
A-2023390,Source2,TX,2019,0,0.06376177672795143,0,0,0
A-7561283,Source1,CA,2018,0,0.287014297441422,1,0,1
A-66517,Source2,CA,2016,0,0.08241655328934556,0,0,0
A-60863,Source2,CA,2017,1,0.39093851825462134,1,0,0
A-6893247,Source1,CA,2020,0,0.12971096037426216,0,0,0
A-3331871,Source2,TX,2017,1,0.11388082347634834,0,1,0
A-1783169,Source3,CA,2019,0,0.09009576848733185,0,0,0
A-6809667,Source1,CA,2020,0,0.055006707873962,0,0,0
A-2423332,Source2,CA,2018,0,0.28297743892935223,1,0,1
A-1398563,Source2,TX,2020,0,0.1373057154047391,0,0,0
A-7318890,Source1,CA,2019,0,0.299764977989932,1,0,1
A-5286589,Source1,CA,2022,0,0.09906557644210137,0,0,0
A-1975882,Source2,CA,2019,0,0.2631212077572126,1,0,1
A-6262012,Source1,CA,2021,0,0.06287512830308,0,0,0
A-7157105,Source1,CA,2020,0,0.17782456684090367,0,0,0
A-5744780,Source1,CA,2021,0,0.09181457544094199,0,0,0
A-2683403,Source2,CA,2018,1,0.3881654291314247,1,0,0
A-1938419,Source2,TX,2019,1,0.14847792641055407,0,1,0
A-6193217,Source1,CA,2021,0,0.11066870569288037,0,0,0
A-4611261,Source1,CA,2022,0,0.10369879508776478,0,0,0
A-2689046,Source2,CA,2018,0,0.06945276770894768,0,0,0
A-7716892,Source1,TX,2019,1,0.06380020901319292,0,1,0
A-7359655,Source1,CA,2019,0,0.0666497104264139,0,0,0
A-3431295,Source1,TX,2016,0,0.3667796050560073,1,0,1
A-5698087,Source1,CA,2021,0,0.32215886282584544,1,0,1
A-2841012,Source2,CA,2018,0,0.15605564471848407,0,0,0
A-6415446,Source1,CA,2021,0,0.1552881073024873,0,0,0
A-5242596,Source1,CA,2022,0,0.26839961524240624,1,0,1
A-3035335,Source2,TX,2018,0,0.08681928446158585,0,0,0
A-3287965,Source2,CA,2017,1,0.4068017892191619,1,0,0
A-7567249,Source1,CA,2018,1,0.35711000970485673,1,0,0
A-6358250,Source1,CA,2021,0,0.07258103938437296,0,0,0
A-6076386,Source1,CA,2021,0,0.2794292740390973,1,0,1
A-5946992,Source1,CA,2021,0,0.07773925833670957,0,0,0
A-6470915,Source1,CA,2021,0,0.048927259225384954,0,0,0
A-7059189,Source1,CA,2020,1,0.10486664697364756,0,1,0
A-2244746,Source2,TX,2019,0,0.039783129663993874,0,0,0
A-5797062,Source1,CA,2021,0,0.15739869541086776,0,0,0
A-2839961,Source2,TX,2018,0,0.11624373098564036,0,0,0
A-7575656,Source1,CA,2018,0,0.3840497662547081,1,0,1
A-3282429,Source2,CA,2017,1,0.1374119755725533,0,1,0
A-5726904,Source1,TX,,0,0.13203925678645828,0,0,0
A-5652279,Source1,CA,2021,0,0.07497390118000608,0,0,0
A-6939163,Source1,CA,2020,0,0.1250711198880564,0,0,0
A-6070618,Source1,CA,2021,0,0.0607870914766845,0,0,0
A-1207592,Source2,CA,2021,1,0.21130220787585374,1,0,0
A-3526157,Source1,CA,2016,0,0.29781066268011136,1,0,1
A-4282142,Source1,CA,2023,0,0.09233769235767264,0,0,0
A-7299622,Source1,CA,2019,0,0.34985382921484404,1,0,1
A-3570274,Source1,TX,2017,0,0.3334551437165746,1,0,1
A-5013882,Source1,CA,2022,0,0.2384460098542939,1,0,1
A-1296664,Source2,CA,2020,1,0.14779712989923804,0,1,0
A-2973884,Source2,TX,2018,0,0.3745245563376466,1,0,1
A-6666986,Source1,CA,2020,0,0.08109186666326709,0,0,0
A-5113776,Source1,TX,2022,0,0.06811654696953004,0,0,0
A-5593019,Source1,CA,2021,1,0.08446391726070684,0,1,0
A-5346913,Source1,CA,2022,0,0.3185370369077729,1,0,1
A-345012,Source2,CA,2017,1,0.4557448271580891,1,0,0
A-1122445,Source2,CA,2021,1,0.051514697500436954,0,1,0
A-4105205,Source1,CA,2022,0,0.05138535140960485,0,0,0
A-6632840,Source1,CA,2020,0,0.05282457857482716,0,0,0
A-6342246,Source1,CA,2021,0,0.11688602275322231,0,0,0
A-3311844,Source2,TX,2017,1,0.28089333169445324,1,0,0
A-5828727,Source1,CA,2021,0,0.16017600920749847,0,0,0
A-7211071,Source1,CA,2020,0,0.07444425334411817,0,0,0
A-99475,Source2,CA,2016,1,0.39253010368657326,1,0,0
A-6683291,Source1,CA,2020,0,0.04091254327101327,0,0,0
A-3416644,Source1,CA,2016,0,0.33530523659921646,1,0,1
A-985099,Source2,CA,2021,0,0.061085837832111724,0,0,0
A-5872276,Source1,TX,2021,0,0.14474628359154024,0,0,0
A-408715,Source2,CA,2017,0,0.1262687301236042,0,0,0
A-462236,Source2,CA,2017,0,0.12449877612135596,0,0,0
A-4003752,Source1,CA,,0,0.03642729304871479,0,0,0
A-1663053,Source3,CA,2020,0,0.31893273546324086,1,0,1
A-2061671,Source2,CA,2019,0,0.10902552349589759,0,0,0
A-5133159,Source1,CA,,0,0.04404913358292739,0,0,0
A-17359,Source2,CA,2016,0,0.31029948016500514,1,0,1
A-4285390,Source1,CA,,0,0.04762892267612564,0,0,0
A-7699682,Source1,TX,2017,0,0.3105650444266884,1,0,1
A-6100987,Source1,CA,2021,0,0.07995379465156464,0,0,0
A-6852568,Source1,TX,2020,0,0.1702812522448929,0,0,0
A-5303812,Source1,CA,2022,0,0.06818167325195701,0,0,0
A-33181,Source2,CA,2016,1,0.41815353478328465,1,0,0
A-2804162,Source2,TX,2018,0,0.15704475261215584,0,0,0
A-1596280,Source2,TX,2020,0,0.2140667516929177,1,0,1
A-3925476,Source1,CA,,0,0.0696319244123533,0,0,0
A-3418242,Source1,CA,2016,0,0.1634486723089266,0,0,0
A-4798532,Source1,CA,,0,0.04263836047986267,0,0,0
A-543007,Source3,CA,2022,0,0.06834811916834393,0,0,0
A-1584145,Source3,CA,2020,1,0.22851502214357242,1,0,0
A-28040,Source2,CA,2016,0,0.4251740252939998,1,0,1
A-7344859,Source1,CA,2019,0,0.22465659474472263,1,0,1
A-6843280,Source1,TX,2020,0,0.07060739728816487,0,0,0
A-1550727,Source2,TX,2020,0,0.06444800160734032,0,0,0
A-7590187,Source1,CA,2018,0,0.3849247669969412,1,0,1
A-7107417,Source1,CA,2020,0,0.06441857898695409,0,0,0
A-6893508,Source1,CA,2020,0,0.2800526366418884,1,0,1
A-2286950,Source2,CA,2019,0,0.06137625397938068,0,0,0
A-3286844,Source2,TX,2017,1,0.14541994122116236,0,1,0
A-3827849,Source1,CA,2022,0,0.05683895755808945,0,0,0
A-4982860,Source1,CA,2022,0,0.03309388761586022,0,0,0
A-6235066,Source1,CA,2021,0,0.1463362474682069,0,0,0
A-879058,Source2,CA,2021,0,0.1274539011032558,0,0,0
A-1023376,Source2,CA,2021,1,0.19704968461484898,1,0,0
A-5020477,Source1,CA,,0,0.057592611276222935,0,0,0
A-2340797,Source2,TX,2019,0,0.32374912707971465,1,0,1
A-2570286,Source2,TX,2018,0,0.17413542789730127,0,0,0
A-274475,Source2,TX,2016,1,0.2963292520876627,1,0,0
A-7631697,Source1,CA,2018,0,0.07449341372498433,0,0,0
A-4377432,Source1,CA,2022,0,0.2852569647333392,1,0,1
A-6590841,Source1,CA,2020,0,0.13138251745121457,0,0,0
A-4319483,Source1,CA,2022,0,0.04196636689468121,0,0,0
A-464771,Source2,CA,2017,1,0.3754845585849933,1,0,0
A-1517527,Source2,CA,2020,0,0.26461477975957465,1,0,1
A-868896,Source2,CA,2021,0,0.2565095887035619,1,0,1
A-3931250,Source1,TX,2023,0,0.13364299534417143,0,0,0
A-2087018,Source2,CA,2019,0,0.15522555732110233,0,0,0
A-4089356,Source1,CA,2022,0,0.14443318800571553,0,0,0
A-2067050,Source2,CA,2019,1,0.3433594844540142,1,0,0
A-1834226,Source2,CA,2019,0,0.08868499342738702,0,0,0
A-5570363,Source1,CA,2021,0,0.14972652502703832,0,0,0
A-111189,Source2,CA,2016,1,0.3232925494977069,1,0,0
A-5782630,Source1,CA,2021,0,0.17118277676347138,0,0,0
A-2674405,Source2,CA,2018,0,0.22346448431201904,1,0,1
A-691651,Source2,CA,2022,1,0.08822703275588759,0,1,0
A-5378509,Source1,CA,,0,0.05844176377603061,0,0,0
A-6116283,Source1,CA,2021,0,0.10785353923303434,0,0,0
A-6445180,Source1,CA,2021,0,0.1476083494337314,0,0,0
A-404655,Source2,CA,2017,0,0.3416181189142215,1,0,1
A-3227224,Source2,TX,2017,0,0.14268999152849166,0,0,0
A-1758833,Source2,TX,2019,0,0.20403023846746526,1,0,1
A-5160429,Source1,TX,2023,0,0.05035744394381453,0,0,0
A-22876,Source2,CA,2016,0,0.3987129823871762,1,0,1
A-1279081,Source2,CA,2020,0,0.12179765193347072,0,0,0
A-3679615,Source1,CA,2023,0,0.14911430728797317,0,0,0
A-7613818,Source1,CA,2018,0,0.3513224959360468,1,0,1
A-6665102,Source1,CA,2020,0,0.3179286936221719,1,0,1
A-7421264,Source1,CA,2019,1,0.16019682963808188,0,1,0
A-4051405,Source1,CA,2022,0,0.04284100247700724,0,0,0
A-3418817,Source1,CA,2016,0,0.39434820534604004,1,0,1
A-6852532,Source1,TX,2020,0,0.05258434547806663,0,0,0
A-6352158,Source1,CA,2021,0,0.0716258125166237,0,0,0
A-7249124,Source1,CA,2020,0,0.1872893259288208,1,0,1
A-963008,Source2,CA,2021,0,0.08348949851493179,0,0,0
A-305004,Source2,TX,2016,0,0.43313107495060327,1,0,1
A-2284176,Source2,CA,2019,0,0.2357965304874047,1,0,1
A-2448403,Source2,CA,2018,0,0.31819264928739716,1,0,1
A-899871,Source2,TX,2021,0,0.20022434127751323,1,0,1
A-2591570,Source2,TX,2018,0,0.14653178160245417,0,0,0
A-2307776,Source2,TX,2019,0,0.08372326765220214,0,0,0
A-2840827,Source2,CA,2018,1,0.19665325275295073,1,0,0
A-1587358,Source2,CA,2020,0,0.08600744543182051,0,0,0
A-3268475,Source2,CA,2017,1,0.1459524370258885,0,1,0
A-7105952,Source1,CA,2020,0,0.17633662371964565,0,0,0
A-4287251,Source1,CA,,0,0.040151165308695044,0,0,0
A-1820985,Source2,TX,2019,1,0.04288790921437101,0,1,0
A-4650418,Source1,CA,2022,0,0.09065367362051113,0,0,0
A-4454623,Source1,CA,2022,0,0.05430945876863842,0,0,0
A-1134666,Source2,CA,2021,0,0.09180068852720251,0,0,0
A-7352426,Source1,CA,2019,0,0.12644167909056367,0,0,0
A-7318165,Source1,CA,2019,0,0.13530739054601643,0,0,0
A-6218767,Source1,CA,,0,0.031548703060459315,0,0,0
A-7393371,Source1,CA,2019,1,0.07719282182974299,0,1,0
A-3166371,Source2,TX,2017,1,0.3217856386079422,1,0,0
A-2096988,Source2,CA,2019,0,0.12269280609636624,0,0,0
A-5566809,Source1,CA,2021,0,0.06400629937321667,0,0,0
A-7155580,Source1,CA,2020,0,0.09657506088325554,0,0,0
A-5716608,Source1,TX,2021,0,0.034769659027375166,0,0,0
A-2976511,Source2,TX,2018,1,0.19031609232991123,1,0,0
A-534425,Source2,CA,2022,0,0.22759308555160743,1,0,1
A-7244260,Source1,CA,2020,0,0.23323162573989512,1,0,1
A-60691,Source2,CA,2017,0,0.05925298775728359,0,0,0
A-3609092,Source1,CA,2017,0,0.3186167551537852,1,0,1
A-6366124,Source1,CA,,0,0.13919144180365184,0,0,0
A-2594230,Source2,TX,2018,0,0.33169903743175316,1,0,1
A-3915248,Source1,CA,2022,0,0.13880021892111657,0,0,0
A-1730487,Source3,CA,2019,0,0.06530030571535636,0,0,0
A-3983242,Source1,CA,,0,0.08140592534586058,0,0,0
A-290580,Source2,TX,2016,0,0.06264128736339984,0,0,0
A-2006092,Source2,CA,2019,0,0.141270213512884,0,0,0
A-2077707,Source2,TX,2019,0,0.06937499369385801,0,0,0
A-2808400,Source2,CA,2018,1,0.2633871165312134,1,0,0
A-7325424,Source1,CA,2019,0,0.12667743510292362,0,0,0
A-78245,Source2,CA,2016,0,0.3421617917102149,1,0,1
A-5107562,Source1,CA,,0,0.16259613483227014,1,0,1
A-2622950,Source2,TX,2018,0,0.35619572427169344,1,0,1
A-3908144,Source1,CA,2022,0,0.12387505728995152,0,0,0
A-1843772,Source2,TX,2019,0,0.10622943513060346,0,0,0
A-5643902,Source1,TX,2021,0,0.06932008777702708,0,0,0
A-2080111,Source2,CA,2019,1,0.08883015093412389,0,1,0
A-3782420,Source1,CA,2022,0,0.09464467950896634,0,0,0
A-3977320,Source1,CA,,0,0.028190885603546267,0,0,0
A-4648509,Source1,CA,2022,0,0.14726162419586114,0,0,0
A-3343382,Source2,TX,2017,1,0.31906562112943715,1,0,0
A-3166708,Source2,TX,2017,1,0.2464996862268786,1,0,0
A-2650609,Source2,TX,2018,1,0.4076137890193781,1,0,0
A-6701660,Source1,TX,2020,0,0.09576935897013913,0,0,0
A-3364649,Source2,TX,2017,0,0.39619006025442083,1,0,1
A-440848,Source2,CA,2017,0,0.42125568267431374,1,0,1
A-3992364,Source1,TX,2022,0,0.07003029581337858,0,0,0
A-4219179,Source1,CA,2022,0,0.054495584790359076,0,0,0
A-744563,Source3,CA,2022,0,0.08951008511326211,0,0,0
A-3534774,Source1,CA,2016,0,0.38198358612759187,1,0,1
A-285120,Source2,TX,2016,0,0.19668214760861696,1,0,1
A-3157089,Source2,CA,2017,1,0.22385751711372764,1,0,0
A-7414501,Source1,CA,2019,0,0.09980348730554013,0,0,0
A-6470240,Source1,CA,2021,0,0.05674277392747594,0,0,0
A-1820900,Source2,TX,2019,0,0.06870147018641135,0,0,0
A-303266,Source2,TX,2016,0,0.06596011942932191,0,0,0
A-6390,Source2,CA,2016,0,0.31181626931196854,1,0,1
A-5200160,Source1,CA,,0,0.050818137972349686,0,0,0
A-2549519,Source2,CA,2018,0,0.16573858330615637,0,0,0
A-4224236,Source1,CA,2022,0,0.10688797114295476,0,0,0
A-6598774,Source1,TX,2020,0,0.1804421695292524,1,0,1
A-6430641,Source1,CA,,0,0.11010064511468629,0,0,0
A-2710454,Source2,TX,2018,1,0.2741399320164535,1,0,0
A-2120893,Source2,CA,2019,1,0.2719474783904564,1,0,0
A-5839111,Source1,CA,2021,0,0.1343419570294189,0,0,0
A-4782924,Source1,TX,2022,0,0.07800247602365237,0,0,0
A-7287917,Source1,CA,2019,0,0.046952806655498,0,0,0
A-4720469,Source1,CA,,0,0.03769957944049869,0,0,0
A-635410,Source3,CA,2022,0,0.057035180959031186,0,0,0
A-6931244,Source1,TX,2020,0,0.17218121942688458,0,0,0
A-5998676,Source1,CA,2021,0,0.356017986581575,1,0,1
A-4924647,Source1,CA,,0,0.1860693338507185,1,0,1
A-451212,Source2,TX,2017,0,0.046703896993329316,0,0,0
A-296700,Source2,TX,2016,0,0.17111945656677904,0,0,0
A-4948481,Source1,CA,,0,0.04986238443222494,0,0,0
A-6315754,Source1,CA,2021,0,0.30680678499414915,1,0,1
A-7033495,Source1,CA,2020,0,0.029474086556553515,0,0,0
A-7756977,Source1,CA,2019,0,0.19340677310274573,1,0,1
A-2071589,Source2,TX,2019,0,0.1921131583331023,1,0,1
A-2211146,Source2,CA,2019,1,0.3476226465679667,1,0,0
A-2658207,Source2,CA,2018,1,0.2853611390412643,1,0,0
A-7263415,Source1,CA,2020,0,0.05651240035620081,0,0,0
A-6452755,Source1,CA,2021,0,0.10022143754158766,0,0,0
A-7358315,Source1,CA,2019,0,0.19298823951688862,1,0,1
A-5383400,Source1,CA,2022,0,0.07238762414620208,0,0,0
A-4768226,Source1,CA,2022,0,0.10472831169276428,0,0,0
A-3032655,Source2,CA,2018,1,0.3293603986693011,1,0,0
A-388189,Source2,TX,2017,1,0.3063509265804466,1,0,0
A-460356,Source2,CA,2017,1,0.14821850972826398,0,1,0
A-3965985,Source1,TX,2022,0,0.08897266206912875,0,0,0
A-6337681,Source1,CA,2021,0,0.16048607224650543,0,0,0
A-5155838,Source1,CA,,0,0.05946945414327633,0,0,0
A-6636053,Source1,CA,2020,0,0.030088510584063782,0,0,0
A-5198512,Source1,CA,,0,0.03732029386066101,0,0,0
A-815833,Source2,TX,2021,0,0.07923253001678794,0,0,0
A-4774462,Source1,CA,,0,0.1358328543895953,0,0,0
A-4458325,Source1,TX,2022,0,0.09282846734329805,0,0,0
A-6773755,Source1,CA,2020,0,0.23138429811229883,1,0,1
A-3622724,Source1,CA,2017,0,0.1992965145235169,1,0,1
A-7401463,Source1,CA,2019,0,0.06805570849970646,0,0,0
A-6470330,Source1,TX,2021,0,0.0391694310782199,0,0,0
A-7483213,Source1,TX,2018,0,0.14564477833634912,0,0,0
A-2399475,Source2,TX,2018,0,0.3092205548803193,1,0,1
A-407710,Source2,CA,2017,1,0.1730521525773444,0,1,0
A-30970,Source2,CA,2016,0,0.4842400514652702,1,0,1
A-7412228,Source1,CA,2019,0,0.1501467120988222,0,0,0
A-2957393,Source2,TX,2018,1,0.23744124600084668,1,0,0
A-2173304,Source2,TX,2019,0,0.14242173065094138,0,0,0
A-510977,Source2,TX,2017,0,0.05470066005941322,0,0,0
A-6467723,Source1,TX,2021,0,0.07078796888808606,0,0,0
A-6192333,Source1,CA,2021,0,0.026181755015082415,0,0,0
A-6733518,Source1,CA,2020,0,0.10535464034951267,0,0,0
A-2643907,Source2,CA,2018,0,0.45028665292001496,1,0,1
A-730289,Source2,CA,2022,0,0.30379455159399193,1,0,1
A-1089020,Source2,TX,2021,0,0.061805244444338825,0,0,0
A-2127563,Source2,TX,2019,1,0.12190329921458529,0,1,0
A-5058593,Source1,CA,2023,0,0.04884986109516158,0,0,0
A-811897,Source2,CA,2021,1,0.27655411078164815,1,0,0
A-295549,Source2,TX,2016,0,0.15752268063746913,0,0,0
A-6598305,Source1,CA,2020,0,0.3310150149116987,1,0,1
A-2480034,Source2,TX,2018,0,0.2946874002599643,1,0,1
A-4896829,Source1,CA,2023,0,0.03481086531346981,0,0,0
A-1001429,Source2,CA,2021,0,0.10096663400023083,0,0,0
A-7325336,Source1,CA,2019,0,0.17703649258173662,0,0,0
A-4439641,Source1,TX,,0,0.12154645271364758,0,0,0
A-7657454,Source1,CA,2017,0,0.3035462449087535,1,0,1
A-4463748,Source1,CA,2022,0,0.2756088097441676,1,0,1
A-487732,Source2,TX,2017,0,0.07679750710922832,0,0,0
A-7118524,Source1,CA,2020,0,0.09669933478409552,0,0,0
A-6587946,Source1,CA,2020,0,0.053862500355810985,0,0,0
A-5093855,Source1,CA,,0,0.02252363085277971,0,0,0
A-6226287,Source1,TX,2021,0,0.07347598842890206,0,0,0
A-1380550,Source2,CA,2020,0,0.24580615239692652,1,0,1
A-1133234,Source3,CA,2021,0,0.13617122777963597,0,0,0
A-3209161,Source2,TX,2017,0,0.09052363885638044,0,0,0
A-5470058,Source1,CA,2021,0,0.2713302011470301,1,0,1
A-4190681,Source1,CA,,0,0.07918131097568308,0,0,0
A-7170130,Source1,CA,2020,0,0.061603518169175475,0,0,0
A-600563,Source2,CA,2022,0,0.07375896754848096,0,0,0
A-7551549,Source1,CA,2018,0,0.29789737869447386,1,0,1
A-6358718,Source1,CA,2021,0,0.15663361698035647,0,0,0
A-271487,Source2,TX,2017,0,0.08027509769795926,0,0,0
A-13506,Source2,CA,2016,0,0.31042215436844384,1,0,1
A-4767968,Source1,CA,2022,0,0.08977228453258593,0,0,0
A-4453305,Source1,CA,2022,0,0.09093733610338356,0,0,0
A-4183900,Source1,CA,2022,0,0.0805475442590243,0,0,0
A-59630,Source2,CA,2016,1,0.3485513088864013,1,0,0
A-704839,Source2,TX,2022,0,0.06801055204799275,0,0,0
A-3850066,Source1,CA,,0,0.07541533464946183,0,0,0
A-710373,Source2,TX,2022,0,0.027612132446948063,0,0,0
A-6922489,Source1,CA,2020,0,0.18696943626965917,0,0,0
A-6056614,Source1,TX,2021,0,0.05628669902532664,0,0,0
A-946765,Source2,CA,2021,0,0.180609492195111,1,0,1
A-78737,Source2,CA,2016,0,0.1368553730288637,0,0,0
A-5707311,Source1,CA,,0,0.07098632875705578,0,0,0
A-3376452,Source2,CA,2017,1,0.44160199554769275,1,0,0
A-7512286,Source1,CA,2018,0,0.33530409243424264,1,0,1
A-6439173,Source1,TX,2021,0,0.0457455088994835,0,0,0
A-4306683,Source1,TX,,0,0.12602422782344597,0,0,0
A-318508,Source2,CA,2017,0,0.24286318445161906,1,0,1
A-4761803,Source1,CA,2022,0,0.2806496354565398,1,0,1
A-7348439,Source1,CA,2019,0,0.07027495051298713,0,0,0
A-4925969,Source1,CA,,0,0.19361025175492283,1,0,1
A-2597408,Source2,CA,2018,1,0.27222013311600857,1,0,0
A-6872647,Source1,CA,2020,0,0.030529012316152005,0,0,0
A-5161238,Source1,TX,2022,0,0.23610135243726313,1,0,1
A-7333509,Source1,CA,2019,0,0.0822790876803438,0,0,0
A-297516,Source2,TX,2016,0,0.06257454402087279,0,0,0
A-1848561,Source2,TX,2019,1,0.13173929544011115,0,1,0
A-93768,Source2,CA,2016,1,0.20428246645914738,1,0,0
A-3434827,Source1,TX,2016,1,0.3339659379203931,1,0,0
A-2711028,Source2,CA,2018,0,0.07254064575404325,0,0,0
A-7446780,Source1,CA,2019,0,0.20054431548379714,1,0,1
A-1697313,Source2,TX,2019,0,0.17710206618746832,1,0,1
A-3531487,Source1,CA,2017,0,0.2627221474200029,1,0,1
A-6182074,Source1,CA,2021,0,0.08547366134384514,0,0,0
A-3179771,Source2,CA,2017,1,0.3552352935275108,1,0,0
A-5158683,Source1,CA,2022,0,0.07467418279332878,0,0,0
A-6388054,Source1,TX,2021,0,0.16168221119956744,0,0,0
A-263122,Source2,TX,2016,0,0.2102704870129685,1,0,1
A-3224897,Source2,CA,2017,0,0.4231650828389367,1,0,1
A-3964893,Source1,CA,2023,0,0.042982688342497556,0,0,0
A-7015351,Source1,CA,2020,0,0.24971549813914024,1,0,1
A-4632000,Source1,CA,2023,0,0.2859176884873822,1,0,1
A-1544563,Source3,CA,2020,0,0.21432803373874604,1,0,1
A-2393948,Source2,TX,2018,1,0.17379904040391853,0,1,0
A-3786047,Source1,CA,2022,0,0.07929898331850428,0,0,0
A-7327189,Source1,CA,2019,0,0.3079328711454044,1,0,1
A-1173329,Source2,CA,2021,0,0.2584651802005626,1,0,1
A-4076813,Source1,CA,,0,0.04259410537677537,0,0,0
A-2320624,Source2,CA,2019,1,0.15867587611371411,0,1,0
A-5540529,Source1,CA,2021,0,0.06765348023393816,0,0,0
A-6808912,Source1,CA,2020,0,0.051186161131457616,0,0,0
A-579957,Source2,TX,2022,1,0.3252845723953774,1,0,0
A-6448701,Source1,CA,2021,0,0.02827055491885111,0,0,0
A-3908788,Source1,CA,2022,0,0.08869475516756163,0,0,0
A-3189766,Source2,TX,2017,0,0.05682222563270488,0,0,0
A-1518279,Source3,CA,2020,0,0.05249224944479701,0,0,0
A-5197210,Source1,CA,2022,0,0.09516322253215638,0,0,0
A-5573713,Source1,CA,2021,0,0.08540667252386867,0,0,0
A-4117480,Source1,CA,,0,0.05168003906017201,0,0,0
A-69365,Source2,CA,2016,1,0.3224337301726415,1,0,0
A-3548652,Source1,CA,2016,0,0.36304862687506856,1,0,1
A-7752452,Source1,CA,2019,0,0.23992842766988556,1,0,1
A-510975,Source2,TX,2017,1,0.1598854331091923,0,1,0
A-7678168,Source1,CA,2017,0,0.10058478061382511,0,0,0
A-302445,Source2,TX,2016,1,0.36655320431376104,1,0,0
A-5583810,Source1,TX,2021,0,0.1828722912800391,1,0,1
A-4563372,Source1,CA,,0,0.051771235614157175,0,0,0
A-5924333,Source1,CA,2021,0,0.052161076094096315,0,0,0
A-4061555,Source1,CA,,0,0.03141312253058788,0,0,0
A-5248496,Source1,CA,2022,0,0.06268841937660323,0,0,0
A-7291485,Source1,CA,2019,0,0.07597578418111009,0,0,0
A-5685874,Source1,CA,2021,0,0.18528034051088682,1,0,1
A-6756155,Source1,CA,2020,0,0.12522583679623392,0,0,0
A-4036906,Source1,CA,,0,0.07859605211879724,0,0,0
A-1504629,Source2,CA,2020,1,0.11151814576208456,0,1,0
A-3862959,Source1,CA,2022,0,0.03760101311523832,0,0,0
A-7656295,Source1,CA,2017,0,0.34729661012762825,1,0,1
A-6282753,Source1,CA,2021,0,0.10121829212087827,0,0,0
A-2966672,Source2,CA,2018,0,0.23825611436782507,1,0,1
A-1912762,Source3,CA,2019,0,0.08750174423100424,0,0,0
A-4290983,Source1,CA,,0,0.09043076810312449,0,0,0
A-1655943,Source2,CA,2020,0,0.2421445490042577,1,0,1
A-3071132,Source3,CA,2018,0,0.1193965574868923,0,0,0
A-7429524,Source1,CA,2019,0,0.07882835714115921,0,0,0
A-50896,Source2,CA,2016,0,0.08531729892111695,0,0,0
A-47117,Source2,CA,2016,0,0.23429217160259735,1,0,1
A-5481628,Source1,CA,,0,0.03456912176807421,0,0,0
A-6576985,Source1,CA,2020,0,0.0938497140642131,0,0,0
A-7372082,Source1,CA,2019,0,0.2687748870237042,1,0,1
A-2352932,Source2,CA,2019,1,0.31819439444524644,1,0,0
A-2421444,Source2,CA,2018,0,0.1624995068137066,0,0,0
A-4978328,Source1,CA,2022,0,0.05452402181364093,0,0,0
A-4475173,Source1,CA,2022,0,0.12288893148576056,0,0,0
A-3976260,Source1,CA,,0,0.03589317513804222,0,0,0
A-6805867,Source1,CA,2020,0,0.27302438602010126,1,0,1
A-6120965,Source1,CA,,0,0.05028487578464924,0,0,0
A-276623,Source2,TX,2016,0,0.34001420737771376,1,0,1
A-7064095,Source1,CA,2020,0,0.09032286816827398,0,0,0
A-3719064,Source1,CA,2022,0,0.07278680383489523,0,0,0
A-463759,Source2,CA,2017,1,0.23526775173546527,1,0,0
A-3025558,Source2,TX,2018,0,0.04947650913232461,0,0,0
A-3896686,Source1,CA,2023,0,0.19919973195932553,1,0,1
A-5335363,Source1,CA,2022,0,0.09256971211653044,0,0,0
A-7217521,Source1,CA,2020,0,0.14901962371829697,1,0,1
A-1526381,Source2,CA,2020,0,0.06372867293600801,0,0,0
A-4073670,Source1,CA,,0,0.0644508210194151,0,0,0
A-4357639,Source1,CA,,0,0.183765257918087,1,0,1
A-7287124,Source1,CA,2019,0,0.04365572261538099,0,0,0
A-1127979,Source2,CA,2021,1,0.10482207866510584,0,1,0
A-1815489,Source2,TX,2019,0,0.048846947113027936,0,0,0
A-3328252,Source2,CA,2017,0,0.14455977008524265,0,0,0
A-1380545,Source2,CA,2020,0,0.23652364419679173,1,0,1
A-2596793,Source2,TX,2018,1,0.42741196826292904,1,0,0
A-5330434,Source1,CA,,0,0.08186463078370695,0,0,0
A-489128,Source2,TX,2017,0,0.07884488878414758,0,0,0
A-727155,Source2,TX,2022,1,0.16893212346855407,0,1,0
A-5072117,Source1,CA,2022,0,0.10238508452147577,0,0,0
A-2339037,Source2,CA,2019,1,0.33126166716275823,1,0,0
A-5403962,Source1,CA,,0,0.04320824881669855,0,0,0
A-7502789,Source1,TX,2018,1,0.2890208322257928,1,0,0
A-1947800,Source2,TX,2019,0,0.20394264369114698,1,0,1
A-5135171,Source1,CA,2022,0,0.08037753847466136,0,0,0
A-1282595,Source2,CA,2020,1,0.29274901673717546,1,0,0
A-4295014,Source1,TX,2022,0,0.057557639147026496,0,0,0
A-343762,Source2,CA,2017,0,0.29329403635814266,1,0,1
A-385530,Source2,TX,2017,1,0.1683126974088276,0,1,0
A-2123166,Source2,CA,2019,0,0.15221831333647057,0,0,0
A-1128994,Source2,CA,2021,1,0.07392885010464542,0,1,0
A-4707860,Source1,CA,2023,0,0.17419213939731715,1,0,1
A-6014384,Source1,TX,2021,0,0.11518855474314679,0,0,0
A-864128,Source2,CA,2021,0,0.3149021842071559,1,0,1
A-5535135,Source1,CA,,0,0.09345513253485041,0,0,0
A-431218,Source2,TX,2017,1,0.41341428244925577,1,0,0
A-3969507,Source1,CA,2022,0,0.09449016780121863,0,0,0
A-7393194,Source1,CA,2019,0,0.05520370055027264,0,0,0
A-1833779,Source2,TX,2019,0,0.31201066719967974,1,0,1
A-2104447,Source2,CA,2019,0,0.1814422022163193,1,0,1
A-495881,Source2,CA,2017,1,0.3332439669521192,1,0,0
A-3101473,Source2,TX,2017,1,0.24580615239692652,1,0,0
A-3053784,Source2,CA,2018,1,0.31747685727985236,1,0,0
A-5610672,Source1,CA,2021,0,0.0992166381885943,0,0,0
A-7064123,Source1,CA,2020,0,0.1575489149750445,0,0,0
A-5082425,Source1,CA,,0,0.07193054179706226,0,0,0
A-7375018,Source1,CA,2019,0,0.1202414673881704,0,0,0
A-5983957,Source1,CA,,0,0.14984750322441612,0,0,0
A-789348,Source2,CA,2021,0,0.025112341368648157,0,0,0
A-2571989,Source2,TX,2018,0,0.07703009903329315,0,0,0
A-2434105,Source2,TX,2018,1,0.39880098941218545,1,0,0
A-6032467,Source1,CA,2021,0,0.055267450286682195,0,0,0
A-283545,Source2,TX,2016,0,0.03799221152631447,0,0,0
A-3565508,Source1,CA,2017,1,0.37990911365991126,1,0,0
A-1390305,Source2,TX,2020,0,0.11707798835498413,0,0,0
A-5797275,Source1,CA,2021,0,0.11724753881234196,0,0,0
A-1514711,Source2,TX,2020,0,0.028672896806852033,0,0,0
A-429626,Source2,TX,2017,0,0.27006912253599114,1,0,1
A-1120293,Source2,CA,2021,1,0.3268681442495579,1,0,0
A-5670543,Source1,CA,2021,0,0.1258797867125326,0,0,0
A-3622742,Source1,CA,2017,0,0.22944367116320627,1,0,1
A-7396518,Source1,CA,2019,0,0.12061284984106604,0,0,0
A-3428954,Source1,TX,2017,0,0.3916919413709935,1,0,1
A-39032,Source2,CA,2016,0,0.4230449603280988,1,0,1
A-1874972,Source2,TX,2019,0,0.14563819170853232,0,0,0
A-6692368,Source1,TX,2020,0,0.04041112462562281,0,0,0
A-6011474,Source1,CA,,0,0.04223337957296686,0,0,0
A-7293162,Source1,CA,2019,0,0.05830559452678892,0,0,0
A-94256,Source2,CA,2016,1,0.3840524262187034,1,0,0
A-6787241,Source1,CA,,0,0.038905960997078284,0,0,0
A-4686547,Source1,CA,2022,0,0.034953100484989744,0,0,0
A-2914999,Source2,CA,2018,0,0.32830843642209073,1,0,1
A-3444911,Source1,TX,2016,0,0.06899086326222534,0,0,0
A-4950527,Source1,CA,2022,0,0.07089315404410836,0,0,0
A-910989,Source2,CA,2021,0,0.02578322436471031,0,0,0
A-12225,Source2,CA,2017,0,0.15725604374824798,0,0,0
A-1602525,Source2,CA,2020,1,0.07550517538946824,0,1,0
A-3290779,Source2,CA,2017,0,0.07132276280420481,0,0,0
A-6848373,Source1,CA,2020,0,0.04247635427576466,0,0,0
A-2463484,Source2,CA,2018,1,0.1274393727291649,0,1,0
A-2997161,Source2,TX,2018,0,0.07266702451004961,0,0,0
A-2248549,Source2,CA,2019,1,0.40294145065722675,1,0,0
A-6280767,Source1,CA,,0,0.031193494403547573,0,0,0
A-3942760,Source1,CA,2022,0,0.13294091920320172,0,0,0
A-7374747,Source1,CA,2019,0,0.04787200580823847,0,0,0
A-2572823,Source2,CA,2018,0,0.092780469132048,0,0,0
A-301754,Source2,TX,2016,0,0.43399770082407924,1,0,1
A-6530568,Source1,CA,2021,0,0.06257071885077872,0,0,0
A-3233925,Source2,TX,2017,1,0.2895944504837126,1,0,0
A-7050870,Source1,CA,2020,0,0.2843741785119157,1,0,1
A-6285182,Source1,CA,2021,0,0.07195465518758522,0,0,0
A-2525682,Source2,CA,2018,0,0.3012915464338298,1,0,1
A-5706483,Source1,CA,,0,0.04514118167675062,0,0,0
A-7404954,Source1,CA,2019,0,0.09143404344096512,0,0,0
A-6526769,Source1,TX,2021,0,0.0970927473807223,0,0,0
A-7114995,Source1,CA,2020,0,0.05682882288967822,0,0,0
A-3180611,Source2,CA,2017,1,0.456468662390483,1,0,0
A-1921765,Source2,CA,2019,1,0.10547316633645712,0,1,0
A-6181281,Source1,TX,2021,0,0.18155405813748127,1,0,1
A-39169,Source2,CA,2016,1,0.13626106343823843,0,1,0
A-1086713,Source2,CA,2021,0,0.13683515631109744,0,0,0
A-7416980,Source1,CA,2019,0,0.08226846139982091,0,0,0
A-5420711,Source1,CA,2022,0,0.10771510361922332,0,0,0
A-6364223,Source1,CA,2021,0,0.047176698366299605,0,0,0
A-460966,Source2,CA,2017,1,0.33836255755406386,1,0,0
A-94347,Source2,CA,2016,1,0.37186809895613887,1,0,0
A-4262398,Source1,CA,2022,0,0.04241277254990173,0,0,0
A-1983907,Source2,CA,2019,0,0.37639205327740405,1,0,1
A-2822994,Source2,TX,2018,1,0.42626378364535594,1,0,0
A-1093369,Source2,TX,2021,1,0.20178872231366157,1,0,0
A-4336329,Source1,CA,2022,0,0.05004812982062699,0,0,0
A-4762615,Source1,CA,2022,0,0.18940173067733657,0,0,0
A-7310193,Source1,CA,2019,0,0.06565070383252583,0,0,0
A-2857064,Source2,CA,2018,1,0.3631129042192747,1,0,0
A-331902,Source2,TX,2017,0,0.2568915646915867,1,0,1
A-2141188,Source2,TX,2019,1,0.2087366627157159,1,0,0
A-6288619,Source1,TX,2021,0,0.09408551164110265,0,0,0
A-6812501,Source1,TX,2020,0,0.10316566399892883,0,0,0
A-6925551,Source1,CA,2020,0,0.1823453030983009,1,0,1
A-5210384,Source1,CA,2022,0,0.24180448991295406,1,0,1
A-4517487,Source1,CA,2022,0,0.2206210707072988,1,0,1
A-5425456,Source1,CA,,0,0.05063069192504015,0,0,0
A-7318593,Source1,CA,2019,0,0.0643093362520805,0,0,0
A-3569338,Source1,TX,2017,0,0.05178446682781161,0,0,0
A-84107,Source2,CA,2016,0,0.421319751398258,1,0,1
A-2200547,Source2,CA,2019,0,0.29953432109052863,1,0,1
A-6865171,Source1,CA,2020,0,0.10591429103062071,0,0,0
A-832532,Source2,CA,2021,0,0.07869333967826084,0,0,0
A-7165195,Source1,CA,2020,0,0.08483083112750338,0,0,0
A-455311,Source2,CA,2017,0,0.3523807859808118,1,0,1
A-333440,Source2,TX,2017,0,0.04672807623124364,0,0,0
A-5589721,Source1,CA,2021,0,0.03592628971094743,0,0,0
A-3791507,Source1,TX,,0,0.06258926081649097,0,0,0
A-6072740,Source1,CA,2021,0,0.04144855563409218,0,0,0
A-2966982,Source2,CA,2018,0,0.34571997891167316,1,0,1
A-1825475,Source2,TX,2019,0,0.03944299809992306,0,0,0
A-2977401,Source3,CA,2018,0,0.299617196884728,1,0,1
A-3564088,Source1,CA,2017,0,0.36497695497651794,1,0,1
A-7314507,Source1,CA,2019,0,0.2282697213941085,1,0,1
A-6084578,Source1,CA,2021,0,0.17677094814101418,1,0,1
A-1831450,Source2,CA,2019,0,0.05906304794937656,0,0,0
A-1513192,Source2,CA,2020,0,0.0594327714377302,0,0,0
A-999614,Source2,CA,2021,0,0.10011425288836646,0,0,0
A-2070055,Source2,CA,2019,0,0.0999317004882396,0,0,0
A-2974272,Source2,TX,2018,1,0.08317636147162312,0,1,0
A-5517418,Source1,TX,2021,0,0.31046082008275283,1,0,1
A-3773981,Source1,CA,2022,0,0.05482246906452901,0,0,0
A-7422447,Source1,CA,2019,1,0.3811008966476141,1,0,0
A-2286876,Source3,CA,2019,0,0.23698157222627297,1,0,1
A-2448312,Source2,TX,2018,0,0.27137104664510686,1,0,1
A-3549878,Source1,CA,2016,0,0.3399390688030875,1,0,1
A-2196833,Source2,TX,2019,0,0.08412529321646989,0,0,0
A-6774818,Source1,CA,2020,0,0.35036807763442235,1,0,1
A-4359285,Source1,CA,,0,0.11373695747695126,0,0,0
A-5119935,Source1,CA,2022,0,0.15759670971733813,0,0,0
A-2677019,Source2,CA,2018,0,0.07790250341400633,0,0,0
A-2779650,Source2,CA,2018,1,0.22296582565642992,1,0,0
A-6590309,Source1,CA,2020,0,0.048867257150917734,0,0,0
A-3759248,Source1,TX,2022,0,0.035015429437048926,0,0,0
A-3786110,Source1,CA,2023,0,0.04788279400911562,0,0,0
A-1697540,Source2,TX,2019,0,0.06389058545509027,0,0,0
A-7069814,Source1,CA,2020,0,0.16769563824726869,0,0,0
A-3093229,Source2,TX,2018,1,0.3486450418999634,1,0,0
A-1196349,Source2,CA,2021,0,0.2191866380389229,1,0,1
A-2456661,Source2,TX,2018,0,0.2228301428924276,1,0,1
A-7152085,Source1,CA,2020,0,0.0893510284159702,0,0,0
A-7011226,Source1,CA,2020,0,0.2785816712830037,1,0,1
A-5083164,Source1,CA,,0,0.028333582178308413,0,0,0
A-7721509,Source1,CA,2019,1,0.08353433499019133,0,1,0
A-3902626,Source1,CA,2022,0,0.17037601738607408,0,0,0
A-3842082,Source1,CA,2022,0,0.26683477951316226,1,0,1
A-5774879,Source1,CA,,0,0.06092462908672207,0,0,0
A-4857891,Source1,CA,2022,0,0.08748418672709711,0,0,0
A-6611508,Source1,CA,2020,0,0.28058723974439725,1,0,1
A-1247564,Source2,CA,2020,0,0.3218466806900986,1,0,1
A-3175077,Source2,CA,2017,0,0.15738914322633674,0,0,0
A-5843564,Source1,CA,,0,0.17155099770395754,1,0,1
A-780070,Source2,CA,2021,0,0.05701443801657978,0,0,0
A-6173851,Source1,TX,2021,0,0.11270448670509062,0,0,0
A-3316589,Source2,CA,2017,0,0.40445095395651565,1,0,1
A-7380819,Source1,CA,2019,0,0.034736775327149784,0,0,0
A-3316327,Source2,CA,2017,0,0.29180542661205006,1,0,1
A-5248168,Source1,TX,,0,0.18789114820790243,1,0,1
A-7098485,Source1,CA,2020,0,0.11738893188514923,0,0,0
A-4584858,Source1,CA,2022,0,0.05657827183920359,0,0,0
A-2406570,Source2,TX,2018,0,0.3759749648070797,1,0,1
A-37976,Source2,CA,2016,0,0.3835388339929423,1,0,1
A-6688338,Source1,CA,2020,0,0.0436210764762343,0,0,0
A-3807461,Source1,CA,2023,0,0.05896481410029283,0,0,0
A-6750112,Source1,TX,2020,0,0.17519211213348143,0,0,0
A-4666959,Source1,TX,2022,0,0.12798270200785017,0,0,0
A-662314,Source2,CA,2022,0,0.22898455618865735,1,0,1
A-942670,Source2,CA,2021,1,0.22079508573526985,1,0,0
A-4511799,Source1,CA,2022,0,0.27752069554038516,1,0,1
A-2879770,Source2,CA,2018,0,0.26730551245795436,1,0,1
A-7620360,Source1,TX,2018,0,0.32632716329894274,1,0,1
A-488780,Source2,TX,2017,0,0.16988980890999436,1,0,1
A-7356102,Source1,CA,2019,0,0.07378968833693064,0,0,0
A-1796886,Source2,TX,2019,0,0.07188814393413598,0,0,0
A-6936688,Source1,CA,2020,0,0.09700834020278416,0,0,0
A-3622531,Source1,CA,2017,0,0.10050470795556732,0,0,0
A-5478210,Source1,CA,2021,0,0.0766529917662188,0,0,0
A-3147709,Source2,TX,2017,0,0.04308856065500505,0,0,0
A-1366311,Source2,TX,2020,1,0.08752442189121427,0,1,0
A-2644102,Source2,CA,2018,1,0.24071708675572284,1,0,0
A-5161996,Source1,CA,2022,0,0.12779687780332338,0,0,0
A-6316899,Source1,CA,2021,0,0.3000397187986702,1,0,1
A-5317157,Source1,CA,2023,0,0.26062052720308254,1,0,1
A-5200167,Source1,TX,,0,0.07402923816157315,0,0,0
A-5176828,Source1,CA,2022,0,0.08381310695754392,0,0,0
A-6506754,Source1,CA,2021,0,0.10408233130060321,0,0,0
A-2511627,Source2,TX,2018,0,0.39016020481498426,1,0,1
A-5804011,Source1,CA,2021,0,0.07275478830070417,0,0,0
A-3065551,Source2,CA,2018,1,0.2809689366611599,1,0,0
A-5834698,Source1,TX,2021,0,0.3706789520620101,1,0,1
A-1866184,Source3,CA,2019,0,0.06529460932833057,0,0,0
A-4950068,Source1,CA,,0,0.12620554296950579,0,0,0
A-6979758,Source1,TX,2020,1,0.19757234913785632,1,0,0
A-7326974,Source1,CA,2019,0,0.09047354866533022,0,0,0
A-6053809,Source1,CA,2021,0,0.2946257890521765,1,0,1
A-7068488,Source1,CA,2020,0,0.14535268978248586,0,0,0
A-3684242,Source1,CA,2023,0,0.08764333292048368,0,0,0
A-432251,Source2,TX,2017,0,0.04023742914646764,0,0,0
A-4934931,Source1,CA,2022,0,0.2555105454132027,1,0,1
A-6640236,Source1,CA,2020,0,0.30289573457701724,1,0,1
A-5284353,Source1,CA,2022,0,0.21298392814506376,1,0,1
A-7428783,Source1,CA,2019,1,0.4556090681125367,1,0,0
A-3102959,Source2,CA,2017,1,0.36366457635064775,1,0,0
A-4999830,Source1,CA,2022,0,0.06059526833899596,0,0,0
A-4563395,Source1,CA,,0,0.06729649131190911,0,0,0
A-460848,Source2,CA,2017,0,0.3587652843327907,1,0,1
A-1248514,Source2,CA,2020,0,0.06788183019119387,0,0,0
A-7485908,Source1,TX,2018,0,0.2730703012759229,1,0,1
A-1509393,Source2,TX,2020,1,0.12991251620883246,0,1,0
A-2971028,Source2,CA,2018,0,0.33935541937534625,1,0,1
A-6551206,Source1,TX,2021,0,0.06944081454791919,0,0,0
A-7249626,Source1,CA,2020,0,0.07275672593212035,0,0,0
A-2775817,Source2,CA,2018,0,0.429150355613376,1,0,1
A-5160886,Source1,TX,2023,0,0.10874530814245764,0,0,0
A-7621217,Source1,CA,2018,1,0.03307596937457412,0,1,0
A-3046478,Source2,TX,2018,0,0.2879079427563975,1,0,1
A-7342086,Source1,CA,2019,0,0.2774903408563965,1,0,1
A-7388027,Source1,CA,2019,0,0.04868120029519738,0,0,0
A-4123334,Source1,TX,2022,0,0.11867879496201725,0,0,0
A-6244713,Source1,TX,2021,0,0.030824651473936714,0,0,0
A-7398955,Source1,CA,2019,0,0.1284625936606211,0,0,0
A-1358829,Source2,CA,2020,0,0.09417556869366178,0,0,0
A-3107769,Source2,TX,2017,1,0.21194936110092896,1,0,0
A-337621,Source2,CA,2017,1,0.3165043769773527,1,0,0
A-19142,Source2,CA,2016,0,0.23486548747356162,1,0,1
A-2694301,Source2,TX,2018,1,0.20988283663217722,1,0,0
A-7397180,Source1,CA,2019,0,0.09976137769368823,0,0,0
A-1875581,Source2,CA,2019,0,0.050029781881679856,0,0,0
A-3749620,Source1,CA,,0,0.026735272960510963,0,0,0
A-955893,Source2,CA,2021,0,0.03036878804747819,0,0,0
A-2812955,Source2,TX,2018,0,0.1862809995268562,1,0,1
A-3427025,Source1,TX,2016,1,0.3978427807781455,1,0,0
A-513897,Source2,CA,2022,0,0.11858356432892395,0,0,0
A-2854450,Source2,CA,2018,0,0.18667196245575796,0,0,0
A-4894467,Source1,CA,2022,0,0.12372705314818885,0,0,0
A-6657640,Source1,CA,2020,0,0.03987904959354464,0,0,0
A-3416053,Source1,CA,2016,0,0.44570258682863145,1,0,1
A-6311131,Source1,CA,2021,0,0.1003436129602332,0,0,0
A-1442460,Source2,TX,2020,1,0.22973658551498355,1,0,0
A-4511631,Source1,CA,2022,0,0.046858527669006764,0,0,0
A-1006340,Source2,CA,2021,0,0.06047101076931939,0,0,0
A-1640210,Source2,TX,2020,1,0.1812666605959458,1,0,0
A-6910844,Source1,CA,2020,0,0.048458054060750794,0,0,0
A-3215973,Source2,CA,2017,0,0.3988014381982091,1,0,1
A-2577227,Source2,TX,2018,0,0.05960880068691925,0,0,0
A-96684,Source2,CA,2016,1,0.3155755358500601,1,0,0
A-2217961,Source2,CA,2019,0,0.29519467167745683,1,0,1
A-4811320,Source1,CA,2022,0,0.3041615282322743,1,0,1
A-6970441,Source1,CA,2020,0,0.10327297642147237,0,0,0
A-71207,Source2,CA,2016,0,0.3124524382727284,1,0,1
A-26169,Source2,CA,2016,0,0.45298771029781715,1,0,1
A-5472268,Source1,CA,,0,0.05338199037475615,0,0,0
A-96100,Source2,CA,2016,0,0.35211050576483555,1,0,1
A-6586293,Source1,TX,2020,0,0.05758876289409517,0,0,0
A-3593067,Source1,CA,2017,0,0.46243279521017155,1,0,1
A-5092026,Source1,CA,2022,0,0.1480302191753725,0,0,0
A-2076142,Source2,TX,2019,0,0.060998065437472083,0,0,0
A-5746877,Source1,CA,2021,0,0.1788660327600396,0,0,0
A-1989967,Source2,TX,2019,1,0.22309451362088756,1,0,0
A-488899,Source2,TX,2017,0,0.04477535041245948,0,0,0
A-4037510,Source1,CA,2022,0,0.24230783753779242,1,0,1
A-4291790,Source1,CA,2022,0,0.09928613445460224,0,0,0
A-68578,Source2,CA,2016,1,0.41694674665756404,1,0,0
A-1187780,Source2,TX,2021,0,0.26303185930196477,1,0,1
A-6839121,Source1,TX,2020,0,0.11305475422724238,0,0,0
A-7054011,Source1,CA,2020,0,0.10863936410622614,0,0,0
A-3986783,Source1,CA,2022,0,0.08649856381719394,0,0,0
A-5143584,Source1,CA,,0,0.05000340103074149,0,0,0
A-5758491,Source1,CA,2021,0,0.09088051341569711,0,0,0
A-7752160,Source1,CA,2019,0,0.133554152510283,0,0,0
A-1948113,Source2,TX,2019,0,0.3429739956837576,1,0,1
A-4183526,Source1,CA,2022,0,0.25791815390403683,1,0,1
A-7301421,Source1,CA,2019,0,0.09642613834762566,0,0,0
A-4511964,Source1,CA,2022,0,0.02872267532096403,0,0,0
A-4251084,Source1,CA,2022,0,0.09705771226115287,0,0,0
A-2640202,Source2,CA,2018,0,0.413382625633278,1,0,1
A-5538527,Source1,CA,2021,0,0.15053815492463088,0,0,0
A-2716282,Source2,CA,2018,1,0.3076716896182274,1,0,0
A-3035907,Source2,CA,2018,1,0.21287199061234405,1,0,0
A-6918561,Source1,CA,2020,0,0.22118971593523112,1,0,1
A-13803,Source2,CA,2016,0,0.42935435587540766,1,0,1
A-5947034,Source1,CA,2021,0,0.08967572353567917,0,0,0
A-1358664,Source2,CA,2020,0,0.28613677582729713,1,0,1
A-6881903,Source1,CA,,0,0.04034875366331438,0,0,0
A-564095,Source2,TX,2022,1,0.10730458254077577,0,1,0
A-1945675,Source2,TX,2019,0,0.03246620586383066,0,0,0
A-5600573,Source1,CA,2021,0,0.16654079883481046,0,0,0
A-766448,Source2,CA,2021,0,0.042210686524052035,0,0,0
A-750859,Source2,TX,2022,0,0.30717695892773456,1,0,1
A-1043775,Source2,CA,2021,0,0.2856648121559523,1,0,1
A-7674168,Source1,CA,2017,1,0.2180878750014939,1,0,0
A-5422829,Source1,CA,2022,0,0.14541840621796254,0,0,0
A-3833543,Source1,TX,2022,0,0.15533542622472246,0,0,0
A-3589707,Source1,CA,2017,0,0.11889416629759271,0,0,0
A-6913815,Source1,TX,2020,0,0.33795766133651484,1,0,1
A-2380947,Source2,TX,2018,0,0.21168735683268824,1,0,1
A-6382499,Source1,TX,2021,0,0.3529858171749522,1,0,1
A-7218028,Source1,TX,2020,1,0.17432699832368662,0,1,0
A-38770,Source2,CA,2016,0,0.29324310687197574,1,0,1
A-27608,Source2,CA,2016,1,0.34236967885979563,1,0,0
A-1046094,Source2,CA,2021,1,0.15025236449531632,0,1,0
A-2574472,Source2,TX,2018,1,0.38455993659524645,1,0,0
A-2784694,Source2,CA,2018,1,0.32802249345805845,1,0,0
A-3757529,Source1,CA,2022,0,0.0732829051015769,0,0,0
A-5326189,Source1,CA,,0,0.08569279654285024,0,0,0
A-6752971,Source1,CA,2020,0,0.0418318315020005,0,0,0
A-3126675,Source2,TX,2017,0,0.08948850396543825,0,0,0
A-6796072,Source1,CA,2020,0,0.042260814432510715,0,0,0
A-388642,Source2,TX,2017,1,0.43247634185954026,1,0,0
A-5277680,Source1,CA,2022,0,0.0486812701551151,0,0,0
A-4555048,Source1,CA,,0,0.11579524057831661,0,0,0
A-5446221,Source1,CA,2022,0,0.07014831349671179,0,0,0
A-1410259,Source2,CA,2020,0,0.08968481021101679,0,0,0
A-3110864,Source2,TX,2017,1,0.19135894536670267,1,0,0
A-3214734,Source2,TX,2017,0,0.130212149342045,0,0,0
A-4705806,Source1,CA,2022,0,0.2237299358331671,1,0,1
A-6125749,Source1,CA,2021,0,0.06517607653027482,0,0,0
A-637016,Source3,CA,2022,0,0.052646720269035704,0,0,0
A-7087516,Source1,CA,2020,0,0.39375367347231216,1,0,1
A-557748,Source2,CA,2022,1,0.0813769243749966,0,1,0
A-400440,Source2,CA,2017,1,0.2781358792379894,1,0,0
A-1112036,Source2,CA,2021,0,0.06388596584930575,0,0,0
A-4251347,Source1,TX,2022,0,0.185624374689033,0,0,0
A-510851,Source2,TX,2017,1,0.17018718573984132,0,1,0
A-302142,Source2,TX,2016,0,0.3251679563442913,1,0,1
A-4804041,Source1,CA,,0,0.1182327532143744,0,0,0
A-7237009,Source1,CA,2020,0,0.0727444232157532,0,0,0
A-1290598,Source2,TX,2020,0,0.24170151796403455,1,0,1
A-1903958,Source2,TX,2019,1,0.11991919706041113,0,1,0
A-1232046,Source2,TX,2020,1,0.10869425144049236,0,1,0
A-5759583,Source1,CA,2021,0,0.04851123754180138,0,0,0
A-6242369,Source1,CA,2021,1,0.11720054209903072,0,1,0
A-3007235,Source2,TX,2018,0,0.05851641579272424,0,0,0
A-4992430,Source1,CA,2023,0,0.06901263927582753,0,0,0
A-1700183,Source2,TX,2019,0,0.046340406597821376,0,0,0
A-1851565,Source2,TX,2019,0,0.18740150918899862,1,0,1
A-1621194,Source3,CA,2020,0,0.0800093968421782,0,0,0
A-3938905,Source1,CA,2022,0,0.2006845575485919,1,0,1
A-4884181,Source1,CA,,0,0.17899027282791435,1,0,1
A-561488,Source2,CA,2022,0,0.10752597586810746,0,0,0
A-1899106,Source3,CA,2019,1,0.16068130627999483,0,1,0
A-5584166,Source1,CA,2021,0,0.1727377650192975,0,0,0
A-4668628,Source1,CA,2022,0,0.16489817476155322,0,0,0
A-643740,Source2,TX,2022,0,0.2467417517214463,1,0,1
A-3753694,Source1,CA,,0,0.045648693548961436,0,0,0
A-1531371,Source2,CA,2020,1,0.2791674548645332,1,0,0
A-7709899,Source1,TX,2019,1,0.30287427717394244,1,0,0
A-4316671,Source1,CA,2022,0,0.109740537034741,0,0,0
A-2297729,Source2,TX,2019,0,0.09489074373015349,0,0,0
A-460342,Source2,CA,2017,0,0.3695385349108488,1,0,1
A-6659475,Source1,CA,2020,0,0.1357267108169185,0,0,0
A-7215581,Source1,CA,2020,0,0.21962626240238275,1,0,1
A-2141927,Source2,CA,2019,1,0.14286811889778112,0,1,0
A-284458,Source2,TX,2016,0,0.17508379488436968,0,0,0
A-6976203,Source1,CA,2020,0,0.05025492149744522,0,0,0
A-3151897,Source2,TX,2017,1,0.23609766056243978,1,0,0
A-7286587,Source1,CA,2019,0,0.15983524534537094,0,0,0
A-2578400,Source2,CA,2018,1,0.21863372650022567,1,0,0
A-7106648,Source1,CA,2020,0,0.12754578398297775,0,0,0
A-1008716,Source2,TX,2021,1,0.04768188934038495,0,1,0
A-2759939,Source2,CA,2018,0,0.21026710666199677,1,0,1
A-6875400,Source1,CA,2020,0,0.28297743892935223,1,0,1
A-4902915,Source1,CA,2022,0,0.12270575556135419,0,0,0
A-5147235,Source1,CA,2022,0,0.08299651347290418,0,0,0
A-4909367,Source1,TX,,0,0.05611795582393643,0,0,0
A-4010615,Source1,CA,2022,0,0.14437769462389163,0,0,0
A-6950026,Source1,TX,2020,0,0.046564162571864194,0,0,0
A-299842,Source2,TX,2016,1,0.38095918571444287,1,0,0
A-2632338,Source2,CA,2018,1,0.2937316297340955,1,0,0
A-7511962,Source1,TX,2018,0,0.41501092326913136,1,0,1
A-4553868,Source1,CA,2023,0,0.04289626675194845,0,0,0
A-3593915,Source1,TX,2017,1,0.06524800229338769,0,1,0
A-6375429,Source1,CA,2021,0,0.22000435959570058,1,0,1
A-2909628,Source2,CA,2018,0,0.3839507572792461,1,0,1
A-2547159,Source2,TX,2018,0,0.3041619115683468,1,0,1
A-7095427,Source1,CA,2020,1,0.2406975417802823,1,0,0
A-4389244,Source1,CA,,0,0.21765610163875743,1,0,1
A-6428677,Source1,CA,2021,0,0.07724821119809314,0,0,0
A-432798,Source2,TX,2017,1,0.3462205203251285,1,0,0
A-3442674,Source1,TX,2016,0,0.19510349180353137,1,0,1
A-1738341,Source2,TX,2019,0,0.1512988552733269,0,0,0
A-7237341,Source1,CA,2020,0,0.26478424098398934,1,0,1
A-3216485,Source2,CA,2017,0,0.4596926022546863,1,0,1
A-437953,Source2,CA,2017,0,0.274337891921493,1,0,1
A-1666089,Source3,CA,2020,1,0.26545077103958215,1,0,0
A-7391060,Source1,CA,2019,0,0.06989107774507367,0,0,0
A-5118990,Source1,TX,2022,0,0.14144362665107857,0,0,0
A-4128214,Source1,CA,,0,0.12409821820279773,0,0,0
A-4184159,Source1,CA,2022,0,0.09483101794552659,0,0,0
A-1602392,Source2,CA,2020,0,0.022622068060751392,0,0,0
A-4237189,Source1,CA,2023,0,0.22231930110054665,1,0,1
A-6149885,Source1,TX,2021,0,0.07766834140071675,0,0,0
A-2667687,Source2,CA,2018,0,0.36630888175861664,1,0,1
A-2316375,Source2,CA,2019,0,0.2924147538162868,1,0,1
A-2589807,Source2,CA,2018,1,0.3763327036246622,1,0,0
A-279315,Source2,TX,2016,1,0.3513750413017543,1,0,0
A-7670468,Source1,CA,2017,1,0.37257382793627075,1,0,0
A-1328325,Source2,TX,2020,1,0.17033476646334683,0,1,0
A-5763759,Source1,CA,2021,0,0.3419316830013607,1,0,1
A-7491659,Source1,CA,2018,0,0.10180173179365408,0,0,0
A-2854354,Source2,CA,2018,1,0.1558156466052777,0,1,0
A-6551355,Source1,CA,2021,0,0.2664199538094064,1,0,1
A-5473772,Source1,CA,2021,0,0.22296375969004614,1,0,1
A-903326,Source2,CA,2021,0,0.06293478099048799,0,0,0
A-1096040,Source2,CA,2021,1,0.11714873563131081,0,1,0
A-7629478,Source1,TX,2018,1,0.35732465804586955,1,0,0
A-5059559,Source1,CA,2022,0,0.05400606091657915,0,0,0
A-752368,Source2,TX,2022,0,0.1757304151911459,1,0,1
A-1315418,Source2,CA,2020,0,0.0612031009383032,0,0,0
A-4059069,Source1,CA,2022,0,0.08799583541792622,0,0,0
A-5008777,Source1,CA,,0,0.09679489088238763,0,0,0
A-5409495,Source1,CA,2022,0,0.13426169702315188,0,0,0
A-1818231,Source2,TX,2019,0,0.15277829866855036,0,0,0
A-6169584,Source1,CA,2021,0,0.25511380683859064,1,0,1
A-5988234,Source1,CA,2021,0,0.033208340990320696,0,0,0
A-4389257,Source1,CA,,0,0.1651213142142634,1,0,1
A-5635027,Source1,CA,2021,0,0.11098559149074103,0,0,0
A-896526,Source3,CA,2021,1,0.14848731197456427,0,1,0
A-3353000,Source2,CA,2017,1,0.3934438382881832,1,0,0
A-3293824,Source2,CA,2017,0,0.34298671534645364,1,0,1
A-4006165,Source1,CA,,0,0.07425399644673143,0,0,0
A-849755,Source2,CA,2021,1,0.2644130275968505,1,0,0
A-2762525,Source2,CA,2018,0,0.22317893191114316,1,0,1
A-6867523,Source1,TX,2020,0,0.23791972436945635,1,0,1
A-17778,Source2,CA,2016,1,0.13057085621140258,0,1,0
A-7322548,Source1,TX,2019,1,0.05297504009283678,0,1,0
A-6184729,Source1,CA,,0,0.15848000894550823,1,0,1
A-7680847,Source1,CA,2017,0,0.4407157291608376,1,0,1
A-6118717,Source1,CA,2021,0,0.0752732972848253,0,0,0
A-5774509,Source1,CA,,0,0.20266350412813222,1,0,1
A-1837045,Source2,CA,2019,0,0.055005343791032876,0,0,0
A-6943540,Source1,CA,2020,0,0.10551269110374376,0,0,0
A-5900693,Source1,CA,2021,0,0.09290331515349359,0,0,0
A-1112551,Source2,CA,2021,0,0.10981540163392856,0,0,0
A-2833300,Source2,TX,2018,0,0.2331031102056782,1,0,1
A-539224,Source2,TX,2022,1,0.14314985617627102,0,1,0
A-6567602,Source1,CA,2021,0,0.11405972145484829,0,0,0
A-346068,Source2,CA,2017,1,0.30863327130277735,1,0,0
A-1368219,Source2,TX,2020,0,0.13385131780642803,0,0,0
A-1066449,Source2,CA,2021,0,0.05184740295811026,0,0,0
A-2271351,Source2,TX,2019,0,0.08149974674299941,0,0,0
A-5022211,Source1,CA,,0,0.06476245198772657,0,0,0
A-7473647,Source1,CA,2018,1,0.27260449435195033,1,0,0
A-5108501,Source1,CA,2022,0,0.13698173414845669,0,0,0
A-75854,Source2,CA,2016,1,0.1874860951127856,1,0,0
A-3834028,Source1,CA,2022,0,0.1107071882464408,0,0,0
A-5938068,Source1,CA,2021,0,0.0706505791906338,0,0,0
A-2729944,Source2,CA,2018,0,0.43010694411871275,1,0,1
A-5231297,Source1,CA,2022,0,0.023650685136946323,0,0,0
A-77718,Source2,CA,2016,0,0.3310330142954257,1,0,1
A-385732,Source2,TX,2017,1,0.3384524183423502,1,0,0
A-865651,Source2,TX,2021,0,0.09142048568075986,0,0,0
A-1240934,Source2,CA,2020,0,0.07432309114358468,0,0,0
A-1692704,Source3,CA,2019,1,0.07818981937830713,0,1,0
A-7407402,Source1,CA,2019,0,0.0989566176891904,0,0,0
A-3421518,Source1,CA,2016,0,0.40191319560135835,1,0,1
A-5516969,Source1,TX,2021,0,0.1016197541500635,0,0,0
A-1453655,Source2,CA,2020,0,0.1292778331329466,0,0,0
A-6882665,Source1,CA,,0,0.02732498037681231,0,0,0
A-7087771,Source1,CA,2020,0,0.1370383597956141,0,0,0
A-1529268,Source2,CA,2020,1,0.12245142087946403,0,1,0
A-5418870,Source1,CA,,0,0.050842315246989546,0,0,0
A-6227885,Source1,CA,2021,0,0.15148898733906405,0,0,0
A-4830019,Source1,CA,2022,0,0.04342747441974565,0,0,0
A-5338678,Source1,TX,2022,0,0.12431717039117993,0,0,0
A-4755361,Source1,CA,,0,0.15578964305338958,0,0,0
A-6992866,Source1,CA,2020,0,0.16306593025661312,0,0,0
A-6570396,Source1,CA,2021,0,0.11442163257838504,0,0,0
A-7283872,Source1,CA,2020,0,0.0684065379636619,0,0,0
A-4077276,Source1,CA,,0,0.027188717550411478,0,0,0
A-6116280,Source1,CA,2021,0,0.03986366912481955,0,0,0
A-2332616,Source3,CA,2019,1,0.29160825135719654,1,0,0
A-7203653,Source1,CA,2020,1,0.16456438891136588,0,1,0
A-2849706,Source2,CA,2018,0,0.5083262654727556,1,0,1
A-23885,Source2,CA,2016,0,0.30742032743205716,1,0,1
A-1113985,Source2,CA,2021,0,0.2518081242605873,1,0,1
A-1237288,Source2,CA,2020,0,0.07268513387602618,0,0,0
A-5433227,Source1,CA,,0,0.050565875532856484,0,0,0
A-2178340,Source2,CA,2019,0,0.05940212305201266,0,0,0
A-4798130,Source1,CA,,0,0.17444578768750232,1,0,1
A-3424696,Source1,CA,2016,1,0.39713925280807827,1,0,0
A-7083636,Source1,TX,2020,1,0.12310633653610606,0,1,0
A-6233854,Source1,TX,2021,0,0.08614180415232411,0,0,0
A-6986870,Source1,TX,2020,1,0.12745537618031944,0,1,0
A-4864797,Source1,CA,2022,0,0.0682936377772497,0,0,0
A-2091631,Source2,CA,2019,0,0.17093704398654427,1,0,1
A-88356,Source2,CA,2016,1,0.4823508138666767,1,0,0
A-2829004,Source2,CA,2018,1,0.39451057789699,1,0,0
A-7116126,Source1,CA,2020,0,0.07313528414696856,0,0,0
A-4601231,Source1,CA,2022,0,0.30529027605495157,1,0,1
A-4943002,Source1,CA,2022,0,0.04904710102953134,0,0,0
A-3659538,Source1,CA,2023,0,0.2395428442871515,1,0,1
A-7023553,Source1,CA,2020,0,0.11318441806053689,0,0,0
A-7693035,Source1,TX,2017,1,0.30275914515510804,1,0,0
A-24789,Source2,CA,2016,0,0.37210017800650014,1,0,1
A-4441277,Source1,CA,2022,0,0.06244944491726838,0,0,0
A-7039417,Source1,CA,2020,0,0.28026982143234075,1,0,1
A-4098001,Source1,CA,,0,0.04928828604768795,0,0,0
A-3950994,Source1,CA,2022,0,0.025962896210833135,0,0,0
A-7036965,Source1,CA,2020,0,0.2240381618654912,1,0,1
A-3256057,Source2,TX,2017,0,0.24698993169755767,1,0,1
A-6556445,Source1,CA,2021,0,0.053516480046535066,0,0,0
A-3912962,Source1,CA,,0,0.060773346097238036,0,0,0
A-7218364,Source1,CA,2020,0,0.30901432145224483,1,0,1
A-7510326,Source1,CA,2018,1,0.13079570851223493,0,1,0
A-820613,Source2,TX,2021,0,0.11657907823652884,0,0,0
A-5821265,Source1,CA,2021,0,0.07232796498636197,0,0,0
A-1946165,Source2,CA,2019,0,0.08019270273084117,0,0,0
A-2041106,Source2,CA,2019,1,0.15191716392045682,0,1,0
A-4542383,Source1,CA,2022,0,0.15142897326745977,0,0,0
A-7333242,Source1,CA,2019,0,0.02165190703245676,0,0,0
A-6460145,Source1,CA,2021,0,0.047006265278529524,0,0,0
A-3409767,Source2,CA,2017,0,0.14675129151099325,0,0,0
A-1240463,Source2,CA,2020,0,0.043011012060897025,0,0,0
A-85223,Source2,CA,2016,0,0.03512970714693342,0,0,0
A-73750,Source2,CA,2016,0,0.3368147987507971,1,0,1
A-1223992,Source2,CA,2020,1,0.06707189184376208,0,1,0
A-4702570,Source1,CA,2022,0,0.10852929387208876,0,0,0
A-7724559,Source1,CA,2019,0,0.05821037004427977,0,0,0
A-5359195,Source1,CA,2023,0,0.05231394505509705,0,0,0
A-686547,Source2,CA,2022,0,0.06905719940052697,0,0,0
A-5551591,Source1,CA,2021,0,0.178668574111406,0,0,0
A-1831370,Source2,CA,2019,1,0.21107650817212154,1,0,0
A-856709,Source3,CA,2021,0,0.14500769780610473,0,0,0
A-7221387,Source1,CA,2020,0,0.24108876837089363,1,0,1
A-44062,Source2,CA,2016,0,0.29464583082748735,1,0,1
A-1039849,Source2,TX,2021,1,0.0668769464597292,0,1,0
A-5441553,Source1,CA,2023,0,0.07225194595252933,0,0,0
A-6294901,Source1,TX,2021,0,0.04991301050666595,0,0,0
A-6592796,Source1,CA,2020,0,0.054194186107683215,0,0,0
A-3590042,Source1,CA,2017,0,0.35544389019835276,1,0,1
A-4357309,Source1,CA,,0,0.08663173150306616,0,0,0
A-4807390,Source1,TX,2022,0,0.23447656947179735,1,0,1
A-5644269,Source1,CA,2021,0,0.11297391953257503,0,0,0
A-6170083,Source1,CA,2021,0,0.10349869879639437,0,0,0
A-2103613,Source2,TX,2019,1,0.25083459692180193,1,0,0
A-1859894,Source2,TX,2019,0,0.05815551541014654,0,0,0
A-1491433,Source3,CA,2020,0,0.206418478850928,1,0,1
A-7293114,Source1,CA,2019,0,0.06270518101723489,0,0,0
A-2751357,Source2,CA,2018,0,0.2953049583447737,1,0,1
A-7390300,Source1,CA,2019,0,0.2687873110807059,1,0,1
A-2221329,Source2,TX,2019,0,0.2780670866880216,1,0,1
A-3587474,Source1,CA,2017,0,0.30679877244166565,1,0,1
A-3077584,Source2,CA,2018,1,0.44236544222139773,1,0,0
A-114846,Source2,CA,2016,0,0.32691239090014673,1,0,1
A-6944974,Source1,CA,2020,0,0.04450683271869356,0,0,0
A-3419224,Source1,CA,2016,1,0.3626320836628048,1,0,0
A-3797285,Source1,CA,2023,0,0.15030878634848233,0,0,0
A-6839835,Source1,CA,2020,0,0.1706994550434127,0,0,0
A-3649965,Source1,CA,,0,0.08235747168293514,0,0,0
A-1459593,Source2,TX,2020,1,0.14930703816480567,0,1,0
A-6204312,Source1,TX,2021,0,0.10294814351304578,0,0,0
A-5683548,Source1,TX,2021,0,0.12401995326762412,0,0,0
A-7272550,Source1,CA,2020,0,0.129102383327429,0,0,0
A-1278647,Source2,TX,2020,0,0.19490486666760107,1,0,1
A-5503545,Source1,CA,,0,0.16335634723832762,1,0,1
A-1701298,Source2,CA,2019,1,0.07303329857275218,0,1,0
A-4840469,Source1,TX,2022,0,0.05887851387104419,0,0,0
A-6705652,Source1,TX,2020,0,0.10687428467968071,0,0,0
A-7475684,Source1,CA,2018,1,0.2863003365240482,1,0,0
A-7257190,Source1,TX,2020,1,0.17288218784324236,1,0,0
A-1930456,Source2,TX,2019,0,0.17863884442959313,0,0,0
A-1068107,Source2,CA,2021,0,0.055728197933872015,0,0,0
A-7112984,Source1,CA,2020,0,0.07036942824334219,0,0,0
A-4430160,Source1,CA,,0,0.0810240173619889,0,0,0
A-314264,Source2,CA,2017,1,0.18232565202891463,1,0,0
A-2070113,Source2,CA,2019,0,0.14604577441357713,0,0,0
A-5063507,Source1,CA,2023,0,0.08042327393726653,0,0,0
A-7213688,Source1,CA,2020,0,0.0727103717276136,0,0,0
A-2107025,Source2,CA,2019,0,0.17970572296999202,0,0,0
A-2822659,Source2,TX,2018,0,0.04718975150914621,0,0,0
A-2957863,Source2,TX,2018,0,0.1497118837125701,0,0,0
A-7343437,Source1,CA,2019,0,0.14273397294901552,0,0,0
A-4382288,Source1,CA,2022,0,0.05371442585555149,0,0,0
A-2302270,Source2,TX,2019,0,0.056846118214594565,0,0,0
A-4539087,Source1,CA,,0,0.16812617330541424,1,0,1
A-3528709,Source1,CA,2016,0,0.3185604695430082,1,0,1
A-7269766,Source1,CA,2020,0,0.08136181313509565,0,0,0
A-2954876,Source2,TX,2018,0,0.08854611732667218,0,0,0
A-5751340,Source1,CA,2021,0,0.05535917512392343,0,0,0
A-4323959,Source1,CA,2022,0,0.18710643424684864,1,0,1
A-3624185,Source1,TX,2017,0,0.4221793399915281,1,0,1
A-7034577,Source1,CA,2020,0,0.23203064007072616,1,0,1
A-3864041,Source1,CA,2022,0,0.13360015132282074,0,0,0
A-648010,Source2,CA,2022,1,0.34037117888170537,1,0,0
A-6746614,Source1,TX,2020,0,0.04361677059303786,0,0,0
A-1280667,Source2,TX,2020,0,0.07502360116167106,0,0,0
A-3593844,Source1,CA,2017,0,0.21190792518067866,1,0,1
A-554763,Source2,CA,2022,0,0.1135791593737387,0,0,0
A-3970116,Source1,CA,2022,0,0.17351221885841814,0,0,0
A-7378013,Source1,CA,2019,0,0.03337339018137288,0,0,0
A-3353102,Source2,CA,2017,0,0.42541204372928504,1,0,1
A-3717047,Source1,TX,2022,0,0.1879479360417214,1,0,1
A-1753233,Source2,TX,2019,0,0.105430171274699,0,0,0
A-6709084,Source1,TX,2020,0,0.11220086366588707,0,0,0
A-294391,Source2,TX,2016,0,0.05723585625900025,0,0,0
A-7020850,Source1,CA,2020,0,0.3849668237004649,1,0,1
A-6939361,Source1,CA,2020,0,0.2044870721466788,1,0,1
A-28747,Source2,CA,2016,1,0.39493771698008995,1,0,0
A-3148077,Source2,CA,2017,0,0.2903758152809884,1,0,1
A-6637116,Source1,CA,2020,0,0.06753921621335111,0,0,0
A-2950829,Source2,TX,2018,0,0.10352450179072373,0,0,0
A-5669108,Source1,CA,2021,0,0.09795053347743514,0,0,0
A-5754878,Source1,CA,2021,0,0.09047025780594029,0,0,0
A-2746628,Source2,CA,2018,0,0.34286994898928935,1,0,1
A-261145,Source2,TX,2016,1,0.18588805269267722,1,0,0
A-47953,Source2,CA,2016,1,0.27237217674837855,1,0,0
A-5174793,Source1,CA,2022,0,0.0715368254095585,0,0,0
A-7101440,Source1,CA,2020,0,0.18224571177141052,1,0,1
A-7118834,Source1,CA,2020,0,0.054089579159596834,0,0,0
A-5462551,Source1,CA,2023,0,0.061389719981284396,0,0,0
A-1464523,Source2,CA,2020,0,0.12110223034009311,0,0,0
A-7653633,Source1,CA,2017,0,0.3134540335665749,1,0,1
A-1535418,Source2,CA,2020,0,0.11248056592779095,0,0,0
A-3551056,Source1,CA,2016,0,0.3184626209083671,1,0,1
A-1486382,Source2,TX,2020,0,0.03510017802713141,0,0,0
A-6291827,Source1,TX,2021,0,0.1696292267466232,0,0,0
A-5755446,Source1,CA,2021,0,0.3031255595589449,1,0,1
A-6170365,Source1,CA,2021,0,0.0334388971802777,0,0,0
A-7155549,Source1,CA,2020,0,0.22856935321227892,1,0,1
A-4432057,Source1,TX,2022,0,0.028982169686578407,0,0,0
A-7412808,Source1,CA,2019,0,0.2876469222535897,1,0,1
A-3978124,Source1,CA,,0,0.0565706308457399,0,0,0
A-4469202,Source1,CA,2022,0,0.08471294575070695,0,0,0
A-3824784,Source1,CA,2022,0,0.08852355002197487,0,0,0
A-5961915,Source1,CA,,0,0.04719506535745188,0,0,0
A-3441373,Source1,TX,2016,0,0.1495137374639491,0,0,0
A-1998016,Source2,CA,2019,0,0.11106245757467895,0,0,0
A-5590334,Source1,CA,2021,0,0.17611691856885908,0,0,0
A-2903831,Source2,TX,2018,0,0.07629548469712542,0,0,0
A-2274272,Source2,CA,2019,0,0.15799861556220637,0,0,0
A-5198745,Source1,CA,,0,0.05218342407131179,0,0,0
A-790870,Source2,CA,2021,0,0.13489281860618418,0,0,0
A-6405581,Source1,CA,2021,0,0.03714945202490697,0,0,0
A-2420976,Source2,CA,2018,1,0.25661177927446055,1,0,0
A-77584,Source2,CA,2016,1,0.3992216027045325,1,0,0
A-3926245,Source1,CA,,0,0.05830035123490233,0,0,0
A-653721,Source2,CA,2022,0,0.23166025287498498,1,0,1
A-7160343,Source1,CA,2020,0,0.19030322994869495,1,0,1
A-2740861,Source2,TX,2018,1,0.3888774245272789,1,0,0
A-5464491,Source1,CA,,0,0.06334045861630491,0,0,0
A-4121389,Source1,CA,2022,0,0.16132201937261384,0,0,0
A-3079318,Source2,TX,2018,0,0.04953015629002312,0,0,0
A-2465325,Source2,CA,2018,1,0.4929003701721705,1,0,0
A-2721755,Source2,TX,2018,1,0.3451409279185607,1,0,0
A-4499170,Source1,CA,2022,0,0.06423373731752695,0,0,0
A-2912402,Source2,CA,2018,0,0.17125289109967934,0,0,0
A-6299828,Source1,TX,2021,0,0.19533103314147118,1,0,1
A-4569644,Source1,CA,2022,0,0.21326151240623226,1,0,1
A-1208235,Source2,CA,2021,0,0.042497031232532526,0,0,0
A-3595009,Source1,TX,2017,0,0.41435910605862514,1,0,1
A-5868126,Source1,CA,2021,0,0.13801757964826036,0,0,0
A-2578231,Source2,CA,2018,0,0.3233013635260261,1,0,1
A-4012533,Source1,CA,,0,0.28473412932772063,1,0,1
A-5695374,Source1,CA,2021,0,0.10521595801252015,0,0,0
A-5572653,Source1,CA,2021,0,0.04204147678306609,0,0,0
A-2940622,Source2,CA,2018,0,0.06868746480657778,0,0,0
A-5221967,Source1,CA,2023,0,0.25079069720251923,1,0,1
A-7327017,Source1,CA,2019,0,0.1123352032941469,0,0,0
A-5819192,Source1,CA,2021,0,0.04944452776171438,0,0,0
A-3698753,Source1,CA,2023,0,0.05644791826138819,0,0,0
A-75169,Source2,CA,2016,0,0.36708548220688425,1,0,1
A-4522691,Source1,CA,,0,0.02847472844518193,0,0,0
A-7214314,Source1,CA,2020,0,0.14849748408666322,0,0,0
A-5420646,Source1,TX,2022,0,0.02249924955921495,0,0,0
A-3906926,Source1,CA,2022,0,0.19608403056857768,1,0,1
A-2806358,Source2,CA,2018,1,0.3751576943903382,1,0,0
A-7248349,Source1,CA,2020,0,0.16598310524459356,0,0,0
A-840542,Source2,CA,2021,0,0.09513621671534633,0,0,0
A-3220894,Source2,TX,2017,0,0.19153598228486698,1,0,1
A-49085,Source2,CA,2016,1,0.37378820030858434,1,0,0
A-2807814,Source2,TX,2018,0,0.3536375062670851,1,0,1
A-52989,Source2,CA,2016,1,0.3420711393813513,1,0,0
A-3362189,Source2,CA,2017,0,0.09409145829802915,0,0,0
A-5878107,Source1,CA,2021,0,0.15860412565893295,1,0,1
A-6587326,Source1,CA,2020,0,0.05668250422749323,0,0,0
A-55496,Source2,CA,2016,0,0.46740955825564373,1,0,1
A-614885,Source2,CA,2022,1,0.38756299209907963,1,0,0
A-3274376,Source2,CA,2017,0,0.31650180460205357,1,0,1
A-3591229,Source1,CA,2017,1,0.4383632024220773,1,0,0
A-2386438,Source2,TX,2018,1,0.2563418267039772,1,0,0
A-7071767,Source1,CA,2020,0,0.0982512317972968,0,0,0
A-6068112,Source1,CA,2021,0,0.06516457858628058,0,0,0
A-5298519,Source1,CA,,0,0.05863160929126142,0,0,0
A-7214471,Source1,CA,2020,0,0.09099748592778391,0,0,0
A-2185893,Source2,TX,2019,0,0.25763888857760797,1,0,1
A-5550755,Source1,CA,2021,0,0.16245614815252724,0,0,0
A-6365505,Source1,TX,2021,0,0.14439281834719536,0,0,0
A-6388303,Source1,CA,2021,0,0.08931359730194792,0,0,0
A-6966416,Source1,CA,2020,0,0.05990746923914932,0,0,0
A-5342579,Source1,CA,2022,0,0.24158865133400131,1,0,1
A-5506542,Source1,CA,2021,0,0.07142850410768206,0,0,0
A-6436226,Source1,CA,2021,0,0.026231672114217796,0,0,0
A-949938,Source2,CA,2021,0,0.048663015625118246,0,0,0
A-7110238,Source1,CA,2020,0,0.1832069752271306,1,0,1
A-2816489,Source2,CA,2018,0,0.2646426209617521,1,0,1
A-5839949,Source1,TX,2021,1,0.16859264801217438,0,1,0
A-5500285,Source1,CA,2021,0,0.15498164540134032,0,0,0
A-540357,Source2,CA,2022,0,0.058882079920954955,0,0,0
A-4048835,Source1,CA,,0,0.08953917532984942,0,0,0
A-7750340,Source1,CA,2019,0,0.255350565762111,1,0,1
A-1951964,Source2,CA,2019,0,0.25654141345343506,1,0,1
A-5443555,Source1,TX,2023,0,0.19627012920292483,1,0,1
A-6413664,Source1,TX,2021,0,0.2565236298198993,1,0,1
A-2794241,Source2,CA,2018,1,0.2716906975900339,1,0,0
A-7406214,Source1,CA,2019,0,0.1054546581872791,0,0,0
A-1057120,Source2,CA,2021,0,0.36257939329711253,1,0,1
A-7676051,Source1,TX,2017,0,0.23382465980875042,1,0,1
A-7305298,Source1,CA,2019,0,0.19216905687185198,1,0,1
A-88580,Source2,CA,2016,0,0.314382553392246,1,0,1
A-4476021,Source1,CA,2023,0,0.10117635302388577,0,0,0
A-7058232,Source1,TX,2020,1,0.33075819336604423,1,0,0
A-7376618,Source1,CA,2019,0,0.09533291254236011,0,0,0
A-5583919,Source1,CA,2021,0,0.16225773025228543,0,0,0
A-713813,Source2,CA,2022,0,0.21775793991066408,1,0,1
A-4350138,Source1,CA,,0,0.06769028669606136,0,0,0
A-807619,Source2,TX,2021,0,0.0316565140022652,0,0,0
A-4941793,Source1,CA,2022,0,0.07428127002223121,0,0,0
A-2268223,Source2,TX,2019,0,0.3945034430780662,1,0,1
A-6911833,Source1,CA,2020,0,0.14592361708945084,0,0,0
A-2402173,Source2,TX,2018,0,0.3842242984380798,1,0,1
A-2015053,Source2,CA,2019,0,0.32260807288826876,1,0,1
A-34338,Source2,CA,2016,0,0.33703694724228617,1,0,1
A-3828052,Source1,CA,2022,0,0.23746501197636732,1,0,1
A-6728428,Source1,TX,2020,0,0.06484935269409495,0,0,0
A-2674354,Source2,CA,2018,0,0.40892601663483424,1,0,1
A-5979483,Source1,TX,2021,0,0.03343898337717188,0,0,0
A-4719179,Source1,CA,,0,0.08500728589578681,0,0,0
A-4279775,Source1,CA,2022,0,0.2226315521193542,1,0,1
A-6596013,Source1,CA,2020,0,0.07007749907300095,0,0,0
A-3956031,Source1,TX,2022,0,0.34217473250946895,1,0,1
A-633102,Source2,TX,2022,0,0.14928414058370526,0,0,0
A-5222463,Source1,CA,2022,0,0.05692020319812321,0,0,0
A-440350,Source2,CA,2017,1,0.42377248047528954,1,0,0
A-2908751,Source2,TX,2018,0,0.06014770824665992,0,0,0
A-3663129,Source1,CA,,0,0.13625964847351643,0,0,0
A-7373706,Source1,CA,2019,0,0.07487062911368542,0,0,0
A-3049631,Source2,CA,2018,1,0.35448724709308677,1,0,0
A-5180649,Source1,CA,,0,0.04227668762731527,0,0,0
A-5191587,Source1,CA,2022,0,0.08568798322354855,0,0,0
A-5268482,Source1,TX,2022,0,0.04060583599643257,0,0,0
A-4587549,Source1,CA,,1,0.05135463076513831,0,1,0
A-5308887,Source1,CA,2022,0,0.1199561445353072,0,0,0
A-6884042,Source1,CA,2020,0,0.0700335559935709,0,0,0
A-6788493,Source1,CA,2020,0,0.03226697540835829,0,0,0
A-632990,Source2,CA,2022,0,0.1308385800748726,0,0,0
A-263179,Source2,TX,2016,0,0.09929433237827187,0,0,0
A-263354,Source2,TX,2016,1,0.3184955424388543,1,0,0
A-387677,Source2,TX,2017,1,0.3344710638155616,1,0,0
A-2560556,Source2,CA,2018,0,0.3002514741291086,1,0,1
A-4475008,Source1,CA,2022,0,0.17175426912917363,0,0,0
A-829523,Source2,CA,2021,0,0.06063942190698472,0,0,0
A-2704425,Source2,TX,2018,1,0.4800551485809141,1,0,0
A-6108663,Source1,TX,,0,0.09127330881278325,0,0,0
A-1324032,Source2,TX,2020,0,0.07925265540230708,0,0,0
A-5492009,Source1,CA,2021,0,0.19084255657757895,1,0,1
A-673529,Source2,TX,2022,0,0.15303008717731595,0,0,0
A-2160833,Source2,CA,2019,1,0.08263051392934104,0,1,0
A-1794521,Source2,TX,2019,1,0.3640820968990871,1,0,0
A-3544448,Source1,CA,2016,0,0.3857837578116111,1,0,1
A-3608598,Source1,CA,2017,0,0.28653967124519175,1,0,1
A-456039,Source2,CA,2017,0,0.13743993526093046,0,0,0
A-1527739,Source2,TX,2020,1,0.267649276009605,1,0,0
A-3919205,Source1,TX,,0,0.0483951498185866,0,0,0
A-3565100,Source1,CA,2017,0,0.2426789968017335,1,0,1
A-6872621,Source1,CA,2020,0,0.1137960102581976,0,0,0
A-402164,Source2,CA,2017,0,0.35489058460905953,1,0,1
A-1584276,Source2,CA,2020,0,0.04074410548560867,0,0,0
A-5975616,Source1,TX,2021,0,0.21928733989426452,1,0,1
A-47559,Source2,CA,2016,0,0.1670505430837048,0,0,0
A-1064287,Source2,TX,2021,1,0.2624767595174424,1,0,0
A-6988001,Source1,CA,2020,0,0.1010233361668857,0,0,0
A-2423159,Source2,TX,2018,0,0.07790021945624766,0,0,0
A-334112,Source2,TX,2017,0,0.35208621116226807,1,0,1
A-6617512,Source1,CA,2020,0,0.2649121559810177,1,0,1
A-4091984,Source1,CA,2022,0,0.07154232432639553,0,0,0
A-4784815,Source1,CA,2023,0,0.2843754975484537,1,0,1
A-5108923,Source1,CA,2022,0,0.1433115621013603,0,0,0
A-6627183,Source1,TX,2020,0,0.3230067204599433,1,0,1
A-6848478,Source1,CA,2020,0,0.09935747114121701,0,0,0
A-2615995,Source2,CA,2018,1,0.4018038445489912,1,0,0
A-6881511,Source1,TX,,0,0.0417364419902698,0,0,0
A-3622173,Source1,CA,2017,0,0.39784511301388187,1,0,1
A-4833395,Source1,CA,2022,0,0.06463252154046377,0,0,0
A-1175502,Source2,CA,2021,0,0.08301671909736161,0,0,0
A-6646238,Source1,CA,2020,0,0.2490229243995084,1,0,1
A-3721876,Source1,CA,2022,0,0.3645260242215174,1,0,1
A-4961193,Source1,CA,2022,0,0.07434836231027646,0,0,0
A-4008669,Source1,CA,2022,0,0.09803343367691084,0,0,0
A-5963864,Source1,CA,2021,0,0.10847930807364914,0,0,0
A-5851259,Source1,TX,2021,0,0.1026663480662005,0,0,0
A-396959,Source2,CA,2017,0,0.269685605682385,1,0,1
A-5282733,Source1,TX,2022,0,0.09368993572266314,0,0,0
A-4289935,Source1,CA,,0,0.021185015332616988,0,0,0
A-3234471,Source2,CA,2017,1,0.45282995425634187,1,0,0
A-6520354,Source1,CA,2021,0,0.05348052376281374,0,0,0
A-5690019,Source1,CA,2021,0,0.06989293340653498,0,0,0
A-6159463,Source1,CA,2021,0,0.13807580739136166,0,0,0
A-610840,Source2,CA,2022,1,0.11145957316455053,0,1,0
A-980104,Source2,CA,2021,0,0.15245211513470064,0,0,0
A-6011198,Source1,CA,,0,0.034335225894582926,0,0,0
A-6096212,Source1,CA,2021,0,0.0771422831848396,0,0,0
A-6944039,Source1,CA,2020,0,0.08090435821337842,0,0,0
A-16450,Source2,CA,2016,0,0.40426540163133245,1,0,1
A-6135263,Source1,CA,2021,0,0.030096465392807102,0,0,0
A-3950690,Source1,CA,2022,0,0.25326751057629926,1,0,1
A-3033244,Source2,TX,2018,0,0.34844067759176245,1,0,1
A-6279203,Source1,CA,,0,0.08451430838969379,0,0,0
A-3896574,Source1,CA,2022,0,0.10325032086235646,0,0,0
A-3953195,Source1,CA,2022,0,0.22005027483634546,1,0,1
A-2906023,Source2,TX,2018,0,0.2534736408610245,1,0,1
A-5433401,Source1,CA,,0,0.06522967622474143,0,0,0
A-5075250,Source1,CA,,0,0.04209928870574696,0,0,0
A-5610650,Source1,CA,2021,0,0.08714519783015627,0,0,0
A-929297,Source2,TX,2021,1,0.12801808086316743,0,1,0
A-1215127,Source2,CA,2020,1,0.05835980529056385,0,1,0
A-5522550,Source1,CA,,0,0.04955343708710465,0,0,0
A-7292771,Source1,CA,2019,0,0.06051340949008656,0,0,0
A-5487793,Source1,CA,,0,0.05745932461975249,0,0,0
A-5827094,Source1,TX,2021,0,0.23297057049951336,1,0,1
A-5207334,Source1,CA,2022,0,0.07640702989453531,0,0,0
A-4112362,Source1,CA,2023,0,0.1246466656577466,0,0,0
A-398582,Source2,CA,2017,0,0.2132704307190961,1,0,1
A-5078617,Source1,TX,2023,0,0.3001406640680937,1,0,1
A-4660846,Source1,CA,2022,0,0.054459865933167304,0,0,0
A-5130409,Source1,CA,,0,0.031124634934966238,0,0,0
A-4866942,Source1,CA,2022,0,0.1445893244042398,0,0,0
A-2318319,Source2,TX,2019,1,0.15757964592866763,0,1,0
A-2645870,Source2,TX,2018,0,0.053145181006291196,0,0,0
A-3422863,Source1,CA,2016,0,0.4290376532277135,1,0,1
A-3237220,Source2,CA,2017,1,0.3423397336317401,1,0,0
A-406795,Source2,CA,2017,0,0.34336842219493524,1,0,1
A-6073912,Source1,CA,2021,0,0.27326130450991226,1,0,1
A-7343364,Source1,CA,2019,0,0.0928627584804659,0,0,0
A-5234951,Source1,CA,,0,0.026661036848003417,0,0,0
A-4063129,Source1,CA,,0,0.12622368358596697,0,0,0
A-7155452,Source1,CA,2020,0,0.21209646112212002,1,0,1
A-7090456,Source1,CA,2020,0,0.20161592513023763,1,0,1
A-1926425,Source2,CA,2019,1,0.07474997652656651,0,1,0
A-1948532,Source2,CA,2019,0,0.2944145473765112,1,0,1
A-7061294,Source1,TX,2020,0,0.1864157983341001,1,0,1
A-5429949,Source1,CA,,0,0.08017497107501587,0,0,0
A-113390,Source2,CA,2016,0,0.31876791804057203,1,0,1
A-5300327,Source1,TX,2023,0,0.21185601692215275,1,0,1
A-3266027,Source2,CA,2017,0,0.3399563131436891,1,0,1
A-2894672,Source2,CA,2018,1,0.2868398396788908,1,0,0
A-2614384,Source2,TX,2018,0,0.16590131908394004,0,0,0
A-3718186,Source1,CA,2022,0,0.09170082008264828,0,0,0
A-6084732,Source1,CA,2021,0,0.19043410853971193,1,0,1
A-3427449,Source1,TX,2016,1,0.39378356464915937,1,0,0
A-4058415,Source1,CA,2023,0,0.2255108670165725,1,0,1
A-1606866,Source3,CA,2020,1,0.06341063466848079,0,1,0
A-3443662,Source1,TX,2016,0,0.33478772179640337,1,0,1
A-2134549,Source2,TX,2019,0,0.18180198973354697,0,0,0
A-5668487,Source1,TX,2021,0,0.14764496516381,0,0,0
A-3777472,Source1,CA,2023,0,0.04570611770332607,0,0,0
A-1286910,Source2,CA,2020,1,0.14552974465755497,0,1,0
A-2191508,Source2,CA,2019,0,0.056012269816687624,0,0,0
A-7284772,Source1,CA,2020,0,0.0508887464416482,0,0,0
A-1761849,Source3,CA,2019,0,0.08234467218166977,0,0,0
A-967,Source2,CA,2016,1,0.33520078998234704,1,0,0
A-11147,Source2,CA,2017,1,0.36950387871662443,1,0,0
A-7019970,Source1,CA,2020,0,0.14507185963920938,0,0,0
A-648940,Source2,TX,2022,0,0.35240789807972217,1,0,1
A-6889882,Source1,CA,2020,0,0.13955925090338966,0,0,0
A-7418558,Source1,CA,2019,0,0.09478155655203462,0,0,0
A-1986251,Source2,CA,2019,0,0.06748009559385111,0,0,0
A-5419420,Source1,CA,2022,0,0.16865973243796412,0,0,0
A-3968153,Source1,TX,2023,0,0.1543512942728789,0,0,0
A-3763980,Source1,CA,2022,0,0.14437060208727773,0,0,0
A-285422,Source2,TX,2016,0,0.42502793702089453,1,0,1
A-435764,Source2,TX,2017,1,0.3846700198417231,1,0,0
A-7561679,Source1,CA,2018,0,0.4365795313677987,1,0,1
A-4104358,Source1,CA,2022,0,0.0663459183267299,0,0,0
A-7334845,Source1,CA,2019,0,0.09869787094142798,0,0,0
A-4504843,Source1,CA,,0,0.056472115062996174,0,0,0
A-5902224,Source1,CA,2021,0,0.04617230106978933,0,0,0
A-6050488,Source1,TX,2021,0,0.3136635133318142,1,0,1
A-6399724,Source1,CA,2021,0,0.165789593563575,0,0,0
A-456774,Source2,CA,2017,0,0.3554513503229972,1,0,1
A-5889600,Source1,CA,2021,0,0.12259750119767188,0,0,0
A-6237327,Source1,CA,2021,0,0.2619540735963718,1,0,1
A-7475027,Source1,CA,2018,0,0.33909715857530387,1,0,1
A-6655775,Source1,CA,2020,0,0.10600483866899321,0,0,0
A-1640584,Source3,CA,2020,0,0.036175452670209454,0,0,0
A-4944787,Source1,CA,,0,0.052504846559297526,0,0,0
A-67483,Source2,CA,2016,0,0.3977839647147895,1,0,1
A-1565781,Source3,CA,2020,0,0.06528718591628084,0,0,0
A-5717636,Source1,CA,2021,0,0.06962898763661238,0,0,0
A-2314220,Source2,CA,2019,0,0.28664713434734523,1,0,1
A-1047679,Source2,CA,2021,0,0.09401586241640753,0,0,0
A-2741106,Source2,TX,2018,0,0.06300369419216859,0,0,0
A-3201802,Source2,TX,2017,0,0.3281667492932324,1,0,1
A-5852097,Source1,CA,2021,0,0.07732187337844945,0,0,0
A-386930,Source2,TX,2017,1,0.3487514812903874,1,0,0
A-5886373,Source1,CA,,0,0.044967004125522944,0,0,0
A-7484684,Source1,CA,2018,0,0.3228728817646416,1,0,1
A-4554149,Source1,CA,,0,0.06772978005646488,0,0,0
A-4950344,Source1,TX,,0,0.04032773757923682,0,0,0
A-2303011,Source2,CA,2019,1,0.27261457625561925,1,0,0
A-5632365,Source1,CA,2021,0,0.06409217300715252,0,0,0
A-83794,Source2,CA,2016,1,0.39939610910618123,1,0,0
A-561486,Source3,CA,2022,0,0.37587803517463886,1,0,1
A-4824751,Source1,CA,,0,0.18812284111067162,1,0,1
A-1401794,Source2,CA,2020,0,0.0663643160613123,0,0,0
A-2427068,Source2,CA,2018,0,0.32125801481344185,1,0,1
A-6948121,Source1,CA,2020,0,0.07582944071559632,0,0,0
A-4669321,Source1,TX,2022,0,0.1287950419038693,0,0,0
A-5943475,Source1,CA,2021,0,0.38387279125478013,1,0,1
A-3710452,Source1,CA,2022,0,0.3946882698349281,1,0,1
A-1722752,Source2,CA,2019,0,0.10781419135373757,0,0,0
A-2496593,Source2,CA,2018,0,0.3646423968865907,1,0,1
A-58191,Source2,CA,2016,0,0.2837730104678259,1,0,1
A-3589312,Source1,CA,2017,0,0.2911379497750393,1,0,1
A-3776166,Source1,TX,2022,0,0.26369399159047957,1,0,1
A-7205695,Source1,CA,2020,1,0.06790061136232292,0,1,0
A-4933255,Source1,CA,2022,1,0.28917673586316883,1,0,0
A-2235075,Source2,CA,2019,0,0.29244248468654765,1,0,1
A-7103264,Source1,CA,2020,0,0.38594632165330295,1,0,1
A-4195762,Source1,CA,,0,0.041552547531476976,0,0,0
A-1005815,Source2,TX,2021,1,0.09664604750746995,0,1,0
A-109739,Source2,CA,2016,1,0.38945272486319427,1,0,0
A-406406,Source2,CA,2017,0,0.3584583733789327,1,0,1
A-2473655,Source2,CA,2018,1,0.22692804334536074,1,0,0
A-6297490,Source1,TX,2021,0,0.20343099708552673,1,0,1
A-2315921,Source2,TX,2019,0,0.1863040356840476,1,0,1
A-5071434,Source1,CA,2022,0,0.08478573736109166,0,0,0
A-3302534,Source2,TX,2017,0,0.3869608569646703,1,0,1
A-2464631,Source2,CA,2018,0,0.4646259984013602,1,0,1
A-6874322,Source1,CA,2020,0,0.10566937227881719,0,0,0
A-879067,Source2,CA,2021,0,0.2931506813208206,1,0,1
A-6254520,Source1,CA,2021,0,0.25860242155792,1,0,1
A-7414170,Source1,CA,2019,0,0.10318667578465965,0,0,0
A-3588631,Source1,CA,2017,1,0.2775654993704023,1,0,0
A-3764851,Source1,CA,2022,0,0.11649820867976328,0,0,0
A-6516269,Source1,CA,2021,0,0.0822289734853778,0,0,0
A-5811863,Source1,CA,2021,0,0.04892959376417193,0,0,0
A-5847893,Source1,TX,,0,0.20494069511888208,1,0,1
A-3429191,Source1,TX,2017,1,0.14722671169751428,0,1,0
A-2129596,Source2,TX,2019,0,0.1869127592365772,1,0,1
A-1734593,Source3,CA,2019,1,0.10132204127613761,0,1,0
A-4766722,Source1,CA,2023,0,0.28734903192515826,1,0,1
A-971786,Source2,CA,2021,1,0.19715175732435847,1,0,0
A-2072137,Source2,CA,2019,0,0.15087244867309485,0,0,0
A-2223396,Source2,CA,2019,1,0.42522090801868906,1,0,0
A-451319,Source2,TX,2017,1,0.3456058198896425,1,0,0
A-6922951,Source1,CA,2020,0,0.12150097137310398,0,0,0
A-4203765,Source1,CA,2022,0,0.19156531561895168,1,0,1
A-978597,Source2,CA,2021,1,0.4010384531297088,1,0,0
A-4936360,Source1,CA,2022,0,0.14128380369235158,0,0,0
A-1963082,Source2,CA,2019,1,0.16178515834211882,0,1,0
A-7286033,Source1,CA,2019,0,0.09777934216095188,0,0,0
A-4077515,Source1,CA,,0,0.03180076383200672,0,0,0
A-2253750,Source3,CA,2019,1,0.29722226116533307,1,0,0
A-6183132,Source1,CA,2021,0,0.17030602648635568,0,0,0
A-5426006,Source1,CA,2022,0,0.034483359468508404,0,0,0
A-7487034,Source1,CA,2018,0,0.3414954031137508,1,0,1
A-950641,Source2,TX,2021,0,0.025435101786615677,0,0,0
A-2171672,Source2,CA,2019,0,0.057264010858573924,0,0,0
A-5395090,Source1,CA,2022,0,0.07528009591556262,0,0,0
A-6115147,Source1,TX,2021,0,0.139604557204482,0,0,0
A-339284,Source2,CA,2017,0,0.29680809321785145,1,0,1
A-4796306,Source1,CA,2022,0,0.18078830789284078,0,0,0
A-97477,Source2,CA,2016,0,0.38738677140417604,1,0,1
A-297265,Source2,TX,2016,0,0.11927209479497265,0,0,0
A-7643785,Source1,CA,2017,0,0.3447118834023331,1,0,1
A-24294,Source2,CA,2016,0,0.3205772160579571,1,0,1
A-7079260,Source1,CA,2020,0,0.06351248507941808,0,0,0
A-5526399,Source1,CA,,0,0.15578964305338958,0,0,0
A-5569095,Source1,CA,2021,0,0.03228957231583914,0,0,0
A-7478063,Source1,CA,2018,0,0.15311852773195778,1,0,1
A-4748915,Source1,CA,2022,0,0.09413296269156994,0,0,0
A-703249,Source2,CA,2022,1,0.08058658723783595,0,1,0
A-104992,Source2,CA,2016,1,0.2847766178522052,1,0,0
A-2018311,Source2,TX,2019,0,0.13994320196710447,0,0,0
A-391337,Source2,TX,2017,0,0.41568502433232213,1,0,1
A-3754160,Source1,CA,,0,0.0450436585912346,0,0,0
A-2798526,Source2,TX,2018,1,0.3527359663290011,1,0,0
A-1716567,Source2,TX,2019,0,0.04699522268318934,0,0,0
A-862956,Source3,CA,2021,0,0.1751466986415485,0,0,0
A-7039627,Source1,CA,2020,0,0.08163408124763834,0,0,0
A-3531229,Source1,CA,2017,0,0.2728905087487702,1,0,1
A-2391239,Source2,TX,2018,0,0.05045284175993718,0,0,0
A-7282966,Source1,CA,2020,0,0.10254479566650658,0,0,0
A-6182783,Source1,CA,2021,0,0.0331496185759567,0,0,0
A-113948,Source2,CA,2016,0,0.11301088492888178,0,0,0
A-6519400,Source1,CA,2021,0,0.06337706042734101,0,0,0
A-2222250,Source2,CA,2019,0,0.2683134409643223,1,0,1
A-7596956,Source1,CA,2018,1,0.35818654944657907,1,0,0
A-7062232,Source1,CA,2020,0,0.13834073728850166,0,0,0
A-2750723,Source2,TX,2018,1,0.3277159462614173,1,0,0
A-6843562,Source1,CA,2020,0,0.08206363399282,0,0,0
A-4199531,Source1,CA,2022,0,0.07648201931917684,0,0,0
A-394766,Source2,TX,2017,1,0.3620916061115986,1,0,0
A-3167244,Source2,CA,2017,0,0.4170403498756313,1,0,1
A-6361510,Source1,CA,2021,0,0.103579319352509,0,0,0
A-7659749,Source1,CA,2017,0,0.39449661298157573,1,0,1
A-7063585,Source1,CA,2020,0,0.3483104532679107,1,0,1
A-3668424,Source1,TX,,0,0.07885629867369108,0,0,0
A-60773,Source2,CA,2017,1,0.04767883309100844,0,1,0
A-6938914,Source1,CA,2020,0,0.05191158513434889,0,0,0
A-111331,Source2,CA,2016,0,0.4783321559004013,1,0,1
A-2974927,Source2,CA,2018,0,0.33819068608830055,1,0,1
A-7029606,Source1,CA,2020,0,0.16077704190194952,0,0,0
A-6134097,Source1,CA,2021,0,0.301497017350081,1,0,1
A-1991979,Source2,CA,2019,1,0.3948349239236203,1,0,0
A-4645188,Source1,CA,2022,0,0.05082889375646421,0,0,0
A-3612130,Source1,TX,2017,0,0.40476625655646153,1,0,1
A-5890168,Source1,CA,2021,0,0.19938182071702887,1,0,1
A-4889611,Source1,CA,2022,0,0.14768442538523902,0,0,0
A-6389259,Source1,CA,2021,0,0.0661149075759154,0,0,0
A-7117149,Source1,CA,2020,0,0.0448562950045172,0,0,0
A-4543754,Source1,CA,,0,0.033077618000732535,0,0,0
A-2923372,Source2,TX,2018,1,0.24580615239692652,1,0,0
A-2571237,Source2,CA,2018,0,0.4256898050089964,1,0,1
A-11071,Source2,CA,2017,1,0.2854987086471221,1,0,0
A-1210984,Source2,CA,2020,0,0.061228198359032614,0,0,0
A-6424503,Source1,CA,2021,0,0.1316909964019565,0,0,0
A-5989953,Source1,CA,2021,0,0.08828335087319247,0,0,0
A-7277799,Source1,CA,2020,0,0.28300481901696733,1,0,1
A-6951661,Source1,TX,2020,0,0.07945990723100063,0,0,0
A-4905099,Source1,CA,,0,0.16902881958489374,1,0,1
A-2525110,Source2,TX,2018,0,0.06560909111052823,0,0,0
A-1948411,Source2,CA,2019,1,0.2126389547889717,1,0,0
A-4313424,Source1,CA,2022,0,0.0970836049662298,0,0,0
A-3872559,Source1,CA,,0,0.03374977501839591,0,0,0
A-3147222,Source2,TX,2017,0,0.39471301527022473,1,0,1
A-2425584,Source2,TX,2018,0,0.3105767326720142,1,0,1
A-6124127,Source1,CA,,0,0.04554313701467762,0,0,0
A-4628975,Source1,CA,2022,0,0.14452204238839947,0,0,0
A-3931388,Source1,CA,2022,0,0.22391848775230735,1,0,1
A-1973507,Source2,CA,2019,0,0.062425376293131496,0,0,0
A-2104624,Source2,CA,2019,0,0.08130609119692846,0,0,0
A-298895,Source2,TX,2016,0,0.3270586984805885,1,0,1
A-114001,Source2,CA,2016,0,0.27041772983810813,1,0,1
A-1245809,Source2,CA,2020,0,0.04230022893531732,0,0,0
A-2849686,Source2,CA,2018,0,0.24504996344990845,1,0,1
A-2722224,Source2,CA,2018,0,0.3329442996719938,1,0,1
A-3555095,Source1,CA,2016,0,0.4041798292528023,1,0,1
A-5375120,Source1,CA,2022,0,0.04558570255623769,0,0,0
A-7328681,Source1,CA,2019,0,0.23746501197636732,1,0,1
A-30508,Source2,CA,2016,0,0.31197253317436857,1,0,1
A-7646301,Source1,CA,2017,0,0.281843753256125,1,0,1
A-5767381,Source1,TX,2021,0,0.21815775261762482,1,0,1
A-947899,Source2,CA,2021,0,0.22368172208157064,1,0,1
A-4719374,Source1,CA,,0,0.14262480349320966,0,0,0
A-402938,Source2,CA,2017,1,0.07567104998269504,0,1,0
A-3156443,Source2,TX,2017,1,0.19346032047789122,1,0,0
A-6943797,Source1,CA,2020,0,0.12471697442812901,0,0,0
A-4446973,Source1,CA,2022,0,0.2863257294502685,1,0,1
A-489815,Source2,TX,2017,0,0.34929062442265274,1,0,1
A-4659025,Source1,CA,2022,0,0.1566693410079908,0,0,0
A-94975,Source2,CA,2016,0,0.445666313424511,1,0,1
A-2963323,Source2,TX,2018,1,0.17454580708396472,1,0,0
A-5500420,Source1,TX,2021,0,0.20030484873028903,1,0,1
A-968494,Source2,CA,2021,0,0.11080537275150386,0,0,0
A-6242463,Source1,CA,2021,0,0.22351173578356476,1,0,1
A-6774340,Source1,CA,2020,0,0.10421020879617757,0,0,0
A-5498862,Source1,CA,,0,0.03915171914800545,0,0,0
A-2048570,Source2,CA,2019,1,0.1709206781522399,0,1,0
A-6156608,Source1,CA,2021,0,0.2642206533843655,1,0,1
A-819224,Source2,CA,2021,0,0.06411554672614747,0,0,0
A-2857819,Source2,CA,2018,1,0.37714554015684854,1,0,0
A-4084208,Source1,TX,2022,0,0.12250347524247655,0,0,0
A-3000110,Source2,CA,2018,0,0.36447544952414235,1,0,1
A-7093058,Source1,CA,2020,0,0.1579677919038997,0,0,0
A-3231138,Source2,CA,2017,1,0.13010825759097322,0,1,0
A-1532418,Source2,TX,2020,0,0.06072110087322245,0,0,0
A-6266082,Source1,CA,2021,0,0.1785588133756914,0,0,0
A-4554956,Source1,CA,,0,0.12464101301329873,0,0,0
A-3870729,Source1,CA,,0,0.10128213053426585,0,0,0
A-6249250,Source1,CA,2021,0,0.05282140108960167,0,0,0
A-437649,Source2,CA,2017,1,0.2531380245922784,1,0,0
A-31206,Source2,CA,2016,0,0.3210539824987816,1,0,1
A-4217809,Source1,TX,,0,0.02753335703079316,0,0,0
A-653282,Source2,CA,2022,0,0.05277109624081726,0,0,0
A-6670056,Source1,TX,,0,0.06351816603889757,0,0,0
A-2441322,Source2,CA,2018,0,0.4059186854917455,1,0,1
A-3154403,Source2,TX,2017,0,0.06646708303347901,0,0,0
A-3569752,Source1,TX,2017,0,0.4257649955299752,1,0,1
A-3664719,Source1,CA,,0,0.15578964305338958,0,0,0
A-627090,Source3,CA,2022,0,0.08702520822042137,0,0,0
A-6730851,Source1,CA,2020,0,0.048688908750018536,0,0,0
A-4769468,Source1,CA,2022,0,0.06960593809384932,0,0,0
A-4466247,Source1,CA,2022,0,0.15194587938552803,0,0,0
A-7334136,Source1,CA,2019,0,0.15005314586299862,0,0,0
A-4762646,Source1,CA,2022,0,0.08635515619226979,0,0,0
A-4588210,Source1,CA,,0,0.15578964305338958,0,0,0
A-496968,Source2,CA,2017,1,0.4284640084204813,1,0,0
A-4505600,Source1,TX,,0,0.030967526491997847,0,0,0
A-7346740,Source1,CA,2019,0,0.09543618551644426,0,0,0
A-5717444,Source1,TX,2021,0,0.13135765095817914,0,0,0
A-4187086,Source1,CA,,0,0.02763787297936949,0,0,0
A-5957228,Source1,TX,2021,0,0.13971478266437903,0,0,0
A-7570560,Source1,TX,2018,0,0.25551537323349993,1,0,1
A-5132147,Source1,TX,,0,0.08951988186844942,0,0,0
A-6290817,Source1,CA,2021,0,0.22700988569037647,1,0,1
A-7325542,Source1,CA,2019,0,0.1858066580716053,1,0,1
A-7206945,Source1,CA,2020,0,0.31022549420621925,1,0,1
A-1828497,Source2,TX,2019,0,0.026850015515542246,0,0,0
A-6912872,Source1,CA,2020,0,0.2061755090645995,1,0,1
A-6430890,Source1,CA,,0,0.15945705733376234,0,0,0
A-4365359,Source1,CA,,0,0.06015679817402754,0,0,0
A-4276577,Source1,CA,2022,0,0.14569414416141427,0,0,0
A-1413086,Source2,CA,2020,0,0.33705761650395355,1,0,1
A-7641225,Source1,CA,2017,0,0.2730818532834761,1,0,1
A-33726,Source2,CA,2016,0,0.22917420564720503,1,0,1
A-462432,Source2,CA,2017,1,0.19318075023497988,1,0,0
A-5021196,Source1,CA,,0,0.047698982621952615,0,0,0
A-5483565,Source1,CA,2021,0,0.13110710903637776,0,0,0
A-2169559,Source2,CA,2019,0,0.08244949328343984,0,0,0
A-6181218,Source1,CA,2021,0,0.14187519888327738,0,0,0
A-1108414,Source2,TX,2021,0,0.13664670212398528,0,0,0
A-2932559,Source2,CA,2018,0,0.2946433848643669,1,0,1
A-7023287,Source1,CA,2020,0,0.39528625959985486,1,0,1
A-4300932,Source1,CA,2022,0,0.16121744931919132,0,0,0
A-1141025,Source2,TX,2021,1,0.14477654540597218,0,1,0
A-6155019,Source1,CA,2021,0,0.27569998145046076,1,0,1
A-1633539,Source2,TX,2020,0,0.0318940945630516,0,0,0
A-5102552,Source1,CA,2022,0,0.26101439260361947,1,0,1
A-3805318,Source1,TX,2023,0,0.22473161739418895,1,0,1
A-274176,Source2,TX,2016,0,0.17743232036201811,1,0,1
A-2951124,Source2,CA,2018,0,0.09747951916357143,0,0,0
A-5388121,Source1,CA,,0,0.047963132470006845,0,0,0
A-2414348,Source2,TX,2018,0,0.18035658263221138,0,0,0
A-3214725,Source2,TX,2017,0,0.13181186811305098,0,0,0
A-1080660,Source2,CA,2021,0,0.17933365885158536,0,0,0
A-6952200,Source1,CA,2020,0,0.05186447642009824,0,0,0
A-5635662,Source1,CA,,0,0.05382384823868268,0,0,0
A-3293998,Source3,CA,2017,0,0.04104565876233446,0,0,0
A-7513014,Source1,CA,2018,0,0.15039333766449106,0,0,0
A-560897,Source3,TX,2022,0,0.23236229951884738,1,0,1
A-4216616,Source1,CA,2022,0,0.06356194750912707,0,0,0
A-818785,Source3,CA,2021,0,0.05286600995514203,0,0,0
A-3804952,Source1,TX,2023,0,0.041714067720053004,0,0,0
A-6089334,Source1,CA,2021,0,0.22289943591932512,1,0,1
A-7425057,Source1,CA,2019,0,0.25843395382802337,1,0,1
A-5238363,Source1,CA,2022,0,0.2689144181589497,1,0,1
A-4224756,Source1,TX,2022,0,0.13849712922320154,0,0,0
A-2378433,Source2,TX,2018,0,0.039818302530008176,0,0,0
A-3543174,Source1,CA,2016,0,0.39077265357506336,1,0,1
A-4747341,Source1,CA,2022,0,0.29123216049753065,1,0,1
A-5547858,Source1,CA,2021,0,0.1093571944126073,0,0,0
A-3406266,Source2,TX,2017,0,0.193904191923181,1,0,1
A-7386385,Source1,CA,2019,0,0.3270515888718154,1,0,1
A-348072,Source2,CA,2017,1,0.35261829528307276,1,0,0
A-3430657,Source1,TX,2016,0,0.3389022675987204,1,0,1
A-1422960,Source2,CA,2020,0,0.1321491428057923,0,0,0
A-4765789,Source1,CA,,0,0.04239775946700484,0,0,0
A-7681483,Source1,CA,2017,0,0.3948080798182815,1,0,1
A-7721159,Source1,CA,2019,0,0.1916192408977794,1,0,1
A-3586911,Source1,CA,2017,1,0.3898316941573102,1,0,0
A-2870261,Source2,TX,2018,0,0.09185416854918632,0,0,0
A-6335841,Source1,TX,2021,0,0.06439872428859045,0,0,0
A-2474978,Source2,CA,2018,0,0.4526084126951172,1,0,1
A-6131044,Source1,CA,2021,0,0.05978890332634636,0,0,0
A-817823,Source2,CA,2021,0,0.03230311137913882,0,0,0
A-4719669,Source1,CA,,0,0.24359176848705283,1,0,1
A-2071604,Source2,TX,2019,1,0.19787865332197657,1,0,0
A-4738477,Source1,CA,2022,0,0.24969671596338303,1,0,1
A-3886586,Source1,CA,2022,0,0.23920539086003495,1,0,1
A-3113744,Source2,TX,2017,0,0.04942842314089642,0,0,0
A-2278347,Source2,CA,2019,0,0.2192047195833821,1,0,1
A-7273061,Source1,CA,2020,0,0.25237751447526696,1,0,1
A-6613731,Source1,CA,2020,0,0.06855038925441076,0,0,0
A-7631753,Source1,CA,2018,0,0.31872283591350686,1,0,1
A-42286,Source2,CA,2016,0,0.39340182795753526,1,0,1
A-4427659,Source1,CA,2022,0,0.14579677617532602,0,0,0
A-7338911,Source1,CA,2019,0,0.08532720579042244,0,0,0
A-7011552,Source1,CA,2020,0,0.08167113767380221,0,0,0
A-1164634,Source2,CA,2021,0,0.044945955315253854,0,0,0
A-6606226,Source1,TX,2020,0,0.18723630165716362,1,0,1
A-3419622,Source1,CA,2016,0,0.3395064388085274,1,0,1
A-3525814,Source1,CA,2016,0,0.27903440633485044,1,0,1
A-4174434,Source1,CA,2022,0,0.08268938788433475,0,0,0
A-5059310,Source1,TX,2022,0,0.0689075709678855,0,0,0
A-2904070,Source2,CA,2018,0,0.4521690454641624,1,0,1
A-2412356,Source2,TX,2018,0,0.22558272727189035,1,0,1
A-6916551,Source1,CA,2020,0,0.09292696283045516,0,0,0
A-5684029,Source1,CA,2021,0,0.30617094678156664,1,0,1
A-6785107,Source1,CA,2020,0,0.033945777795950066,0,0,0
A-6934694,Source1,CA,2020,0,0.03866124842948867,0,0,0
A-4738796,Source1,CA,2022,0,0.03364328715113202,0,0,0
A-1282556,Source2,CA,2020,0,0.06915258376560023,0,0,0
A-1844241,Source2,CA,2019,0,0.17858550234971243,1,0,1
A-433071,Source2,TX,2017,0,0.3629947218309274,1,0,1
A-6675963,Source1,CA,2020,0,0.07434077697088692,0,0,0
A-3192814,Source2,CA,2017,0,0.1748581703061553,0,0,0
A-2773665,Source2,CA,2018,0,0.23034280109678656,1,0,1
A-3636593,Source1,CA,2017,0,0.3769972743472911,1,0,1
A-2640946,Source2,CA,2018,0,0.43191394094128643,1,0,1
A-6057849,Source1,TX,2021,0,0.3319722182761256,1,0,1
A-1841093,Source2,CA,2019,1,0.06981124452166956,0,1,0
A-6705581,Source1,CA,2020,0,0.03999218401941227,0,0,0
A-2577955,Source3,CA,2018,1,0.44185566793664754,1,0,0
A-531699,Source2,TX,2022,1,0.3799870949177435,1,0,0
A-5043288,Source1,CA,2022,0,0.1048663691859989,0,0,0
A-22638,Source2,CA,2016,0,0.32730745944911754,1,0,1
A-1173849,Source2,CA,2021,1,0.277048804145439,1,0,0
A-4084000,Source1,CA,2022,0,0.25843395382802337,1,0,1
A-3752132,Source1,CA,2022,0,0.0842052333639519,0,0,0
A-5592419,Source1,CA,2021,0,0.13963718464934655,0,0,0
A-1761145,Source2,TX,2019,1,0.06177876257367224,0,1,0
A-7551470,Source1,CA,2018,1,0.3532062994471882,1,0,0
A-5602061,Source1,CA,2021,0,0.16116606340823986,0,0,0
A-1073665,Source2,CA,2021,0,0.24624993411547544,1,0,1
A-6616103,Source1,CA,2020,0,0.1348976736423218,0,0,0
A-6654096,Source1,CA,2020,0,0.0475806656085589,0,0,0
A-1624632,Source2,TX,2020,1,0.09723937932712409,0,1,0
A-7118458,Source1,CA,2020,0,0.06713800607041327,0,0,0
A-4754259,Source1,TX,,0,0.09654064774386409,0,0,0
A-1741785,Source2,CA,2019,0,0.033603511310316976,0,0,0
A-6878262,Source1,CA,2020,0,0.053071664072009826,0,0,0
A-2499053,Source2,TX,2018,0,0.16592474717344274,0,0,0
A-2486732,Source2,TX,2018,0,0.3263545765292765,1,0,1
A-460824,Source2,CA,2017,1,0.4007794594018613,1,0,0
A-4882896,Source1,CA,,1,0.02880218206753483,0,1,0
A-5268516,Source1,CA,2022,0,0.2228045360860496,1,0,1
A-2050624,Source2,CA,2019,0,0.2209786764064539,1,0,1
A-829742,Source2,TX,2021,0,0.06318996637128073,0,0,0
A-5406462,Source1,CA,,0,0.042967304210237325,0,0,0
A-5146798,Source1,CA,2022,0,0.07073370257559233,0,0,0
A-5344404,Source1,CA,2021,0,0.031166408785131338,0,0,0
A-1416173,Source2,CA,2020,1,0.12049140750157745,0,1,0
A-2067639,Source2,TX,2019,1,0.2426777412077019,1,0,0
A-1272220,Source2,CA,2020,0,0.07243478623963694,0,0,0
A-1725568,Source3,CA,2019,1,0.06219843009448846,0,1,0
A-54133,Source2,CA,2016,0,0.28586167712767135,1,0,1
A-5143896,Source1,CA,,0,0.044692415983298484,0,0,0
A-430387,Source2,TX,2017,1,0.3369752004884805,1,0,0
A-1106792,Source2,TX,2021,0,0.06173557641798,0,0,0
A-2674472,Source2,CA,2018,0,0.37300728452248505,1,0,1
A-5496855,Source1,CA,2021,0,0.11230364465454175,0,0,0
A-7086710,Source1,CA,2020,0,0.28458870129041836,1,0,1
A-7001930,Source1,CA,2020,0,0.08677380475257908,0,0,0
A-7076482,Source1,CA,2020,0,0.060934559219919235,0,0,0
A-1212364,Source2,CA,2020,0,0.06857136409041395,0,0,0
A-2960874,Source2,CA,2018,0,0.25070056196258045,1,0,1
A-5732406,Source1,CA,,0,0.188708118727073,1,0,1
A-4173713,Source1,CA,2022,0,0.06274314160748085,0,0,0
A-457095,Source2,CA,2017,0,0.22973276640339035,1,0,1
A-4913157,Source1,CA,,0,0.04224000998642187,0,0,0
A-5255422,Source1,TX,2022,0,0.07428867477376733,0,0,0
A-2640963,Source2,CA,2018,0,0.18835924780287777,1,0,1
A-4793712,Source1,CA,2022,0,0.05691481090270034,0,0,0
A-6960606,Source1,CA,2020,0,0.29301472458177996,1,0,1
A-285722,Source2,TX,2016,0,0.37765199483736606,1,0,1
A-3638347,Source1,CA,2017,0,0.197326698664599,1,0,1
A-6009983,Source1,CA,,0,0.15020325267551887,0,0,0
A-5568191,Source1,TX,2021,0,0.17030123990467813,0,0,0
A-7344701,Source1,CA,2019,0,0.044050709346616604,0,0,0
A-7397677,Source1,CA,2019,0,0.08451183739115223,0,0,0
A-1925867,Source2,TX,2019,0,0.20206412475573923,1,0,1
A-7166981,Source1,CA,2020,0,0.09706106137653207,0,0,0
A-6064919,Source1,CA,,0,0.08182668005151851,0,0,0
A-2314345,Source2,CA,2019,0,0.31771181165624485,1,0,1
A-2332439,Source2,CA,2019,1,0.3243860218646095,1,0,0
A-997281,Source2,CA,2021,0,0.1546535784324496,0,0,0
A-7254036,Source1,CA,2020,0,0.05105264206627608,0,0,0
A-53147,Source2,CA,2016,0,0.27897565838885374,1,0,1
A-1694476,Source2,TX,2019,1,0.07123333715225064,0,1,0
A-718284,Source2,TX,2022,0,0.0535907529723587,0,0,0
A-6797774,Source1,CA,2020,0,0.05889999913341171,0,0,0
A-6403840,Source1,CA,2021,0,0.040133814091993084,0,0,0
A-3406905,Source2,CA,2017,0,0.1860196460532067,1,0,1
A-3365286,Source2,CA,2017,1,0.10179821665680033,0,1,0
A-1393243,Source2,CA,2020,0,0.08540989486426384,0,0,0
A-7337361,Source1,CA,2019,0,0.25232546246151655,1,0,1
A-6449754,Source1,TX,,0,0.07126169116190488,0,0,0
A-4110493,Source1,CA,2022,0,0.1316642290226635,0,0,0
A-7602088,Source1,CA,2018,1,0.2332790154435441,1,0,0
A-435158,Source2,TX,2017,0,0.22483669289419791,1,0,1
A-306717,Source2,TX,2016,0,0.4629312597440052,1,0,1
A-2782132,Source2,CA,2018,1,0.2594905723559457,1,0,0
A-6931515,Source1,CA,2020,0,0.10971373288574326,0,0,0
A-5570597,Source1,CA,2021,0,0.07053424980207466,0,0,0
A-3436327,Source1,TX,2016,1,0.3234296195146427,1,0,0
A-4217566,Source1,CA,,0,0.03582546469417068,0,0,0
A-6941432,Source1,CA,2020,0,0.05345782934117861,0,0,0
A-456448,Source2,CA,2017,0,0.20912198448414196,1,0,1
A-3672788,Source1,CA,2023,0,0.1331398543763261,0,0,0
A-7264471,Source1,CA,2020,0,0.04918579058124003,0,0,0
A-268412,Source2,TX,2017,0,0.1971083288297832,1,0,1
A-350524,Source2,CA,2017,0,0.09961197273311195,0,0,0
A-3568322,Source1,TX,2017,1,0.38058121220736474,1,0,0
A-7225682,Source1,CA,2020,0,0.14035432641586215,0,0,0
A-7264028,Source1,CA,2020,0,0.04939710884564259,0,0,0
A-7203642,Source1,CA,2020,0,0.05762803926282577,0,0,0
A-4182016,Source1,CA,2022,0,0.04932746210929926,0,0,0
A-4303822,Source1,CA,,0,0.05101603068911644,0,0,0
A-6358797,Source1,CA,2021,0,0.14579608158403295,0,0,0
A-6518864,Source1,TX,2021,0,0.1794192214271765,0,0,0
A-3808983,Source1,CA,2022,0,0.39183484185523443,1,0,1
A-5941247,Source1,CA,2021,0,0.278483350582402,1,0,1
A-3765124,Source1,TX,2022,0,0.18412095842204357,1,0,1
A-3540966,Source1,CA,2016,0,0.07414470363601111,0,0,0
A-3140184,Source2,CA,2017,0,0.3336967119444452,1,0,1
A-7724836,Source1,CA,2019,0,0.351984014598177,1,0,1
A-764915,Source2,TX,2021,1,0.35056952319959434,1,0,0
A-399312,Source2,CA,2017,1,0.3861379761958109,1,0,0
A-339187,Source2,CA,2017,0,0.10830302328832035,0,0,0
A-1113939,Source2,CA,2021,0,0.09553693346073394,0,0,0
A-7569481,Source1,TX,2018,0,0.24624993411547544,1,0,1
A-3438302,Source1,TX,2016,0,0.3900904125179957,1,0,1
A-6999300,Source1,CA,2020,0,0.06475814661764616,0,0,0
A-4311407,Source1,TX,2022,0,0.07228692673816925,0,0,0
A-5855899,Source1,CA,2021,0,0.2902342637907529,1,0,1
A-1072227,Source3,CA,2021,0,0.15275595102663125,0,0,0
A-7019218,Source1,TX,2020,1,0.16606444389680325,0,1,0
A-6332853,Source1,TX,2021,0,0.2783134362874654,1,0,1
A-2715797,Source2,TX,2018,0,0.12772822746042128,0,0,0
A-5995880,Source1,CA,,0,0.06733129573498735,0,0,0
A-6401867,Source1,CA,2021,0,0.14778837476531703,0,0,0
A-6054228,Source1,TX,2021,0,0.1744394074458753,0,0,0
A-5965037,Source1,CA,2021,0,0.21719636945718176,1,0,1
A-4187981,Source1,CA,,0,0.04062638172899635,0,0,0
A-3421116,Source1,CA,2016,0,0.4374437390015369,1,0,1
A-4470611,Source1,TX,2022,0,0.12832102946060872,0,0,0
A-2212994,Source2,TX,2019,0,0.3253218695271752,1,0,1
A-1936726,Source2,CA,2019,0,0.15590478414184575,0,0,0
A-6623201,Source1,CA,2020,0,0.04674897461238912,0,0,0
A-2928133,Source2,CA,2018,1,0.320104965849659,1,0,0
A-776937,Source2,CA,2021,0,0.02642522744479406,0,0,0
A-6935260,Source1,CA,2020,0,0.058285380862778104,0,0,0
A-2472646,Source2,TX,2018,0,0.02944351109723407,0,0,0
A-1727351,Source2,TX,2019,0,0.06771910274979384,0,0,0
A-4588269,Source1,TX,,0,0.04637082656762022,0,0,0
A-1298677,Source2,CA,2020,0,0.08533698075383704,0,0,0
A-1325133,Source2,CA,2020,1,0.16617526838003324,0,1,0
A-7218876,Source1,CA,2020,0,0.07338164926179172,0,0,0
A-391771,Source2,TX,2017,0,0.16456111519819147,0,0,0
A-76935,Source2,CA,2016,0,0.3478323207733406,1,0,1
A-346061,Source2,CA,2017,1,0.2713114350936769,1,0,0
A-3358694,Source2,CA,2017,0,0.39400585018328693,1,0,1
A-7380835,Source1,CA,2019,0,0.08137587766816531,0,0,0
A-2312247,Source2,CA,2019,0,0.08152024652051804,0,0,0
A-4427851,Source1,CA,2022,0,0.1048624236042089,0,0,0
A-3609306,Source1,CA,2017,0,0.33737416550166477,1,0,1
A-7410022,Source1,CA,2019,0,0.3043056377538916,1,0,1
A-2496521,Source2,CA,2018,1,0.3098219788008505,1,0,0
A-3775920,Source1,CA,2022,0,0.14570349958439122,0,0,0
A-715726,Source2,CA,2022,1,0.07771638086595185,0,1,0
A-2690822,Source2,TX,2018,0,0.231919733148787,1,0,1
A-6281019,Source1,CA,,0,0.14228976438257207,0,0,0
A-2933810,Source2,CA,2018,1,0.31048860694229463,1,0,0
A-275287,Source2,TX,2016,0,0.09276453114749081,0,0,0
A-6346338,Source1,TX,2021,0,0.11390488858173327,0,0,0
A-1836599,Source2,TX,2019,0,0.07321631118500391,0,0,0
A-263888,Source2,TX,2016,1,0.2800362697733014,1,0,0
A-6393033,Source1,CA,2021,0,0.2889147002368849,1,0,1
A-7201514,Source1,CA,2020,0,0.32996896778515555,1,0,1
A-1270325,Source2,CA,2020,0,0.10010973703789397,0,0,0
A-2411507,Source2,TX,2018,0,0.17710326550991667,0,0,0
A-1885210,Source2,TX,2019,0,0.16189576521139543,0,0,0
A-640090,Source2,CA,2022,1,0.15323740450666845,0,1,0
A-4980128,Source1,CA,,0,0.14361712176651245,0,0,0
A-451502,Source2,TX,2017,0,0.4647519120782536,1,0,1
A-4699390,Source1,TX,,0,0.061954579412800956,0,0,0
A-4581091,Source1,CA,,0,0.07606524252530751,0,0,0
A-2486849,Source2,TX,2018,0,0.12518617883641553,0,0,0
A-7355414,Source1,CA,2019,0,0.025555364421861775,0,0,0
A-1690201,Source2,CA,2019,1,0.10556274375697253,0,1,0
A-6653200,Source1,CA,2020,0,0.21588665421091263,1,0,1
A-7279285,Source1,CA,2020,0,0.08627849582968235,0,0,0
A-6461040,Source1,CA,2021,0,0.16968075898128995,0,0,0
A-5052707,Source1,CA,2022,0,0.1553205874088639,0,0,0
A-5447649,Source1,CA,2022,0,0.24904119537766212,1,0,1
A-3691344,Source1,CA,2023,0,0.18599309879241382,1,0,1
A-6101961,Source1,TX,,0,0.08724468191395249,0,0,0
A-5853573,Source1,CA,2021,0,0.16015474812998381,0,0,0
A-1941684,Source2,CA,2019,0,0.11906111227572676,0,0,0
A-7289822,Source1,CA,2019,0,0.033584346363623445,0,0,0
A-4625604,Source1,CA,,0,0.04084227009915432,0,0,0
A-3328141,Source2,CA,2017,0,0.28237869322455433,1,0,1
A-7246519,Source1,CA,2020,0,0.07313627486973465,0,0,0
A-2997565,Source2,CA,2018,0,0.1724811892556654,0,0,0
A-6298766,Source1,CA,2021,0,0.04719728914064988,0,0,0
A-6309472,Source1,TX,2021,0,0.18445146995080436,1,0,1
A-6183321,Source1,CA,2021,0,0.050195102976821074,0,0,0
A-5141794,Source1,CA,,0,0.025276509680724462,0,0,0
A-1915960,Source3,CA,2019,1,0.08541478998684315,0,1,0
A-2988677,Source2,CA,2018,0,0.4139881174895702,1,0,1
A-286399,Source2,TX,2016,0,0.34399324020792255,1,0,1
A-5742321,Source1,CA,2021,0,0.296701422625563,1,0,1
A-3946006,Source1,CA,2022,0,0.35641839497795924,1,0,1
A-6649165,Source1,CA,2020,0,0.04018871448615818,0,0,0
A-3904302,Source1,CA,,0,0.0522703626600919,0,0,0
A-2402177,Source2,TX,2018,1,0.3914805187027687,1,0,0
A-2607079,Source2,CA,2018,0,0.2682478580921963,1,0,1
A-5456907,Source1,CA,2022,0,0.2294772599294325,1,0,1
A-6987933,Source1,CA,2020,0,0.11867201986452033,0,0,0
A-2242985,Source2,CA,2019,0,0.0871451580048965,0,0,0
A-3273481,Source2,CA,2017,1,0.3759913454825892,1,0,0
A-2743242,Source2,TX,2018,0,0.14734748528191383,0,0,0
A-4028816,Source1,CA,2022,0,0.10690079442813268,0,0,0
A-704248,Source2,TX,2022,0,0.2510588929796228,1,0,1
A-3717737,Source1,CA,2022,0,0.12329131847782511,0,0,0
A-621932,Source2,CA,2022,1,0.07517160077636804,0,1,0
A-1089014,Source2,TX,2021,0,0.039204244004566444,0,0,0
A-3971757,Source1,CA,2022,0,0.2618265644091588,1,0,1
A-1344649,Source2,CA,2020,0,0.026869503062744226,0,0,0
A-432637,Source2,TX,2017,1,0.280050911384938,1,0,0
A-7417814,Source1,CA,2019,0,0.29846706703540976,1,0,1
A-4940083,Source1,CA,,0,0.04380439477170149,0,0,0
A-2089128,Source2,CA,2019,0,0.2829381197431452,1,0,1
A-318035,Source2,CA,2017,1,0.4411082358226167,1,0,0
A-1073773,Source2,CA,2021,1,0.11812537501407176,0,1,0
A-6564843,Source1,CA,2021,0,0.033404764938828414,0,0,0
A-5220684,Source1,CA,2022,0,0.17404425182065347,1,0,1
A-859373,Source2,TX,2021,0,0.21173304383015085,1,0,1
A-3588139,Source1,CA,2017,0,0.3340043507566248,1,0,1
A-6700357,Source1,CA,2020,0,0.08539960146637796,0,0,0
A-3422411,Source1,CA,2016,0,0.2666348292750899,1,0,1
A-6406313,Source1,CA,2021,0,0.08080002197049026,0,0,0
A-5696310,Source1,CA,2021,0,0.0421156697084493,0,0,0
A-2358272,Source2,TX,2019,0,0.26629360497558685,1,0,1
A-2065903,Source2,TX,2019,0,0.07130013318762882,0,0,0
A-7572606,Source1,CA,2018,0,0.4188448993304692,1,0,1
A-2380927,Source2,TX,2018,0,0.06256050706189738,0,0,0
A-7008432,Source1,TX,2020,0,0.12722263447761892,0,0,0
A-5617309,Source1,TX,2021,0,0.07819728493728476,0,0,0
A-4001332,Source1,CA,2022,0,0.09068000568113067,0,0,0
A-3677383,Source1,CA,,0,0.02056480264340615,0,0,0
A-4761766,Source1,CA,2022,0,0.0949086933660869,0,0,0
A-391038,Source2,TX,2017,0,0.34942876174898385,1,0,1
A-5647665,Source1,CA,2021,0,0.07909414556463512,0,0,0
A-3031864,Source2,CA,2018,0,0.28200399398169246,1,0,1
A-2502268,Source2,CA,2018,0,0.3413395879838519,1,0,1
A-2430010,Source2,CA,2018,0,0.29610451937160104,1,0,1
A-1209599,Source2,CA,2020,0,0.1322857089911438,0,0,0
A-6686899,Source1,CA,2020,0,0.06929576515225781,0,0,0
A-5979351,Source1,CA,2021,0,0.26988924343396414,1,0,1
A-297444,Source2,TX,2016,0,0.163350124012937,0,0,0
A-83790,Source2,CA,2016,1,0.5050890493298912,1,0,0
A-2104046,Source2,TX,2019,0,0.05493068353420951,0,0,0
A-7356339,Source1,CA,2019,0,0.07752130710142557,0,0,0
A-932570,Source2,TX,2021,0,0.04005285709082701,0,0,0
A-7238648,Source1,CA,2020,0,0.0810716118749223,0,0,0
A-7681873,Source1,CA,2017,0,0.42011918580821755,1,0,1
A-40128,Source2,CA,2016,1,0.32154404819725263,1,0,0
A-6906770,Source1,CA,2020,0,0.2326486360178,1,0,1
A-5550521,Source1,CA,2021,0,0.21245777507370717,1,0,1
A-101200,Source2,CA,2016,1,0.3832210723686678,1,0,0
A-284916,Source2,TX,2016,0,0.09349305473654156,0,0,0
A-5469978,Source1,CA,2021,0,0.06508489109158869,0,0,0
A-5703529,Source1,CA,2021,0,0.30268600836735604,1,0,1
A-7342966,Source1,CA,2019,0,0.08263143788189091,0,0,0
A-5589087,Source1,TX,2021,0,0.20614450047283558,1,0,1
A-6500428,Source1,CA,2021,0,0.15056919859999446,0,0,0
A-7413163,Source1,CA,2019,0,0.11913648236505267,0,0,0
A-3738054,Source1,CA,2022,0,0.06269996968014072,0,0,0
A-3403806,Source2,CA,2017,0,0.4107561177827733,1,0,1
A-5549911,Source1,CA,2021,0,0.037605671173351965,0,0,0
A-4226546,Source1,CA,2022,0,0.08396454103241058,0,0,0
A-302421,Source2,TX,2016,0,0.19990517774293737,1,0,1
A-6028175,Source1,CA,2021,0,0.0848426520618074,0,0,0
A-346393,Source2,CA,2017,1,0.33548490850461327,1,0,0
A-7114861,Source1,CA,2020,0,0.05761293860487911,0,0,0
A-3004904,Source2,TX,2018,1,0.32255768493505055,1,0,0
A-7372368,Source1,CA,2019,0,0.08275883980488155,0,0,0
A-588298,Source3,CA,2022,0,0.07686232747630341,0,0,0
A-2244919,Source2,TX,2019,1,0.3860942459007103,1,0,0
A-3950030,Source1,CA,2022,0,0.13226959065723348,0,0,0
A-5414323,Source1,CA,,0,0.02148575872549375,0,0,0
A-4095282,Source1,CA,,0,0.058393825033924894,0,0,0
A-2865413,Source2,TX,2018,0,0.27381809268518276,1,0,1
A-3419696,Source1,CA,2016,0,0.35717680372713945,1,0,1
A-2237723,Source2,TX,2019,1,0.40029560878283404,1,0,0
A-1111918,Source2,TX,2021,0,0.13974693651248163,0,0,0
A-1947942,Source2,TX,2019,0,0.2072465515544346,1,0,1
A-1309398,Source2,TX,2020,1,0.21694256490267697,1,0,0
A-5210474,Source1,CA,2022,0,0.0666194326673508,0,0,0
A-961596,Source2,CA,2021,0,0.08453243318481671,0,0,0
A-5953938,Source1,CA,2021,0,0.13269091371936503,0,0,0
A-3161905,Source2,TX,2017,0,0.21326061540881275,1,0,1
A-1422467,Source2,TX,2020,0,0.11882421240130606,0,0,0
A-7315231,Source1,CA,2019,0,0.07239327186172625,0,0,0
A-4375551,Source1,CA,2022,0,0.2009544618615525,1,0,1
A-339056,Source2,CA,2017,0,0.3877669498648594,1,0,1
A-3750420,Source1,CA,2022,0,0.032420015195186946,0,0,0
A-7395731,Source1,CA,2019,0,0.2511857592881474,1,0,1
A-2607239,Source2,CA,2018,1,0.22848172681131454,1,0,0
A-5309541,Source1,CA,2022,0,0.16130128413316755,0,0,0
A-7213218,Source1,CA,2020,0,0.20913225290122991,1,0,1
A-1118510,Source2,CA,2021,1,0.2201449483815865,1,0,0
A-1763626,Source2,TX,2019,1,0.10602704430201777,0,1,0
A-4761544,Source1,TX,2022,0,0.04944753572736479,0,0,0
A-3674350,Source1,CA,2023,0,0.18562794724154522,1,0,1
A-5819998,Source1,CA,2021,0,0.18915546268133246,1,0,1
A-1865266,Source2,CA,2019,0,0.0662006189128839,0,0,0
A-7542839,Source1,CA,2018,0,0.4607247231835453,1,0,1
A-5731142,Source1,CA,2021,0,0.0642862103508864,0,0,0
A-7414013,Source1,CA,2019,0,0.24541336865749724,1,0,1
A-4682756,Source1,TX,,0,0.09256732162720957,0,0,0
A-5035195,Source1,CA,2022,0,0.25661177927446055,1,0,1
A-6431606,Source1,CA,2021,0,0.05569516745021617,0,0,0
A-7658639,Source1,CA,2017,0,0.34507112256187583,1,0,1
A-2340768,Source2,TX,2019,0,0.045479737429088306,0,0,0
A-7631702,Source1,CA,2018,0,0.3120496863439527,1,0,1
A-7207106,Source1,CA,2020,0,0.32063385939061984,1,0,1
A-5419432,Source1,CA,2022,0,0.1481108572497576,0,0,0
A-881361,Source3,CA,2021,0,0.05658117407903106,0,0,0
A-997172,Source2,TX,2021,1,0.1499819178148447,0,1,0
A-1943644,Source2,TX,2019,0,0.05879434023005231,0,0,0
A-5050731,Source1,TX,2022,0,0.24258779020704332,1,0,1
A-2765959,Source2,CA,2018,1,0.23460612790210306,1,0,0
A-594989,Source2,CA,2022,1,0.11545724416123952,0,1,0
A-261520,Source2,TX,2016,1,0.29323605589260254,1,0,0
A-2692666,Source2,CA,2018,0,0.2723388015368272,1,0,1
A-6569282,Source1,CA,2021,0,0.04933731373975013,0,0,0
A-4068214,Source1,CA,2022,0,0.13012196759119993,0,0,0
A-3047025,Source2,CA,2018,1,0.36635936985739354,1,0,0
A-6942484,Source1,CA,2020,0,0.0782641712168191,0,0,0
A-3435584,Source1,TX,2016,1,0.39547089747524344,1,0,0
A-5526859,Source1,CA,,0,0.08064331499907955,0,0,0
A-3018959,Source2,CA,2018,1,0.3877531571032531,1,0,0
A-7349970,Source1,CA,2019,0,0.09260638276717852,0,0,0
A-6540780,Source1,CA,2021,0,0.1021933394701143,0,0,0
A-6887220,Source1,CA,2020,0,0.07969211840155352,0,0,0
A-263586,Source2,TX,2016,0,0.31387483215543716,1,0,1
A-2549540,Source2,CA,2018,0,0.10068795760936917,0,0,0
A-390430,Source2,TX,2017,0,0.134977368078127,0,0,0
A-3639801,Source1,CA,2017,0,0.25893640695394293,1,0,1
A-5902583,Source1,CA,2021,0,0.08410801684892258,0,0,0
A-7636306,Source1,CA,2018,0,0.28580095656566973,1,0,1
A-4879852,Source1,TX,,0,0.0836086354509542,0,0,0
A-5333157,Source1,TX,2023,0,0.12409161027163998,0,0,0
A-7039865,Source1,CA,2020,0,0.29120968793944524,1,0,1
A-5587416,Source1,CA,,0,0.07516061266149837,0,0,0
A-6458216,Source1,CA,2021,0,0.026675905455869453,0,0,0
A-924686,Source2,TX,2021,1,0.18549537253934378,1,0,0
A-402713,Source2,CA,2017,1,0.40628486206504844,1,0,0
A-6714565,Source1,CA,2020,0,0.06375582922171835,0,0,0
A-5403538,Source1,CA,2022,0,0.28089333169445324,1,0,1
A-7398404,Source1,CA,2019,0,0.09486493453068016,0,0,0
A-4938545,Source1,CA,2023,0,0.08641653356727354,0,0,0
A-1247098,Source2,TX,2020,0,0.14965767442777173,0,0,0
A-404685,Source2,CA,2017,0,0.18117657198304307,0,0,0
A-7146158,Source1,CA,2020,0,0.07228629157566326,0,0,0
A-280191,Source2,TX,2016,0,0.30413254927971456,1,0,1
A-993653,Source2,CA,2021,0,0.10566275926706928,0,0,0
A-6188002,Source1,CA,2021,0,0.07342479699555259,0,0,0
A-393114,Source2,TX,2017,1,0.42332805728326905,1,0,0
A-91259,Source2,CA,2016,0,0.47168989656342164,1,0,1
A-2271730,Source2,CA,2019,0,0.3073655654764618,1,0,1
A-5455428,Source1,CA,,0,0.06810341002941489,0,0,0
A-4796180,Source1,CA,2022,0,0.20792904177456922,1,0,1
A-6184982,Source1,CA,,0,0.2107419423806344,1,0,1
A-6739411,Source1,CA,2020,0,0.0742017672906397,0,0,0
A-4304632,Source1,TX,2022,0,0.07695375914160345,0,0,0
A-4194124,Source1,CA,2023,0,0.13371444632929771,0,0,0
A-6394332,Source1,CA,2021,0,0.2998902978847945,1,0,1
A-2629055,Source2,TX,2018,0,0.3442380075310207,1,0,1
A-7584721,Source1,TX,2018,1,0.4945126451639908,1,0,0
A-3609275,Source1,CA,2017,1,0.21653187761170445,1,0,0
A-7548770,Source1,CA,2018,1,0.21425238745630373,1,0,0
A-2512102,Source2,TX,2018,0,0.06566764068138718,0,0,0
A-2673356,Source2,TX,2018,1,0.3309221580578335,1,0,0
A-1020072,Source2,CA,2021,0,0.15293900637761026,0,0,0
A-7463006,Source1,CA,2019,1,0.2202165103366538,1,0,0
A-4169577,Source1,CA,2022,0,0.27454958275056585,1,0,1
A-7555541,Source1,CA,2018,1,0.3022104063235703,1,0,0
A-1430287,Source2,TX,2020,1,0.12839813286612273,0,1,0
A-6060527,Source1,TX,2021,0,0.16925858207745564,1,0,1
A-2670780,Source2,TX,2018,0,0.3481663555672626,1,0,1
A-4899341,Source1,CA,,0,0.026821877991019427,0,0,0
A-5614038,Source1,CA,2021,0,0.09974529590238206,0,0,0
A-1047568,Source2,CA,2021,0,0.24617095091698774,1,0,1
A-7594650,Source1,CA,2018,0,0.3262296200960403,1,0,1
A-5775604,Source1,CA,2021,0,0.24725907147367154,1,0,1
A-1351649,Source2,CA,2020,0,0.18019510951585843,1,0,1
A-4835157,Source1,CA,2022,1,0.23746501197636732,1,0,0
A-5070517,Source1,CA,,0,0.03860065317749515,0,0,0
A-515305,Source2,CA,2022,0,0.05109394286135035,0,0,0
A-5610629,Source1,CA,2021,0,0.10032061540129392,0,0,0
A-5705415,Source1,CA,2021,0,0.05544809010475386,0,0,0
A-4793205,Source1,CA,2023,0,0.26915076828367246,1,0,1
A-7203720,Source1,CA,2020,0,0.06561816341729783,0,0,0
A-1515098,Source2,TX,2020,0,0.14729569485581073,0,0,0
A-4811642,Source1,CA,2022,0,0.03648342625086456,0,0,0
A-6682352,Source1,CA,2020,0,0.09332490908936872,0,0,0
A-1868635,Source2,TX,2019,0,0.13849154701337288,0,0,0
A-1971362,Source2,CA,2019,1,0.15775517990702764,0,1,0
A-5847316,Source1,CA,2021,0,0.035537015359572856,0,0,0
A-1669405,Source2,TX,2020,0,0.19248881681740387,1,0,1
A-2970416,Source2,TX,2018,0,0.08825345226612592,0,0,0
A-4828940,Source1,CA,2022,0,0.32378157517874906,1,0,1
A-607824,Source3,CA,2022,1,0.1761990267044216,0,1,0
A-5031776,Source1,TX,2023,0,0.23139104797312998,1,0,1
A-6343494,Source1,CA,2021,0,0.10904179931755012,0,0,0
A-6364150,Source1,CA,2021,0,0.053703291186464074,0,0,0
A-6075276,Source1,CA,2021,0,0.1193178400590718,0,0,0
A-4034952,Source1,CA,,0,0.06161334901051472,0,0,0
A-5634638,Source1,TX,2021,0,0.10369986966291482,0,0,0
A-1265382,Source2,CA,2020,1,0.09013600360850985,0,1,0
A-6691213,Source1,CA,2020,0,0.0842391901673678,0,0,0
A-4988907,Source1,CA,2022,0,0.1824060876741979,1,0,1
A-2810740,Source2,TX,2018,0,0.05773522221407044,0,0,0
A-5793037,Source1,CA,2021,0,0.2303152004378653,1,0,1
A-1884648,Source2,CA,2019,0,0.19314794873309943,1,0,1
A-2118049,Source2,TX,2019,0,0.04383858200573772,0,0,0
A-3591008,Source1,CA,2017,0,0.3672012181079342,1,0,1
A-7691706,Source1,TX,2017,1,0.36000374433403654,1,0,0
A-2370020,Source2,TX,2019,0,0.26739840195257425,1,0,1
A-452868,Source2,TX,2017,1,0.3364050059039254,1,0,0
A-4206513,Source1,CA,,0,0.025900179624638264,0,0,0
A-1173863,Source2,CA,2021,0,0.10753922901824617,0,0,0
A-6707257,Source1,CA,2020,0,0.05882151623243022,0,0,0
A-4245285,Source1,CA,,0,0.07304434899283671,0,0,0
A-5275003,Source1,CA,2022,0,0.1826042090126859,1,0,1
A-2618434,Source2,CA,2018,1,0.4069423169787054,1,0,0
A-3783172,Source1,TX,2022,0,0.2668845706371307,1,0,1
A-7616076,Source1,CA,2018,1,0.24345063881617776,1,0,0
A-1027221,Source2,CA,2021,0,0.06456891421890595,0,0,0
A-5425488,Source1,CA,,0,0.047111128599465917,0,0,0
A-5339156,Source1,CA,2022,0,0.21994307744950933,1,0,1
A-3541239,Source1,CA,2016,1,0.3632415033063402,1,0,0
A-4784363,Source1,TX,2022,0,0.05537408876336255,0,0,0
A-694265,Source2,TX,2022,1,0.13192506856941816,0,1,0
A-3542045,Source1,CA,2016,0,0.3457007456771178,1,0,1
A-7224401,Source1,CA,2020,0,0.049875907911349875,0,0,0
A-6784154,Source1,TX,2020,0,0.1428475806154224,0,0,0
A-3367559,Source2,CA,2017,0,0.3773387810995646,1,0,1
A-3923203,Source1,CA,2022,0,0.028679376150557167,0,0,0
A-1028899,Source3,CA,2021,0,0.1364527400874587,0,0,0
A-5090656,Source1,TX,2022,0,0.03336988683555099,0,0,0
A-7024722,Source1,TX,2020,1,0.05689866608997947,0,1,0
A-3668383,Source1,TX,,0,0.10646382251080691,0,0,0
A-5012859,Source1,CA,,0,0.022880828580512366,0,0,0
A-3736535,Source1,CA,,0,0.2608155912706261,1,0,1
A-7625754,Source1,CA,2018,0,0.059980361683995134,0,0,0
A-1663837,Source2,CA,2020,1,0.08244817683201974,0,1,0
A-2930764,Source2,CA,2018,0,0.37275783187341305,1,0,1
A-3540421,Source1,CA,2016,0,0.07961160205560903,0,0,0
A-6927890,Source1,CA,2020,0,0.09565654983341035,0,0,0
A-1442011,Source2,CA,2020,1,0.14342078699013783,0,1,0
A-7637446,Source1,TX,2018,0,0.28023694732004495,1,0,1
A-2786365,Source2,TX,2018,0,0.08340605333207378,0,0,0
A-931826,Source2,CA,2021,1,0.11691730241560286,0,1,0
A-4013916,Source1,CA,2022,0,0.07958697755396309,0,0,0
A-6379652,Source1,CA,2021,0,0.044425780283479495,0,0,0
A-5655792,Source1,CA,2021,0,0.10868141085731646,0,0,0
A-1744556,Source3,CA,2019,0,0.15349920202993128,0,0,0
A-5988240,Source1,CA,2021,0,0.17441127096968406,0,0,0
A-1499825,Source2,TX,2020,0,0.1934320701951451,1,0,1
A-1790204,Source2,TX,2019,0,0.1293681355638601,0,0,0
A-6270114,Source1,CA,2021,0,0.06438131199899888,0,0,0
A-7655170,Source1,CA,2017,0,0.41830401693286207,1,0,1
A-3108881,Source2,CA,2017,0,0.11706390173704868,0,0,0
A-6450577,Source1,CA,,0,0.03278336219935553,0,0,0
A-7033585,Source1,CA,2020,0,0.18199130195320293,1,0,1
A-1977275,Source2,TX,2019,0,0.049689819888979754,0,0,0
A-4498095,Source1,TX,2022,0,0.200622087888697,1,0,1
A-7297735,Source1,CA,2019,0,0.024463166822904274,0,0,0
A-6297276,Source1,CA,2021,0,0.19363526452592555,1,0,1
A-7748852,Source1,CA,2019,0,0.08494451305410403,0,0,0
A-3859800,Source1,CA,2023,0,0.04131771686910645,0,0,0
A-11100,Source2,CA,2017,0,0.32185732353248936,1,0,1
A-7376133,Source1,CA,2019,0,0.07946332164372175,0,0,0
A-7284641,Source1,CA,2020,0,0.18418627474216434,0,0,0
A-1884718,Source2,CA,2019,1,0.12719896352757518,0,1,0
A-4593380,Source1,CA,2022,0,0.16322192623910103,0,0,0
A-4602464,Source1,CA,,0,0.09716968604228854,0,0,0
A-3373244,Source2,TX,2017,0,0.3739224334594585,1,0,1
A-1791291,Source3,CA,2019,1,0.06482768741425167,0,1,0
A-4150801,Source1,CA,2022,0,0.06845407037206949,0,0,0
A-2222668,Source2,TX,2019,1,0.34287380944249735,1,0,0
A-2533425,Source2,CA,2018,1,0.39689473488747956,1,0,0
A-6758755,Source1,TX,2020,0,0.06655216541529073,0,0,0
A-4304160,Source1,TX,,0,0.14499868336024666,0,0,0
A-5260989,Source1,CA,,0,0.06879431053104575,0,0,0
A-5028774,Source1,CA,2022,0,0.22566265450558318,1,0,1
A-5772553,Source1,CA,2021,0,0.26449780616373886,1,0,1
A-5107428,Source1,CA,,0,0.03705037167646476,0,0,0
A-2414037,Source2,TX,2018,1,0.2565308799549897,1,0,0
A-7693710,Source1,CA,2017,0,0.35748909665047834,1,0,1
A-5226176,Source1,CA,,0,0.23437059541464705,1,0,1
A-6073975,Source1,CA,2021,0,0.08718434953263152,0,0,0
A-4714184,Source1,CA,,0,0.04815089628385536,0,0,0
A-4454716,Source1,CA,2023,0,0.05268574241046807,0,0,0
A-6321149,Source1,CA,2021,0,0.3071618190679605,1,0,1
A-5048762,Source1,CA,2023,0,0.06864751812085271,0,0,0
A-4659760,Source1,CA,2023,0,0.08449804303922695,0,0,0
A-3098402,Source2,TX,2017,0,0.32133777180123463,1,0,1
A-2918989,Source2,CA,2018,1,0.2956137268978081,1,0,0
A-3435795,Source1,TX,2016,0,0.2950204627902066,1,0,1
A-7397834,Source1,CA,2019,0,0.11089441026853812,0,0,0
A-23313,Source2,CA,2016,1,0.3908607588535905,1,0,0
A-2676706,Source2,CA,2018,1,0.35847323668358405,1,0,0
A-7101672,Source1,CA,2020,0,0.20820283585609206,1,0,1
A-761603,Source2,CA,2021,1,0.17426576088707174,1,0,0
A-7358327,Source1,CA,2019,0,0.10959315442645508,0,0,0
A-5687880,Source1,CA,2021,0,0.35888751844142197,1,0,1
A-4069825,Source1,TX,2022,0,0.0844013924563051,0,0,0
A-1070716,Source2,CA,2021,0,0.11526257374375144,0,0,0
A-6072253,Source1,CA,2021,0,0.0715954449311584,0,0,0
A-294642,Source2,TX,2016,0,0.18927232296175925,0,0,0
A-5137689,Source1,CA,,0,0.04607622642090005,0,0,0
A-1819068,Source2,CA,2019,0,0.08887884616224931,0,0,0
A-3337994,Source2,CA,2017,0,0.33652591054048,1,0,1
A-5024566,Source1,TX,2022,0,0.0941126477101427,0,0,0
A-6153349,Source1,CA,2021,0,0.1366034708563964,0,0,0
A-5650532,Source1,CA,2021,0,0.17886455851559252,1,0,1
A-4890442,Source1,CA,2023,0,0.05718331310818876,0,0,0
A-2033745,Source2,CA,2019,0,0.05928879207382463,0,0,0
A-6651517,Source1,CA,2020,0,0.05343378317217752,0,0,0
A-3524255,Source1,CA,2016,0,0.27023097364337445,1,0,1
A-2789393,Source2,CA,2018,0,0.27887011972943887,1,0,1
A-3179634,Source2,TX,2017,1,0.329405493864244,1,0,0
A-4324398,Source1,TX,2022,0,0.09722697401212452,0,0,0
A-3888640,Source1,TX,,0,0.028128629186021586,0,0,0
A-7707047,Source1,CA,2019,1,0.06746378666634953,0,1,0
A-5799839,Source1,CA,2021,0,0.08344471966439064,0,0,0
A-6878405,Source1,CA,2020,0,0.07830688942111805,0,0,0
A-6882606,Source1,CA,,0,0.031986442333388904,0,0,0
A-6263620,Source1,CA,2021,0,0.08504852454078612,0,0,0
A-85317,Source2,CA,2016,1,0.3177537203001215,1,0,0
A-7716400,Source1,TX,2019,0,0.02499078140383746,0,0,0
A-5120666,Source1,CA,2022,0,0.09124322401090021,0,0,0
A-724828,Source2,TX,2022,1,0.1399076612238884,0,1,0
A-7110433,Source1,CA,2020,0,0.17340650490107543,1,0,1
A-3528502,Source1,CA,2016,0,0.35795744592568857,1,0,1
A-55689,Source2,CA,2016,1,0.4090078834050665,1,0,0
A-569859,Source2,TX,2022,1,0.20807415438716248,1,0,0
A-3979450,Source1,CA,,0,0.03641985926201457,0,0,0
A-1012367,Source2,CA,2021,0,0.1364184701703535,0,0,0
A-6505137,Source1,CA,,0,0.06710250950633947,0,0,0
A-2571163,Source2,CA,2018,0,0.37836751114491757,1,0,1
A-1906414,Source2,TX,2019,0,0.05969122685814878,0,0,0
A-5959362,Source1,CA,2021,0,0.09975457906555932,0,0,0
A-4596660,Source1,CA,2022,0,0.20786724772682627,1,0,1
A-853642,Source2,CA,2021,1,0.04292183878479247,0,1,0
A-7311729,Source1,CA,2019,0,0.1503960480465183,0,0,0
A-5697948,Source1,TX,2021,0,0.19599286796121612,1,0,1
A-2531918,Source2,CA,2018,1,0.3568135799247508,1,0,0
A-4957742,Source1,CA,2022,0,0.24139190930835222,1,0,1
A-7574682,Source1,CA,2018,1,0.3640547066160903,1,0,0
A-6708181,Source1,CA,2020,0,0.02943777114540405,0,0,0
A-4566316,Source1,CA,2022,0,0.13445429021528515,0,0,0
A-4448550,Source1,CA,2022,0,0.044993815915705206,0,0,0
A-3704108,Source1,CA,2023,0,0.09653664446093432,0,0,0
A-6258478,Source1,CA,2021,0,0.0866866100265504,0,0,0
A-4712262,Source1,CA,,0,0.04772639036860338,0,0,0
A-6170062,Source1,CA,2021,0,0.10314071165512835,0,0,0
A-5938519,Source1,CA,2021,0,0.15324936820542268,0,0,0
A-3432893,Source1,TX,2016,0,0.34706234958666293,1,0,1
A-4324908,Source1,CA,2022,0,0.19392612697704686,1,0,1
A-2955453,Source2,CA,2018,0,0.16221249708078495,0,0,0
A-3918077,Source1,CA,,0,0.14975211958717985,0,0,0
A-4815296,Source1,TX,,0,0.06381460267497494,0,0,0
A-3145636,Source2,CA,2017,0,0.04527775461258683,0,0,0
A-5493633,Source1,TX,2021,0,0.05768961260429223,0,0,0
A-6210780,Source1,TX,2021,0,0.05090522649305992,0,0,0
A-7531721,Source1,CA,2018,0,0.047283712842035294,0,0,0
A-6963402,Source1,TX,2020,0,0.20461964572820918,1,0,1
A-1272219,Source2,CA,2020,0,0.0692146001141572,0,0,0
A-7348645,Source1,CA,2019,0,0.19747076545463932,1,0,1
A-4263360,Source1,CA,2022,0,0.23028656783258308,1,0,1
A-267234,Source2,TX,2016,0,0.16949852272402824,0,0,0
A-7206090,Source1,CA,2020,0,0.29225789070694674,1,0,1
A-925231,Source2,TX,2021,0,0.13773494149024568,0,0,0
A-2856448,Source2,TX,2018,0,0.2750273925951877,1,0,1
A-5301547,Source1,CA,2022,0,0.21032544264798042,1,0,1
A-6502028,Source1,CA,2021,0,0.06339236142043442,0,0,0
A-5637102,Source1,CA,,0,0.06938986345668943,0,0,0
A-5015675,Source1,CA,2022,0,0.14344796464281231,0,0,0
A-552311,Source2,CA,2022,0,0.19718541348528046,1,0,1
A-1935814,Source2,TX,2019,0,0.2335973671474756,1,0,1
A-1717769,Source2,CA,2019,1,0.2984137283460242,1,0,0
A-1414406,Source2,TX,2020,0,0.22315027357079767,1,0,1
A-1021683,Source2,CA,2021,0,0.3313769817311235,1,0,1
A-3328291,Source2,CA,2017,1,0.29725432057848156,1,0,0
A-6122268,Source1,CA,,0,0.0316243644891656,0,0,0
A-1209329,Source2,TX,2020,0,0.06437848549735528,0,0,0
A-4388968,Source1,CA,,0,0.07840105477206334,0,0,0
A-965935,Source2,TX,2021,0,0.26254318285743966,1,0,1
A-2928285,Source2,CA,2018,1,0.16271554331190727,0,1,0
A-3389020,Source2,CA,2017,1,0.33273646741854546,1,0,0
A-2970654,Source2,CA,2018,1,0.2954564348890214,1,0,0
A-1023074,Source2,TX,2021,0,0.17777284558405992,1,0,1
A-1446288,Source2,CA,2020,1,0.07718041214176807,0,1,0
A-5185156,Source1,CA,2022,0,0.14517223195429133,0,0,0
A-5960784,Source1,TX,2021,0,0.0345989921037302,0,0,0
A-5513125,Source1,CA,2021,0,0.2005074174181914,1,0,1
A-4580035,Source1,CA,2022,0,0.3339293616592303,1,0,1
A-7268312,Source1,CA,2020,0,0.046966380354830785,0,0,0
A-6127836,Source1,CA,2021,0,0.08237509563212608,0,0,0
A-2972214,Source2,CA,2018,0,0.2931184272640688,1,0,1
A-5559958,Source1,CA,2021,0,0.19995674262136376,1,0,1
A-5578375,Source1,CA,2021,0,0.06254073874515269,0,0,0
A-114802,Source2,CA,2016,0,0.42109412265962887,1,0,1
A-2618506,Source2,CA,2018,0,0.24027976113657307,1,0,1
A-7215769,Source1,CA,2020,0,0.17434827559317237,0,0,0
A-7098594,Source1,CA,2020,0,0.20011917488992892,1,0,1
A-1606591,Source2,TX,2020,0,0.24697746000703374,1,0,1
A-2739311,Source2,CA,2018,0,0.42208335903856103,1,0,1
A-2434139,Source2,TX,2018,0,0.04361168118534613,0,0,0
A-3975234,Source1,CA,,0,0.048315916218225126,0,0,0
A-7172703,Source1,CA,2020,0,0.14219697321082875,0,0,0
A-5166704,Source1,CA,2022,0,0.12432370928014261,0,0,0
A-7386356,Source1,CA,2019,0,0.1264723653454654,0,0,0
A-2713339,Source2,TX,2018,0,0.2701034915310824,1,0,1
A-286664,Source2,TX,2016,0,0.056842970955022366,0,0,0
A-3381145,Source2,TX,2017,1,0.3304281155478837,1,0,0
A-7372420,Source1,CA,2019,0,0.12897486360595697,0,0,0
A-1293236,Source2,TX,2020,0,0.2291887232678019,1,0,1
A-2457704,Source2,CA,2018,0,0.37032869516757394,1,0,1
A-4920672,Source1,CA,2022,0,0.1601632461241151,0,0,0
A-7291598,Source1,CA,2019,0,0.06959958916790074,0,0,0
A-464953,Source2,CA,2017,0,0.3142450175097074,1,0,1
A-7561726,Source1,CA,2018,0,0.3783475841796709,1,0,1
A-6214258,Source1,CA,2021,0,0.08507980310791682,0,0,0
A-5068206,Source1,CA,2022,0,0.3046584285079982,1,0,1
A-6086380,Source1,CA,2021,0,0.18785935746093171,1,0,1
A-2379087,Source2,TX,2018,0,0.1991435583056066,1,0,1
A-3009340,Source2,TX,2018,0,0.2816442083479703,1,0,1
A-7614425,Source1,CA,2018,0,0.34871198003030035,1,0,1
A-7260434,Source1,CA,2020,0,0.06603959630406994,0,0,0
A-4288064,Source1,CA,,0,0.04085566027314759,0,0,0
A-4423150,Source1,CA,,0,0.16997789479328262,1,0,1
A-3415466,Source1,CA,2016,0,0.3360284113992619,1,0,1
A-5925288,Source1,CA,2021,0,0.08249435749526512,0,0,0
A-1629258,Source2,CA,2020,1,0.0439643476894009,0,1,0
A-4038350,Source1,CA,2023,0,0.21851705596360677,1,0,1
A-3728357,Source1,CA,,0,0.03710163117003392,0,0,0
A-1738961,Source2,TX,2019,0,0.09064012458283466,0,0,0
A-4605717,Source1,CA,,0,0.06928759392492963,0,0,0
A-295722,Source2,TX,2016,0,0.031189922957982764,0,0,0
A-6729741,Source1,CA,2020,0,0.03577787280456714,0,0,0
A-7567641,Source1,TX,2018,1,0.4372756168393314,1,0,0
A-7483530,Source1,CA,2018,1,0.287876056333984,1,0,0
A-5170961,Source1,CA,2022,0,0.26688248410970555,1,0,1
A-5378565,Source1,CA,,0,0.07169809450945666,0,0,0
A-890410,Source2,TX,2021,0,0.22605739456032697,1,0,1
A-7119514,Source1,CA,2020,0,0.07671857244178262,0,0,0
A-3421892,Source1,CA,2016,0,0.26133631675925406,1,0,1
A-4467576,Source1,TX,2022,0,0.17203603862732453,1,0,1
A-2868440,Source2,CA,2018,1,0.26960460257545665,1,0,0
A-2789334,Source3,CA,2018,0,0.06808672730144574,0,0,0
A-1482719,Source3,CA,2020,0,0.17170650069048277,0,0,0
A-1574058,Source2,TX,2020,0,0.03350741916437051,0,0,0
A-49298,Source2,CA,2016,1,0.1661378447108377,0,1,0
A-815438,Source3,CA,2021,0,0.09798484439390223,0,0,0
A-1828821,Source2,CA,2019,0,0.17182760673828554,0,0,0
A-3721538,Source1,CA,2023,0,0.2595681713265922,1,0,1
A-558065,Source3,CA,2022,0,0.09901840056086712,0,0,0
A-5565726,Source1,CA,2021,0,0.24752921779057996,1,0,1
A-3922923,Source1,CA,2022,0,0.0444562047745138,0,0,0
A-4933188,Source1,CA,2023,0,0.2958527735373928,1,0,1
A-4265057,Source1,CA,2022,0,0.2748061547921795,1,0,1
A-17361,Source2,CA,2016,0,0.28988770244599704,1,0,1
A-7065192,Source1,CA,2020,1,0.08241420816963103,0,1,0
A-268841,Source2,TX,2017,0,0.05635785758202928,0,0,0
A-6824570,Source1,CA,2020,0,0.08198622408993574,0,0,0
A-4023043,Source1,CA,2022,0,0.03508551130863966,0,0,0
A-4650799,Source1,CA,,0,0.08595087672491135,0,0,0
A-5460926,Source1,CA,2023,0,0.1628162186816086,0,0,0
A-3543614,Source1,CA,2016,0,0.328324701547137,1,0,1
A-83387,Source2,CA,2016,0,0.08599658601274884,0,0,0
A-964792,Source2,TX,2021,1,0.08314877723538079,0,1,0
A-2820379,Source2,CA,2018,0,0.1360929214672169,0,0,0
A-5425758,Source1,CA,2023,0,0.224453431809066,1,0,1
A-4144864,Source1,CA,,0,0.027940487889445864,0,0,0
A-4151216,Source1,TX,,0,0.06425754885841675,0,0,0
A-3731255,Source1,CA,2022,0,0.22346448431201904,1,0,1
A-840066,Source2,CA,2021,1,0.09784794238270025,0,1,0
A-1205163,Source2,CA,2021,0,0.041881788030162924,0,0,0
A-3527003,Source1,CA,2016,0,0.28035577859336536,1,0,1
A-851282,Source2,TX,2021,1,0.07461812250645532,0,1,0
A-3212513,Source2,CA,2017,0,0.2824281505203027,1,0,1
A-296334,Source2,TX,2016,0,0.046410792782020024,0,0,0
A-4506223,Source1,CA,2022,0,0.31855756248817846,1,0,1
A-1390427,Source2,TX,2020,0,0.12908459450229093,0,0,0
A-5465592,Source1,CA,2021,0,0.12279882135277716,0,0,0
A-1050743,Source2,TX,2021,1,0.20638069891161592,1,0,0
A-292482,Source2,TX,2016,0,0.3710435390862397,1,0,1
A-2463078,Source2,TX,2018,0,0.1479599843812222,0,0,0
A-1044198,Source2,TX,2021,1,0.1687320704836478,0,1,0
A-1077820,Source2,TX,2021,1,0.10248006478715925,0,1,0
A-5181398,Source1,CA,,0,0.04649631725435284,0,0,0
A-7076823,Source1,CA,2020,0,0.08037512633581471,0,0,0
A-3177128,Source2,TX,2017,0,0.1983060131373121,1,0,1
A-1110084,Source2,CA,2021,0,0.27177585754547645,1,0,1
A-5317073,Source1,CA,2022,0,0.06876906176878199,0,0,0
A-405423,Source2,CA,2017,0,0.33545415010727825,1,0,1
A-5891844,Source1,CA,2021,0,0.11396809918584032,0,0,0
A-7149684,Source1,TX,2020,0,0.08083902829418702,0,0,0
A-5840352,Source1,TX,2021,0,0.17363460071681638,0,0,0
A-1383559,Source2,CA,2020,1,0.17345945780308605,1,0,0
A-6203043,Source1,CA,2021,0,0.3769345328436419,1,0,1
A-1243636,Source2,TX,2020,0,0.029002278623910117,0,0,0
A-4624486,Source1,CA,,0,0.02966604327360649,0,0,0
A-429618,Source2,TX,2017,1,0.06728464900964817,0,1,0
A-4145521,Source1,CA,,0,0.06233686002565462,0,0,0
A-4607,Source2,CA,2016,1,0.13723651897803596,0,1,0
A-6798433,Source1,CA,2020,0,0.04768967140510989,0,0,0
A-5682044,Source1,CA,2021,0,0.14056269197234122,0,0,0
A-3608041,Source1,CA,2017,0,0.32737712751344267,1,0,1
A-7387026,Source1,CA,2019,0,0.2806496354565398,1,0,1
A-5945482,Source1,TX,2021,0,0.3205719008257781,1,0,1
A-944222,Source2,CA,2021,0,0.13379800754964774,0,0,0
A-3621683,Source1,CA,2017,0,0.248101661226496,1,0,1
A-5730663,Source1,CA,2021,0,0.043450436691689256,0,0,0
A-5210278,Source1,CA,2022,0,0.09554669417854142,0,0,0
A-5048743,Source1,CA,2022,0,0.13632215704509928,0,0,0
A-7209063,Source1,CA,2020,0,0.0476917958663687,0,0,0
A-4842085,Source1,CA,2023,0,0.23464261937514652,1,0,1
A-46853,Source2,CA,2016,0,0.08544606844355855,0,0,0
A-7349866,Source1,CA,2019,0,0.08826289652230143,0,0,0
A-5847151,Source1,CA,2021,0,0.06284892746276138,0,0,0
A-4725798,Source1,CA,,0,0.1634267807222954,1,0,1
A-2148320,Source2,TX,2019,0,0.040213526361515664,0,0,0
A-433542,Source2,TX,2017,1,0.13825765266078888,0,1,0
A-430050,Source2,TX,2017,0,0.3964290849232185,1,0,1
A-7359313,Source1,CA,2019,0,0.07835936381504648,0,0,0
A-6013526,Source1,CA,2021,0,0.03306632477969832,0,0,0
A-2446449,Source2,TX,2018,0,0.2600574530258549,1,0,1
A-4920147,Source1,CA,2022,0,0.05468016049565105,0,0,0
A-336990,Source2,CA,2017,0,0.18648895596123596,1,0,1
A-6419059,Source1,TX,2021,0,0.06108049890452509,0,0,0
A-5192974,Source1,CA,2022,0,0.07072547374026313,0,0,0
A-4518050,Source1,CA,2022,0,0.06481925145915972,0,0,0
A-267803,Source2,TX,2017,0,0.3517831033716904,1,0,1
A-2499085,Source2,TX,2018,0,0.21966273282266405,1,0,1
A-283913,Source2,TX,2016,0,0.3514403499641611,1,0,1
A-6965965,Source1,CA,2020,0,0.29823202130380766,1,0,1
A-7476823,Source1,CA,2018,0,0.098087945844711,0,0,0
A-1369957,Source2,CA,2020,0,0.3139754094936608,1,0,1
A-1647906,Source2,CA,2020,1,0.07323188115165599,0,1,0
A-350172,Source2,CA,2017,1,0.5280718228222302,1,0,0
A-1572177,Source2,TX,2020,0,0.060413811776753826,0,0,0
A-3836811,Source1,CA,2022,0,0.15411608305417718,0,0,0
A-3684666,Source1,CA,2023,0,0.06113858852084251,0,0,0
A-4576579,Source1,CA,,0,0.06779120733924077,0,0,0
A-7393381,Source1,CA,2019,1,0.12480616938289626,0,1,0
A-1978123,Source2,CA,2019,0,0.10194887371755201,0,0,0
A-351555,Source2,CA,2017,1,0.3741102524736835,1,0,0
A-6717066,Source1,CA,2020,0,0.29964090970884455,1,0,1
A-516544,Source2,CA,2022,1,0.0848588969662,0,1,0
A-1245724,Source2,CA,2020,0,0.28090975675459495,1,0,1
A-1615026,Source2,CA,2020,0,0.11139165889386873,0,0,0
A-3821969,Source1,CA,,0,0.15578964305338958,0,0,0
A-3717831,Source1,TX,2022,0,0.04061026993212606,0,0,0
A-432865,Source2,TX,2017,0,0.3538630263292952,1,0,1
A-7245631,Source1,CA,2020,0,0.04691003574392837,0,0,0
A-3705393,Source1,CA,2022,0,0.115168457229849,0,0,0
A-5888433,Source1,CA,2021,0,0.15805370361470025,0,0,0
A-3418007,Source1,CA,2016,0,0.07870345032381218,0,0,0
A-5498576,Source1,CA,,0,0.02643006918306432,0,0,0
A-3918607,Source1,CA,,0,0.057172605106609486,0,0,0
A-3550287,Source1,CA,2016,1,0.26564556084904833,1,0,0
A-5328131,Source1,CA,,0,0.04960609017758571,0,0,0
A-3824244,Source1,TX,2022,0,0.2786639683464157,1,0,1
A-7247202,Source1,CA,2020,0,0.15755161951285063,0,0,0
A-2685622,Source2,CA,2018,0,0.3214307335121063,1,0,1
A-5735200,Source1,CA,2021,0,0.05229152583510176,0,0,0
A-5884711,Source1,CA,2021,0,0.07904293455665361,0,0,0
A-393751,Source2,TX,2017,0,0.06066275023154499,0,0,0
A-93993,Source2,CA,2016,0,0.09303860764687999,0,0,0
A-3591853,Source1,CA,2017,0,0.3162255776939303,1,0,1
A-6107285,Source1,CA,2021,0,0.028692477736822368,0,0,0
A-6065566,Source1,CA,,0,0.02579757878730316,0,0,0
A-2266599,Source2,CA,2019,1,0.18670639636605765,0,1,0
A-2454216,Source2,TX,2018,0,0.2049558800783226,1,0,1
A-5587636,Source1,CA,2021,0,0.24732363586401793,1,0,1
A-1287453,Source2,CA,2020,0,0.08720182691115412,0,0,0
A-3530095,Source1,CA,2017,0,0.395966239827157,1,0,1
A-5022265,Source1,CA,,0,0.20484731242263843,1,0,1
A-4128686,Source1,CA,,0,0.02027942733036838,0,0,0
A-1387900,Source2,CA,2020,0,0.12129721287980919,0,0,0
A-6990770,Source1,CA,2020,0,0.1167125233372627,0,0,0
A-6465723,Source1,CA,2021,0,0.16251604783005671,0,0,0
A-7757935,Source1,TX,2019,0,0.1723467806276177,0,0,0
A-2209697,Source2,TX,2019,0,0.14547271487825622,0,0,0
A-7257846,Source1,CA,2020,0,0.09348716468507769,0,0,0
A-3919269,Source1,CA,,0,0.04908839471080999,0,0,0
A-431819,Source2,TX,2017,0,0.15281123124681067,0,0,0
A-3543324,Source1,CA,2016,0,0.32496561626100273,1,0,1
A-2948592,Source2,CA,2018,0,0.3012268256794718,1,0,1
A-780704,Source2,TX,2021,0,0.27644018385766184,1,0,1
A-4273071,Source1,CA,2022,0,0.14952215498250174,0,0,0
A-1401131,Source2,TX,2020,0,0.2275789447820981,1,0,1
A-988206,Source2,CA,2021,1,0.1913590976086732,1,0,0
A-3222072,Source2,CA,2017,0,0.38306280067619464,1,0,1
A-7357882,Source1,CA,2019,0,0.1048393456902336,0,0,0
A-7201375,Source1,CA,2020,0,0.27931005356394556,1,0,1
A-276110,Source2,TX,2016,0,0.31426403767725736,1,0,1
A-2667686,Source2,CA,2018,0,0.37292891966090413,1,0,1
A-3676176,Source1,CA,,0,0.024029990382329548,0,0,0
A-7242588,Source1,CA,2020,0,0.09651800588192014,0,0,0
A-860857,Source2,CA,2021,0,0.07059525915895762,0,0,0
A-5958755,Source1,CA,2021,0,0.07123773415512583,0,0,0
A-5970354,Source1,CA,,0,0.10435312221644641,0,0,0
A-3964777,Source1,CA,2022,0,0.03786301682721567,0,0,0
A-1366160,Source2,TX,2020,0,0.0943911367026542,0,0,0
A-109780,Source2,CA,2016,0,0.4322243641247489,1,0,1
A-4136282,Source1,CA,2023,0,0.053163574587442294,0,0,0
A-3909832,Source1,CA,2022,0,0.048592021444905084,0,0,0
A-2668746,Source2,CA,2018,1,0.38646349298942584,1,0,0
A-6575745,Source1,CA,2020,0,0.10971840444087337,0,0,0
A-78220,Source2,CA,2016,1,0.3417103252931041,1,0,0
A-4286620,Source1,CA,,0,0.03198899905464613,0,0,0
A-1466000,Source2,TX,2020,1,0.16880583188089335,0,1,0
A-3007539,Source2,CA,2018,0,0.06625234274391344,0,0,0
A-350355,Source2,CA,2017,1,0.42720735135795235,1,0,0
A-1619164,Source2,CA,2020,0,0.2435841864654053,1,0,1
A-7423660,Source1,CA,2019,0,0.19495117349116914,1,0,1
A-6485714,Source1,TX,2021,0,0.06736325643088012,0,0,0
A-2609017,Source2,TX,2018,0,0.08654997269521333,0,0,0
A-4540569,Source1,CA,,0,0.027471779899463082,0,0,0
A-2911954,Source3,TX,2018,0,0.27495687147150993,1,0,1
A-19085,Source2,CA,2016,0,0.34071362169730424,1,0,1
A-1978211,Source2,CA,2019,1,0.2736241573254722,1,0,0
A-2899204,Source2,TX,2018,0,0.3103453685492206,1,0,1
A-6860386,Source1,TX,2020,0,0.3891831013241099,1,0,1
A-4064021,Source1,CA,,0,0.12475907923031526,0,0,0
A-4461214,Source1,CA,2023,0,0.06957559310855778,0,0,0
A-5253312,Source1,CA,,0,0.07308397362592867,0,0,0
A-2512945,Source2,CA,2018,0,0.16985401662456562,0,0,0
A-2259194,Source2,TX,2019,0,0.33029168387731733,1,0,1
A-769493,Source2,CA,2021,0,0.0577144050588098,0,0,0
A-3102978,Source2,CA,2017,0,0.42839337884294826,1,0,1
A-5781310,Source1,CA,2021,0,0.24837531211872835,1,0,1
A-4116096,Source1,CA,,0,0.21127530962442748,1,0,1
A-1730592,Source2,CA,2019,1,0.06518972149958366,0,1,0
A-6929959,Source1,CA,2020,0,0.07091872690380778,0,0,0
A-1344619,Source2,CA,2020,1,0.22065404252999848,1,0,0
A-7106055,Source1,CA,2020,0,0.06852271153992565,0,0,0
A-523914,Source2,TX,2022,1,0.11653814199445378,0,1,0
A-3236512,Source3,TX,2017,0,0.278359467605854,1,0,1
A-3601,Source2,CA,2016,0,0.3253972892736102,1,0,1
A-6482330,Source1,CA,2021,0,0.082945479104038,0,0,0
A-2370486,Source2,CA,2019,0,0.3803294043644371,1,0,1
A-7105225,Source1,CA,2020,0,0.08154025455721017,0,0,0
A-2159764,Source2,TX,2019,0,0.18940657514725218,1,0,1
A-5531255,Source1,CA,2021,0,0.05152564525972847,0,0,0
A-6207184,Source1,CA,2021,0,0.13456582019071517,0,0,0
A-6283082,Source1,CA,2021,0,0.049287617176625664,0,0,0
A-4234723,Source1,TX,2022,0,0.0470700607072097,0,0,0
A-1119366,Source2,TX,2021,0,0.08530305376092813,0,0,0
A-6504967,Source1,CA,,0,0.03853006196516697,0,0,0
A-5381362,Source1,CA,2023,0,0.07631689066649976,0,0,0
A-1418496,Source2,CA,2020,1,0.15130507473860325,0,1,0
A-5681880,Source1,CA,2021,0,0.17982063411158897,0,0,0
A-2888532,Source2,TX,2018,1,0.16660919784585668,0,1,0
A-797889,Source2,CA,2021,0,0.07049906194849237,0,0,0
A-6078654,Source1,CA,2021,0,0.10466057895906034,0,0,0
A-4540424,Source1,CA,,0,0.040389238822100965,0,0,0
A-5699229,Source1,CA,2021,0,0.11096280585673732,0,0,0
A-3312920,Source2,TX,2017,1,0.40531211813252244,1,0,0
A-7007786,Source1,CA,2020,0,0.2541675002045186,1,0,1
A-6209199,Source1,CA,2021,0,0.19025159637526123,1,0,1
A-7241837,Source1,CA,2020,0,0.07632434982836776,0,0,0
A-111284,Source2,CA,2016,0,0.3370682148731755,1,0,1
A-2943046,Source2,CA,2018,0,0.06189828926328804,0,0,0
A-5472325,Source1,CA,,0,0.040982886176819805,0,0,0
A-62490,Source2,CA,2017,0,0.33366415011186495,1,0,1
A-3873312,Source1,CA,,0,0.027583215297025676,0,0,0
A-4215160,Source1,CA,2023,0,0.26016759178874915,1,0,1
A-6524179,Source1,CA,2021,0,0.2732802811222378,1,0,1
A-3544232,Source1,CA,2016,0,0.4445391998336995,1,0,1
A-1501720,Source2,CA,2020,0,0.18822016421974846,0,0,0
A-3964886,Source1,TX,2023,0,0.0939387665711663,0,0,0
A-1305173,Source2,CA,2020,0,0.21541109738457226,1,0,1
A-4623736,Source1,TX,,0,0.054329527418794675,0,0,0
A-7150164,Source1,CA,2020,0,0.2166129687033876,1,0,1
A-7201563,Source1,CA,2020,0,0.15898606743826266,0,0,0
A-1141436,Source2,CA,2021,0,0.06761778214715816,0,0,0
A-4431322,Source1,CA,,0,0.10217152821308559,0,0,0
A-3014492,Source2,TX,2018,0,0.36828516755254803,1,0,1
A-7198444,Source1,CA,2020,0,0.34962418302729725,1,0,1
A-2386955,Source2,TX,2018,1,0.3010145576613232,1,0,0
A-3311515,Source2,TX,2017,1,0.20653438995183607,1,0,0
A-41574,Source2,CA,2016,1,0.3325755991537457,1,0,0
A-7104689,Source1,CA,2020,0,0.10133572793980905,0,0,0
A-1368408,Source2,CA,2020,1,0.16335945896402368,0,1,0
A-6990398,Source1,CA,2020,0,0.37586560476878933,1,0,1
A-4864,Source2,CA,2016,1,0.2449431592663513,1,0,0
A-6238299,Source1,CA,2021,0,0.08662597170395034,0,0,0
A-2804163,Source2,TX,2018,1,0.43035717026417303,1,0,0
A-6170486,Source1,TX,2021,0,0.0627594773984668,0,0,0
A-7087858,Source1,CA,2020,0,0.19138043779320718,1,0,1
A-5060786,Source1,CA,2022,0,0.07574492370084765,0,0,0
A-2402322,Source2,TX,2018,0,0.18549122750827818,1,0,1
A-716536,Source2,CA,2022,0,0.03825688981294735,0,0,0
A-4672960,Source1,CA,2022,0,0.30815185966866787,1,0,1
A-5814956,Source1,CA,2021,0,0.35231245945900114,1,0,1
A-71952,Source2,CA,2016,0,0.28624100959124704,1,0,1
A-3048744,Source2,TX,2018,0,0.17660813181319512,1,0,1
A-408652,Source2,CA,2017,0,0.07738961646957221,0,0,0
A-6546934,Source1,CA,2021,0,0.04672655616147288,0,0,0
A-3327222,Source2,TX,2017,0,0.16852691226085764,0,0,0
A-7700935,Source1,CA,2017,0,0.11405384586709577,0,0,0
A-3889182,Source1,CA,,0,0.1589189503360271,1,0,1
A-4469387,Source1,TX,2022,0,0.1920659511323075,1,0,1
A-1118483,Source2,CA,2021,0,0.06192821443710998,0,0,0
A-7611997,Source1,CA,2018,0,0.3383427260511639,1,0,1
A-263478,Source2,TX,2016,1,0.29715225875131474,1,0,0
A-72557,Source2,CA,2016,1,0.28714003362547824,1,0,0
A-7018591,Source1,CA,2020,0,0.11536559227821463,0,0,0
A-1886649,Source2,TX,2019,1,0.1455137126856218,0,1,0
A-2378378,Source2,TX,2018,0,0.18129035662086307,1,0,1
A-3242135,Source2,TX,2017,0,0.21477860650656505,1,0,1
A-6617993,Source1,CA,2020,0,0.028195328145196846,0,0,0
A-7224017,Source1,CA,2020,0,0.04225993245300129,0,0,0
A-5955186,Source1,CA,,0,0.1722294908598544,1,0,1
A-5517829,Source1,CA,2021,0,0.07611906352568495,0,0,0
A-6235205,Source1,CA,2021,0,0.18715367691382528,1,0,1
A-5032944,Source1,CA,2022,0,0.09586235705847873,0,0,0
A-7053589,Source1,CA,2020,0,0.08366960526020545,0,0,0
A-1885195,Source2,TX,2019,0,0.08114010302355532,0,0,0
A-7372511,Source1,CA,2019,0,0.147815840448575,0,0,0
A-7293775,Source1,CA,2019,0,0.059234686842053186,0,0,0
A-3703467,Source1,CA,2023,0,0.08121465631160452,0,0,0
A-4050903,Source1,CA,2022,0,0.1768945922510982,0,0,0
A-2266595,Source2,CA,2019,0,0.24111975542906863,1,0,1
A-314828,Source2,CA,2017,0,0.18937409157952514,0,0,0
A-1766047,Source3,CA,2019,1,0.08997525087829542,0,1,0
A-4856523,Source1,CA,2022,0,0.07817415342062964,0,0,0
A-4507880,Source1,CA,2022,0,0.05548010312492281,0,0,0
A-6526454,Source1,CA,2021,0,0.08749581032542308,0,0,0
A-3759279,Source1,TX,2022,0,0.16782110452750104,0,0,0
A-35454,Source2,CA,2016,0,0.13479195147899187,0,0,0
A-7252472,Source1,CA,2020,0,0.047956060891604445,0,0,0
A-5557749,Source1,CA,,0,0.05227875892347106,0,0,0
A-7033505,Source1,CA,2020,1,0.11548604709308848,0,1,0
A-816820,Source2,CA,2021,0,0.11521564608517025,0,0,0
A-4088361,Source1,CA,2023,0,0.2688712727198271,1,0,1
A-4535119,Source1,CA,2022,0,0.05101708918665639,0,0,0
A-1068135,Source2,CA,2021,0,0.20103057896887638,1,0,1
A-112670,Source2,CA,2016,0,0.09469551835589832,0,0,0
A-6872422,Source1,TX,2020,0,0.1484592897746712,0,0,0
A-2146412,Source2,TX,2019,0,0.20227009947801725,1,0,1
A-6066190,Source1,TX,2021,0,0.15320247879503865,0,0,0
A-2444116,Source2,CA,2018,0,0.19532443249609005,1,0,1
A-287942,Source2,TX,2016,1,0.38623481054908176,1,0,0
A-6620238,Source1,CA,2020,0,0.04457387736881129,0,0,0
A-6496291,Source1,CA,2021,0,0.04370003547161664,0,0,0
A-3423752,Source1,CA,2016,0,0.3302845935056606,1,0,1
A-5923478,Source1,TX,2021,0,0.12438742501617768,0,0,0
A-4975972,Source1,CA,2022,0,0.15827650746433952,0,0,0
A-5741634,Source1,CA,2021,0,0.06967754082166937,0,0,0
A-5482614,Source1,CA,2021,0,0.13885749143328088,0,0,0
A-1130511,Source2,CA,2021,0,0.07764272394721568,0,0,0
A-5274881,Source1,CA,2022,0,0.04029088891940247,0,0,0
A-7308362,Source1,CA,2019,0,0.12624969820426363,0,0,0
A-1712345,Source2,TX,2019,0,0.12215185414762253,0,0,0
A-4104164,Source1,CA,2022,0,0.1345209839215051,0,0,0
A-6852378,Source1,TX,2020,0,0.15209033063249672,0,0,0
A-3535924,Source1,CA,2016,1,0.38763371109842015,1,0,0
A-6922024,Source1,CA,2020,0,0.08241562077903719,0,0,0
A-5579068,Source1,CA,2021,0,0.3307323547438991,1,0,1
A-3215742,Source2,TX,2017,1,0.4157019364550371,1,0,0
A-2369683,Source2,TX,2019,0,0.17543953938543483,1,0,1
A-4118337,Source1,CA,,0,0.05941816634705097,0,0,0
A-7584102,Source1,CA,2018,0,0.38529181038799454,1,0,1
A-1334169,Source2,CA,2020,1,0.3256543320438732,1,0,0
A-7563852,Source1,CA,2018,0,0.24442974122124558,1,0,1
A-6800436,Source1,TX,2020,0,0.10866991514544341,0,0,0
A-272211,Source2,TX,2017,1,0.13387449261068793,0,1,0
A-1281050,Source2,CA,2020,0,0.09807372647315123,0,0,0
A-4104697,Source1,CA,2022,0,0.32980452707210217,1,0,1
A-4491986,Source1,TX,,0,0.07296226760173191,0,0,0
A-4050747,Source1,CA,2022,0,0.11179868253934107,0,0,0
A-15799,Source2,CA,2016,1,0.36389477100441125,1,0,0
A-3188168,Source2,CA,2017,0,0.30541720266556627,1,0,1
A-5291637,Source1,CA,2022,0,0.16292236683088795,0,0,0
A-4947736,Source1,CA,2022,0,0.08523688402618304,0,0,0
A-6828459,Source1,TX,2020,0,0.1701224526263496,0,0,0
A-4752037,Source1,CA,2022,0,0.057145727551947204,0,0,0
A-752351,Source2,CA,2022,1,0.15578964305338958,0,1,0
A-7679778,Source1,CA,2017,0,0.35415897608534463,1,0,1
A-5858253,Source1,CA,2021,0,0.2826964449803556,1,0,1
A-6220552,Source1,TX,2021,0,0.06708526937090857,0,0,0
A-4537413,Source1,CA,,0,0.034626983413140196,0,0,0
A-595747,Source2,CA,2022,1,0.1054102494177854,0,1,0
A-5819277,Source1,CA,2021,0,0.15680779972743025,0,0,0
A-4876200,Source1,CA,2022,0,0.043131324293715155,0,0,0
A-7013290,Source1,CA,2020,0,0.09819027090056867,0,0,0
A-3420954,Source1,CA,2016,0,0.4090677605652707,1,0,1
A-2575404,Source2,CA,2018,0,0.18730465736520902,1,0,1
A-4658857,Source1,CA,2022,0,0.09372350914523526,0,0,0
A-5128241,Source1,CA,,0,0.1431051186679571,0,0,0
A-4579135,Source1,CA,2022,0,0.1888908323213214,1,0,1
A-6034100,Source1,CA,2021,0,0.18759577245280015,1,0,1
A-5179884,Source1,CA,2022,0,0.07608256038218117,0,0,0
A-6166643,Source1,CA,,0,0.15009385209210477,0,0,0
A-60389,Source2,CA,2017,0,0.2636333510431589,1,0,1
A-808940,Source2,CA,2021,1,0.06681749840176372,0,1,0
A-5310553,Source1,CA,2022,0,0.1428730029414869,0,0,0
A-3414058,Source1,CA,2016,1,0.06309604640185622,0,1,0
A-4904964,Source1,CA,,0,0.033027630789224445,0,0,0
A-6264152,Source1,CA,2021,0,0.0724820864086724,0,0,0
A-4311530,Source1,CA,2023,0,0.0454394761167735,0,0,0
A-1651728,Source2,CA,2020,0,0.036225862646434195,0,0,0
A-7119418,Source1,CA,2020,0,0.14568124654850584,0,0,0
A-265693,Source2,TX,2016,0,0.15355947178487606,0,0,0
A-5337549,Source1,CA,,0,0.08978603327897046,0,0,0
A-6473706,Source1,CA,2021,0,0.041485343612432266,0,0,0
A-6001264,Source1,CA,2021,0,0.11694789969818913,0,0,0
A-2122949,Source2,CA,2019,1,0.23700331109130396,1,0,0
A-4396900,Source1,CA,2022,0,0.1754805652451492,0,0,0
A-98518,Source2,CA,2016,0,0.08892319483776942,0,0,0
A-3170532,Source2,CA,2017,1,0.4044409617728763,1,0,0
A-5583707,Source1,CA,2021,0,0.07764321364957733,0,0,0
A-7703459,Source1,TX,2019,0,0.24742748196466416,1,0,1
A-5679663,Source1,CA,2021,0,0.07860488907569198,0,0,0
A-1262072,Source2,CA,2020,0,0.07702804584106192,0,0,0
A-6855781,Source1,TX,2020,0,0.0616657118343434,0,0,0
A-4944349,Source1,CA,,0,0.22431073522218417,1,0,1
A-7398261,Source1,CA,2019,0,0.10600114839101664,0,0,0
A-1753686,Source3,CA,2019,0,0.07695328622704593,0,0,0
A-2336293,Source2,CA,2019,1,0.1632772183193528,0,1,0
A-7375549,Source1,CA,2019,0,0.07670147942237318,0,0,0
A-4773745,Source1,TX,,0,0.04876541653616648,0,0,0
A-3026455,Source2,CA,2018,0,0.32315390988495457,1,0,1
A-5093776,Source1,CA,,0,0.07167896065149296,0,0,0
A-7418752,Source1,CA,2019,0,0.2124868491023796,1,0,1
A-291618,Source2,TX,2016,1,0.3420643891091468,1,0,0
A-7107833,Source1,CA,2020,0,0.33850062023129945,1,0,1
A-5086052,Source1,TX,,0,0.09406583255353351,0,0,0
A-5263498,Source1,CA,2023,0,0.051523861552070505,0,0,0
A-7249609,Source1,CA,2020,0,0.07177527807899801,0,0,0
A-6890818,Source1,CA,2020,0,0.04819190822361511,0,0,0
A-484850,Source2,TX,2017,1,0.23394782264633954,1,0,0
A-3593742,Source1,CA,2017,0,0.1664812144310769,0,0,0
A-6281146,Source1,CA,,0,0.042976872814478116,0,0,0
A-2136843,Source2,TX,2019,0,0.04636764670331596,0,0,0
A-5404656,Source1,CA,,0,0.18079825499156657,1,0,1
A-2607244,Source2,CA,2018,1,0.3507896296808687,1,0,0
A-7596991,Source1,CA,2018,0,0.38185354399350513,1,0,1
A-3263365,Source2,CA,2017,0,0.32460655961864493,1,0,1
A-3276665,Source2,CA,2017,1,0.3872496703525198,1,0,0
A-7608611,Source1,CA,2018,1,0.3964166521333033,1,0,0
A-394626,Source2,TX,2017,0,0.03418639361272609,0,0,0
A-3606867,Source1,CA,2017,0,0.25218832969947796,1,0,1
A-1604115,Source2,TX,2020,0,0.04741630167543321,0,0,0
A-29175,Source2,CA,2016,1,0.3376428188768467,1,0,0
A-6369847,Source1,CA,2021,0,0.04774722511705333,0,0,0
A-3830139,Source1,CA,2022,0,0.04988542171550466,0,0,0
A-692792,Source2,CA,2022,0,0.2746101485610749,1,0,1
A-5000847,Source1,CA,2022,0,0.08165058607475835,0,0,0
A-3362480,Source2,CA,2017,1,0.31224413611102736,1,0,0
A-2676254,Source2,TX,2018,0,0.04828633639259945,0,0,0
A-564222,Source2,CA,2022,0,0.09826154334977608,0,0,0
A-4386627,Source1,CA,2022,0,0.07106922928597532,0,0,0
A-6560858,Source1,CA,2021,0,0.07644896297282935,0,0,0
A-3733047,Source1,CA,2022,0,0.05986575096233941,0,0,0
A-3174548,Source2,TX,2017,0,0.06376902172581189,0,0,0
A-7059045,Source1,CA,2020,0,0.17358553297045662,0,0,0
A-66210,Source2,CA,2016,1,0.4024811523038814,1,0,0
A-5914227,Source1,CA,2021,0,0.06701997761957666,0,0,0
A-2544677,Source2,CA,2018,1,0.37733555630280347,1,0,0
A-1403348,Source2,CA,2020,1,0.1570504414598735,0,1,0
A-3416091,Source1,CA,2016,0,0.29393245769236126,1,0,1
A-937145,Source2,CA,2021,0,0.12158827725535337,0,0,0
A-6773928,Source1,CA,2020,0,0.08786361917926436,0,0,0
A-2415103,Source2,TX,2018,0,0.08912359277659118,0,0,0
A-6460602,Source1,CA,2021,0,0.06242277941850814,0,0,0
A-307000,Source2,TX,2016,1,0.14732092634901497,0,1,0
A-5947111,Source1,CA,2021,0,0.027071073160268688,0,0,0
A-5655321,Source1,TX,2021,0,0.16050668532193757,0,0,0
A-4976,Source2,CA,2016,0,0.390555090418509,1,0,1
A-1930624,Source2,TX,2019,0,0.04499582135387871,0,0,0
A-4255920,Source1,CA,2023,0,0.051103128138430653,0,0,0
A-5300225,Source1,CA,2022,0,0.13067663831892254,0,0,0
A-2176412,Source2,CA,2019,1,0.31383573906194434,1,0,0
A-6522056,Source1,CA,,0,0.05621451674581361,0,0,0
A-1206559,Source2,CA,2021,0,0.028581806143801874,0,0,0
A-7646963,Source1,CA,2017,0,0.3324246751468506,1,0,1
A-1878041,Source3,CA,2019,1,0.09847538167317313,0,1,0
A-7348414,Source1,CA,2019,0,0.3402628258182383,1,0,1
A-2235909,Source2,CA,2019,0,0.42911217656732575,1,0,1
A-4989035,Source1,CA,2023,0,0.318249071178376,1,0,1
A-6225258,Source1,TX,2021,0,0.10341276526944335,0,0,0
A-5336706,Source1,CA,,0,0.1581995589053708,0,0,0
A-114623,Source2,CA,2016,0,0.274994037202689,1,0,1
A-5655598,Source1,CA,2021,0,0.029085162728527004,0,0,0
A-345687,Source2,CA,2017,0,0.2074081344227881,1,0,1
A-5598593,Source1,TX,2021,0,0.29261687107505174,1,0,1
A-7005000,Source1,CA,2020,0,0.13009329943725428,0,0,0
A-3946391,Source1,CA,2022,0,0.04487269647678982,0,0,0
A-650600,Source2,TX,2022,1,0.048577317901201594,0,1,0
A-5520038,Source1,CA,2021,0,0.15430234285375102,0,0,0
A-458916,Source2,CA,2017,1,0.4788438079835478,1,0,0
A-107844,Source2,CA,2016,0,0.13811269409058247,0,0,0
A-7137165,Source1,TX,2020,0,0.06888930850123096,0,0,0
A-3591682,Source1,CA,2017,1,0.2560390032559479,1,0,0
A-269381,Source2,TX,2017,0,0.2901826577971883,1,0,1
A-5226531,Source1,CA,,0,0.02052460291172841,0,0,0
A-6403964,Source1,CA,2021,0,0.06339236142043442,0,0,0
A-6990725,Source1,CA,2020,0,0.16200172251775025,0,0,0
A-4956702,Source1,CA,2023,0,0.04406946744257642,0,0,0
A-3565029,Source1,CA,2017,1,0.3219702597699407,1,0,0
A-3167300,Source2,CA,2017,0,0.26344053945227897,1,0,1
A-5846995,Source1,CA,2021,0,0.07922703365976302,0,0,0
A-6788786,Source1,TX,2020,0,0.05215648285804787,0,0,0
A-7111461,Source1,CA,2020,0,0.12620123955270346,0,0,0
A-1808005,Source2,TX,2019,0,0.037748815540752545,0,0,0
A-7743733,Source1,CA,2019,0,0.316897571858801,1,0,1
A-4418498,Source1,TX,,0,0.03060181989566161,0,0,0
A-7424050,Source1,TX,2019,1,0.32714960397339377,1,0,0
A-7739539,Source1,CA,2019,0,0.23697636792599827,1,0,1
A-4146097,Source1,CA,,0,0.04964089406958623,0,0,0
A-3997880,Source1,CA,,0,0.05427412814709198,0,0,0
A-4520136,Source1,CA,2022,0,0.051904848441617045,0,0,0
A-385936,Source2,TX,2017,0,0.30367801559381863,1,0,1
A-266461,Source2,TX,2016,0,0.13986947266886118,0,0,0
A-4292294,Source1,CA,2022,0,0.06440806875191468,0,0,0
A-5715423,Source1,CA,,0,0.06707958878211737,0,0,0
A-2367912,Source2,CA,2019,0,0.26711941897253877,1,0,1
A-6973037,Source1,CA,2020,0,0.1468453911964944,0,0,0
A-4658919,Source1,CA,2022,0,0.055005367117216694,0,0,0
A-6660547,Source1,CA,2020,0,0.037170980213832146,0,0,0
A-70555,Source2,CA,2016,1,0.3059423574203737,1,0,0
A-6877052,Source1,CA,2020,0,0.0646857269536065,0,0,0
A-5466358,Source1,CA,2021,0,0.3460224161136979,1,0,1
A-4288126,Source1,CA,,0,0.04369332324587647,0,0,0
A-4246960,Source1,CA,,0,0.18256557650658894,1,0,1
A-3526621,Source1,CA,2016,0,0.34330875436261127,1,0,1
A-6440451,Source1,CA,2021,0,0.106192570489463,0,0,0
A-1445988,Source2,CA,2020,0,0.15045238652905085,0,0,0
A-3763539,Source1,CA,2023,0,0.06907908115494746,0,0,0
A-6757777,Source1,CA,2020,0,0.06806308102861704,0,0,0
A-5447925,Source1,CA,2022,0,0.21345807589622007,1,0,1
A-494209,Source2,CA,2017,0,0.3721905276420387,1,0,1
A-1657880,Source2,CA,2020,1,0.06797194092091552,0,1,0
A-2173161,Source2,TX,2019,0,0.06398907567799621,0,0,0
A-1919802,Source2,CA,2019,1,0.33521952882157013,1,0,0
A-1831065,Source2,TX,2019,1,0.13934356965273548,0,1,0
A-3638693,Source1,CA,2017,0,0.3509179082772823,1,0,1
A-2234606,Source2,TX,2019,1,0.1938110163898363,1,0,0
A-1755625,Source2,TX,2019,0,0.05718639176571459,0,0,0
A-5667273,Source1,CA,2021,0,0.07106366002392091,0,0,0
A-6073536,Source1,CA,2021,0,0.04945803600354674,0,0,0
A-3065705,Source2,CA,2018,1,0.44040485720486877,1,0,0
A-4552365,Source1,CA,2022,0,0.06838890169927662,0,0,0
A-1084653,Source2,TX,2021,0,0.1158314568854697,0,0,0
A-4216424,Source1,CA,2022,0,0.2704691624157012,1,0,1
A-6916010,Source1,CA,2020,0,0.055264084112407075,0,0,0
A-6815962,Source1,CA,2020,0,0.13832114648018326,0,0,0
A-5796281,Source1,CA,2021,0,0.06613505118566736,0,0,0
A-2679761,Source2,CA,2018,1,0.2988983164866293,1,0,0
A-6071135,Source1,TX,2021,0,0.21636380597716132,1,0,1
A-5187377,Source1,CA,2022,0,0.08284002291976797,0,0,0
A-7409458,Source1,CA,2019,0,0.044115695994441886,0,0,0
A-2167265,Source2,CA,2019,1,0.14357936382599842,0,1,0
A-2154808,Source2,TX,2019,0,0.18858186178774453,1,0,1
A-1875314,Source3,CA,2019,0,0.036005751865556976,0,0,0
A-6451571,Source1,TX,2021,0,0.09707181775143911,0,0,0
A-83640,Source2,CA,2016,1,0.25843395382802337,1,0,0
A-4767199,Source1,CA,2022,0,0.13185878576852667,0,0,0
A-1681375,Source3,CA,2019,0,0.05683864603467589,0,0,0
A-2525427,Source3,CA,2018,1,0.277139880135986,1,0,0
A-738291,Source2,TX,2022,1,0.06739121668063287,0,1,0
A-2197202,Source2,TX,2019,0,0.08121488784324737,0,0,0
A-2663109,Source2,CA,2018,0,0.29714858472495836,1,0,1
A-512526,Source2,CA,2022,0,0.0918429578709509,0,0,0
A-5350443,Source1,CA,2022,0,0.17726828400314748,0,0,0
A-3621890,Source1,CA,2017,0,0.29296935275581515,1,0,1
A-4346448,Source1,CA,2022,0,0.11842929097096624,0,0,0
A-5332750,Source1,CA,2022,0,0.059793083342255235,0,0,0
A-6072231,Source1,CA,2021,0,0.17688754642940935,0,0,0
A-31034,Source2,CA,2016,1,0.3898419295095322,1,0,0
A-4444402,Source1,CA,,0,0.02844703069093484,0,0,0
A-2551277,Source2,TX,2018,0,0.17515069589039786,0,0,0
A-2970375,Source2,TX,2018,0,0.08178830474366627,0,0,0
A-7018361,Source1,CA,2020,0,0.13670007220497638,0,0,0
A-294803,Source2,TX,2016,0,0.4190628401598978,1,0,1
A-5132004,Source1,TX,,1,0.038716290710759854,0,1,0
A-51925,Source2,CA,2016,1,0.15907984675028708,0,1,0
A-4055135,Source1,CA,2022,0,0.09914644954114973,0,0,0
A-7586446,Source1,CA,2018,0,0.32703911329275476,1,0,1
A-5475679,Source1,CA,2021,0,0.28449246763172936,1,0,1
A-1513408,Source3,CA,2020,0,0.25843395382802337,1,0,1
A-6121418,Source1,CA,,0,0.038264766540518205,0,0,0
A-7033374,Source1,CA,2020,0,0.08407862741590809,0,0,0
A-6254257,Source1,CA,2021,0,0.2944381183784598,1,0,1
A-7392296,Source1,CA,2019,0,0.1296301630046741,0,0,0
A-6165093,Source1,CA,,0,0.055287629300175466,0,0,0
A-2660749,Source2,CA,2018,0,0.3425622009805596,1,0,1
A-6660312,Source1,CA,2020,0,0.09201970591819016,0,0,0
A-5617186,Source1,CA,2021,0,0.14174856076691777,0,0,0
A-5103952,Source1,CA,,0,0.23388144628174184,1,0,1
A-7548861,Source1,CA,2018,0,0.23766966159658995,1,0,1
A-3550319,Source1,CA,2016,0,0.3937878481970959,1,0,1
A-4975579,Source1,CA,2022,0,0.054529537263289705,0,0,0
A-6422293,Source1,CA,2021,0,0.11611389400883425,0,0,0
A-1024221,Source2,TX,2021,1,0.21499332984252223,1,0,0
A-7446036,Source1,CA,2019,0,0.21950724529990664,1,0,1
A-4665143,Source1,CA,2022,0,0.05796134260269688,0,0,0
A-2401635,Source2,TX,2018,1,0.2784966001135346,1,0,0
A-6503786,Source1,TX,,0,0.04744677194559489,0,0,0
A-25130,Source2,CA,2016,0,0.3451756192233309,1,0,1
A-5599858,Source1,CA,2021,0,0.10488476124679089,0,0,0
A-4061161,Source1,TX,2022,0,0.046612279412221326,0,0,0
A-2252943,Source2,TX,2019,1,0.43127797118975736,1,0,0
A-2692524,Source2,CA,2018,0,0.39044503118954205,1,0,1
A-399674,Source2,CA,2017,1,0.3779835675654911,1,0,0
A-3964322,Source1,CA,2023,0,0.24824997347758818,1,0,1
A-4845946,Source1,CA,2022,0,0.1784868176840336,0,0,0
A-1720256,Source2,CA,2019,0,0.06279585876481872,0,0,0
A-578941,Source2,CA,2022,1,0.30827135358455005,1,0,0
A-7633193,Source1,CA,2018,0,0.3301779268842351,1,0,1
A-6657889,Source1,TX,2020,0,0.06980090439368718,0,0,0
A-6526164,Source1,CA,2021,0,0.26125450908198283,1,0,1
A-3250546,Source2,TX,2017,0,0.35879370197670807,1,0,1
A-5680962,Source1,TX,2021,0,0.15456333883763956,0,0,0
A-4441676,Source1,CA,2022,0,0.12880110060399214,0,0,0
A-4196110,Source1,CA,,0,0.1061503251908942,0,0,0
A-296799,Source2,TX,2016,0,0.3486206028162946,1,0,1
A-5762416,Source1,TX,2021,0,0.10341276526944335,0,0,0
A-6826320,Source1,CA,2020,0,0.4312505642365858,1,0,1
A-2083181,Source2,CA,2019,0,0.21189607307750583,1,0,1
A-4971365,Source1,CA,2023,0,0.0727917461871105,0,0,0
A-3929887,Source1,CA,2022,0,0.08154065545935066,0,0,0
A-3838448,Source1,CA,2022,0,0.04618673555383525,0,0,0
A-1027177,Source2,CA,2021,0,0.07722059603452405,0,0,0
A-5366613,Source1,CA,2022,0,0.1363685354808954,0,0,0
A-1282367,Source2,TX,2020,0,0.13066601002878445,0,0,0
A-1630647,Source2,TX,2020,0,0.12500581285973555,0,0,0
A-596600,Source3,CA,2022,0,0.10675812320960179,0,0,0
A-998,Source2,CA,2016,0,0.13344966004319112,0,0,0
A-5188263,Source1,CA,2022,0,0.23054512212137118,1,0,1
A-5835686,Source1,CA,2021,0,0.11186723086264978,0,0,0
A-6486463,Source1,CA,2021,0,0.05383025055872391,0,0,0
A-3075004,Source2,TX,2018,0,0.2735207304533375,1,0,1
A-4238501,Source1,CA,2022,0,0.07820629523654868,0,0,0
A-5417508,Source1,CA,,0,0.0297463350646608,0,0,0
A-106471,Source2,CA,2016,0,0.3266914941727948,1,0,1
A-5509418,Source1,TX,2021,0,0.09200932679110088,0,0,0
A-6094111,Source1,CA,2021,0,0.06564968758936665,0,0,0
A-6183852,Source1,TX,2021,0,0.07265224561962783,0,0,0
A-93962,Source2,CA,2016,0,0.2940752398339702,1,0,1
A-5432450,Source1,CA,,0,0.1455991186448354,0,0,0
A-5488404,Source1,CA,,0,0.029790841026175234,0,0,0
A-2053213,Source2,CA,2019,0,0.07980162226066204,0,0,0
A-7269666,Source1,CA,2020,0,0.023477573006420067,0,0,0
A-749406,Source2,CA,2022,0,0.06279090071105393,0,0,0
A-3327422,Source2,TX,2017,1,0.33948729163105,1,0,0
A-4959551,Source1,CA,2023,0,0.216684552551445,1,0,1
A-2277997,Source2,TX,2019,0,0.37360901549443337,1,0,1
A-3199468,Source2,CA,2017,0,0.09776292741880155,0,0,0
A-3986531,Source1,TX,2022,0,0.058517764033163965,0,0,0
A-7111886,Source1,CA,2020,0,0.10405978435119587,0,0,0
A-1191540,Source2,CA,2021,1,0.08641316876558128,0,1,0
A-42604,Source2,CA,2016,1,0.41631395953235256,1,0,0
A-7427445,Source1,CA,2019,0,0.38170743740763885,1,0,1
A-5837755,Source1,TX,2021,0,0.16492253267025922,0,0,0
A-2748478,Source2,TX,2018,0,0.40052564145885905,1,0,1
A-47602,Source2,CA,2016,0,0.09324511386897961,0,0,0
A-4035717,Source1,CA,,0,0.04908920142078798,0,0,0
A-3967886,Source1,CA,2022,0,0.08831175954585073,0,0,0
A-7335827,Source1,CA,2019,0,0.2261677375697076,1,0,1
A-4418689,Source1,CA,,0,0.1554799967449345,1,0,1
A-5315792,Source1,CA,,0,0.09837688544947029,0,0,0
A-7528555,Source1,CA,2018,0,0.3047719017527052,1,0,1
A-1294112,Source2,CA,2020,0,0.06681369649899019,0,0,0
A-7743665,Source1,CA,2019,0,0.2626729435163858,1,0,1
A-4442038,Source1,CA,2022,0,0.06643598488875566,0,0,0
A-7693121,Source1,CA,2017,0,0.1078151684426191,0,0,0
A-5485081,Source1,CA,2021,0,0.13303192421821447,0,0,0
A-7119564,Source1,CA,2020,0,0.08514618489347384,0,0,0
A-5805237,Source1,CA,2021,0,0.12668885208192512,0,0,0
A-71735,Source2,CA,2016,0,0.3011052500203918,1,0,1
A-3219215,Source2,CA,2017,1,0.2582377718889559,1,0,0
A-5699695,Source1,CA,2021,0,0.10332971237466355,0,0,0
A-3541013,Source1,CA,2016,0,0.35630008419525644,1,0,1
A-4506872,Source1,CA,2022,0,0.05934808045571125,0,0,0
A-2604141,Source2,CA,2018,0,0.19719128350519916,1,0,1
A-4981861,Source1,CA,2022,0,0.28464859069438747,1,0,1
A-3103370,Source2,CA,2017,0,0.06464614416147403,0,0,0
A-6504446,Source1,CA,,0,0.025019783669369095,0,0,0
A-7015714,Source1,CA,2020,0,0.08698321822875218,0,0,0
A-6202676,Source1,CA,2021,0,0.05243643302949528,0,0,0
A-7609163,Source1,CA,2018,1,0.10342796386696076,0,1,0
A-1663144,Source3,CA,2020,1,0.1245928350202848,0,1,0
A-1471559,Source2,CA,2020,0,0.08016497005423713,0,0,0
A-7249312,Source1,CA,2020,0,0.034659236413991996,0,0,0
A-3823905,Source1,CA,2022,0,0.26915076828367246,1,0,1
A-4815799,Source1,CA,,0,0.116142433715242,0,0,0
A-5385297,Source1,CA,,0,0.046709378186994784,0,0,0
A-3890068,Source1,CA,,0,0.048902906543675045,0,0,0
A-300880,Source2,TX,2016,1,0.3682357793247243,1,0,0
A-5111558,Source1,TX,,0,0.18391374692151433,1,0,1
A-971675,Source2,CA,2021,0,0.07049781615956352,0,0,0
A-2485978,Source2,TX,2018,0,0.2948915443535674,1,0,1
A-488262,Source2,TX,2017,1,0.38422153475258225,1,0,0
A-1828983,Source2,CA,2019,1,0.2652795365172652,1,0,0
A-6339801,Source1,CA,2021,0,0.26632004706511136,1,0,1
A-1807892,Source2,TX,2019,0,0.07783292676691647,0,0,0
A-3318189,Source2,TX,2017,1,0.3739946659383227,1,0,0
A-5639506,Source1,TX,2021,0,0.16687153797832963,0,0,0
A-12184,Source2,CA,2017,1,0.0670080263505782,0,1,0
A-2086272,Source2,TX,2019,0,0.22941948745018642,1,0,1
A-7667473,Source1,CA,2017,0,0.39704674280795194,1,0,1
A-5197443,Source1,TX,2022,0,0.14775729433977225,0,0,0
A-6009245,Source1,CA,2021,0,0.15666134063256493,0,0,0
A-7573598,Source1,CA,2018,0,0.2355769972912162,1,0,1
A-451172,Source2,TX,2017,0,0.09743911808712599,0,0,0
A-4324773,Source1,CA,2022,0,0.26093881609565645,1,0,1
A-2141867,Source2,CA,2019,0,0.06640669386212207,0,0,0
A-5141318,Source1,CA,,0,0.04317452998142931,0,0,0
A-1458698,Source2,CA,2020,0,0.04361335882404256,0,0,0
A-1136332,Source2,TX,2021,1,0.12727268746502762,0,1,0
A-6889795,Source1,TX,2020,0,0.12184482262002613,0,0,0
A-1818227,Source2,TX,2019,0,0.03588292723040531,0,0,0
A-487824,Source2,TX,2017,0,0.12143403301986108,0,0,0
A-3525794,Source1,CA,2016,0,0.1357154122839592,0,0,0
A-7757009,Source1,CA,2019,0,0.31614964805225043,1,0,1
A-4178330,Source1,CA,2022,0,0.10349434464762856,0,0,0
A-5240760,Source1,CA,2022,0,0.11596985492729091,0,0,0
A-6506751,Source1,CA,2021,0,0.32905276932443445,1,0,1
A-6262645,Source1,TX,2021,0,0.05300088060890934,0,0,0
A-3824825,Source1,CA,2022,0,0.29883474503976754,1,0,1
A-5694323,Source1,CA,2021,0,0.03368054552970566,0,0,0
A-5814782,Source1,CA,2021,0,0.12871937748538625,0,0,0
A-5917091,Source1,CA,2021,0,0.07901332108246947,0,0,0
A-5504464,Source1,CA,2021,0,0.13522932028617202,0,0,0
A-5350069,Source1,TX,2022,0,0.3378521806695689,1,0,1
A-1173343,Source2,CA,2021,0,0.06817012537371361,0,0,0
A-1062985,Source2,TX,2021,1,0.18020412180653916,0,1,0
A-2021284,Source2,CA,2019,0,0.13322300396762382,0,0,0
A-6347792,Source1,CA,2021,0,0.17702374150334815,0,0,0
A-7248324,Source1,CA,2020,0,0.11341597992432564,0,0,0
A-5064440,Source1,CA,2022,0,0.2552486215710449,1,0,1
A-6837286,Source1,TX,2020,0,0.14079228469875416,0,0,0
A-7393691,Source1,CA,2019,0,0.035354857713335366,0,0,0
A-4834340,Source1,CA,2022,0,0.13543347991670435,0,0,0
A-6659835,Source1,CA,2020,0,0.05488363277873787,0,0,0
A-3591398,Source1,CA,2017,0,0.31111284926313926,1,0,1
A-3829956,Source1,CA,2023,0,0.06099563595895112,0,0,0
A-5176932,Source1,CA,2023,0,0.13907274469069017,0,0,0
A-7721165,Source1,CA,2019,1,0.15009355762843807,0,1,0
A-1366185,Source2,TX,2020,1,0.11676999689001843,0,1,0
A-7167793,Source1,CA,2020,1,0.04354933342788843,0,1,0
A-5276628,Source1,TX,2022,0,0.1490182475395921,0,0,0
A-1428839,Source2,CA,2020,0,0.19690166246075322,1,0,1
A-434078,Source2,TX,2017,0,0.03727587088384944,0,0,0
A-5690240,Source1,CA,2021,0,0.3363251207244211,1,0,1
A-3064743,Source2,CA,2018,0,0.3467821047318519,1,0,1
A-19975,Source2,CA,2016,1,0.3432710216138001,1,0,0
A-5530532,Source1,CA,2021,0,0.12593109860521093,0,0,0
A-6085216,Source1,CA,2021,0,0.08612423233803346,0,0,0
A-1248598,Source2,CA,2020,0,0.11705200911117278,0,0,0
A-1131860,Source2,CA,2021,0,0.047249660252167314,0,0,0
A-5960233,Source1,CA,2021,0,0.06924871447529017,0,0,0
A-6013213,Source1,CA,2021,0,0.09069248115417486,0,0,0
A-5103482,Source1,CA,2023,0,0.04125054016219429,0,0,0
A-7198180,Source1,CA,2020,0,0.06930653697675357,0,0,0
A-5831296,Source1,CA,2021,0,0.02878478188484256,0,0,0
A-317500,Source2,CA,2017,0,0.10352818894512757,0,0,0
A-4446793,Source1,CA,2022,0,0.07172192151361115,0,0,0
A-4396336,Source1,TX,,0,0.021178864184448202,0,0,0
A-2250445,Source2,TX,2019,0,0.15116103519586904,0,0,0
A-69842,Source2,CA,2016,0,0.36120759768461885,1,0,1
A-855525,Source2,CA,2021,1,0.331946604802375,1,0,0
A-735655,Source3,TX,2022,0,0.2438520990032042,1,0,1
A-999688,Source2,CA,2021,1,0.10107448565260631,0,1,0
A-6564304,Source1,CA,2021,0,0.03987888003217656,0,0,0
A-7108574,Source1,CA,2020,0,0.2864409436621875,1,0,1
A-2063947,Source2,CA,2019,0,0.11281095104386715,0,0,0
A-6195824,Source1,CA,2021,0,0.16879838827228977,0,0,0
A-5918443,Source1,CA,2021,0,0.14876780817720162,0,0,0
A-393177,Source2,TX,2017,0,0.29719568722012446,1,0,1
A-1667901,Source2,CA,2020,0,0.04990398661585543,0,0,0
A-6891718,Source1,CA,2020,0,0.33081670019894965,1,0,1
A-3035852,Source2,CA,2018,1,0.13600332845461377,0,1,0
A-6374194,Source1,CA,,0,0.02783977020117308,0,0,0
A-4024013,Source1,CA,2022,0,0.1394977388731169,0,0,0
A-1800523,Source2,CA,2019,0,0.08785079115626773,0,0,0
A-2141633,Source2,TX,2019,0,0.08186788945792982,0,0,0
A-1280895,Source2,CA,2020,0,0.05424435958831821,0,0,0
A-6991860,Source1,CA,2020,0,0.09872702487650378,0,0,0
A-1734520,Source2,CA,2019,0,0.10589252053959294,0,0,0
A-6588069,Source1,CA,2020,0,0.05853511297425894,0,0,0
A-4583527,Source1,CA,,0,0.16780660187074106,0,0,0
A-60091,Source2,CA,2017,1,0.2891737455016708,1,0,0
A-5608016,Source1,CA,2021,0,0.09878244106905815,0,0,0
A-1725672,Source2,CA,2019,0,0.1934663491322324,1,0,1
A-1846246,Source2,TX,2019,1,0.20119438326936617,1,0,0
A-85353,Source2,CA,2016,0,0.3761603968125116,1,0,1
A-6463757,Source1,CA,2021,0,0.0689357565904036,0,0,0
A-606906,Source2,CA,2022,1,0.1547794109035036,0,1,0
A-2724612,Source2,CA,2018,0,0.47228946218960904,1,0,1
A-1083621,Source2,CA,2021,0,0.0537158939675596,0,0,0
A-2728734,Source2,TX,2018,0,0.4113410157156177,1,0,1
A-2023420,Source2,TX,2019,0,0.20943207236532188,1,0,1
A-567083,Source2,CA,2022,0,0.06794493040054413,0,0,0
A-6949240,Source1,TX,2020,0,0.10754272407671335,0,0,0
A-4243465,Source1,TX,,0,0.12581766267373218,0,0,0
A-7086487,Source1,CA,2020,1,0.06725887739287917,0,1,0
A-2732958,Source2,CA,2018,1,0.3805891674797525,1,0,0
A-1095341,Source2,CA,2021,0,0.059796384759295974,0,0,0
A-2346502,Source2,CA,2019,1,0.3621373753653128,1,0,0
A-6789209,Source1,CA,2020,0,0.2718599668271543,1,0,1
A-1204997,Source2,TX,2021,0,0.14999046939292424,0,0,0
A-4210544,Source1,CA,2022,0,0.14150415052519022,0,0,0
A-7359372,Source1,CA,2019,0,0.12214480559806114,0,0,0
A-3287704,Source2,CA,2017,0,0.4241696772939182,1,0,1
A-6203015,Source1,CA,2021,0,0.3138506875471926,1,0,1
A-2372063,Source2,TX,2018,1,0.17772220072406844,1,0,0
A-882208,Source2,CA,2021,0,0.1379254613459626,0,0,0
A-2173785,Source2,CA,2019,0,0.2842302010255131,1,0,1
A-3970907,Source1,CA,2022,0,0.09436754675514632,0,0,0
A-2035399,Source2,CA,2019,0,0.18645342526730876,1,0,1
A-7617233,Source1,TX,2018,1,0.17042359421859427,0,1,0
A-2249100,Source2,CA,2019,1,0.2746719480006071,1,0,0
A-20743,Source2,CA,2016,1,0.46669945161941107,1,0,0
A-2557432,Source2,TX,2018,0,0.05338838585775675,0,0,0
A-4604231,Source1,CA,,0,0.02675474313528602,0,0,0
A-50532,Source2,CA,2016,0,0.4255570393767827,1,0,1
A-7095521,Source1,CA,2020,0,0.043438187890415605,0,0,0
A-2286524,Source2,CA,2019,0,0.15838389753464246,0,0,0
A-1473642,Source3,CA,2020,0,0.2342481519401846,1,0,1
A-5533643,Source1,CA,2021,0,0.03248416180378024,0,0,0
A-399731,Source2,CA,2017,1,0.45170641010237295,1,0,0
A-7198098,Source1,CA,2020,0,0.026748210442140367,0,0,0
A-2104229,Source2,TX,2019,1,0.05813885647383408,0,1,0
A-5988981,Source1,CA,2021,0,0.27718238730986616,1,0,1
A-3167266,Source2,CA,2017,0,0.3807713961197193,1,0,1
A-7246014,Source1,CA,2020,0,0.047259373642327115,0,0,0
A-6442313,Source1,CA,2021,0,0.11139177931958541,0,0,0
A-7273135,Source1,CA,2020,0,0.13594049172924166,0,0,0
A-2673417,Source2,TX,2018,1,0.31695564455088915,1,0,0
A-529086,Source2,TX,2022,1,0.08051249654238783,0,1,0
A-3710344,Source1,CA,2022,0,0.12868194330148328,0,0,0
A-1263304,Source2,TX,2020,0,0.16532485528103807,0,0,0
A-1552129,Source3,CA,2020,1,0.16120799624828724,0,1,0
A-7418180,Source1,CA,2019,0,0.04350388725070758,0,0,0
A-5689946,Source1,CA,2021,0,0.2027347611377385,1,0,1
A-1587348,Source2,CA,2020,0,0.07340226808618006,0,0,0
A-7141746,Source1,CA,2020,0,0.12149299208858992,0,0,0
A-62876,Source2,CA,2017,1,0.3804938539284251,1,0,0
A-6565813,Source1,CA,2021,0,0.04119228990884949,0,0,0
A-66156,Source2,CA,2016,0,0.4097310204382179,1,0,1
A-4723932,Source1,CA,2022,0,0.0713029858639066,0,0,0
A-3677702,Source1,CA,,0,0.056560863569177076,0,0,0
A-6747003,Source1,CA,2020,0,0.0293977316035625,0,0,0
A-1177047,Source2,CA,2021,0,0.14894934769684035,0,0,0
A-3912741,Source1,CA,,0,0.02791390866942049,0,0,0
A-6985354,Source1,CA,2020,0,0.07483335747755257,0,0,0
A-7407775,Source1,CA,2019,0,0.059515919678718554,0,0,0
A-5314000,Source1,CA,,0,0.04062959997221418,0,0,0
A-6236850,Source1,CA,2021,0,0.12635999198038503,0,0,0
A-1841791,Source2,CA,2019,0,0.1144762729231491,0,0,0
A-7475381,Source1,TX,2018,1,0.24875930002713317,1,0,0
A-535356,Source2,TX,2022,0,0.02437012523123285,0,0,0
A-6697667,Source1,CA,2020,0,0.07461470724210234,0,0,0
A-5211746,Source1,CA,,0,0.04312813036928355,0,0,0
A-1800368,Source3,CA,2019,0,0.06293785491746288,0,0,0
A-2284146,Source2,CA,2019,0,0.256287819992821,1,0,1
A-55807,Source2,CA,2016,1,0.4217616056985607,1,0,0
A-275041,Source2,TX,2016,0,0.3753449916872447,1,0,1
A-7219880,Source1,CA,2020,0,0.061004587831113566,0,0,0
A-6279644,Source1,CA,,0,0.020358632074090832,0,0,0
A-6635760,Source1,CA,2020,0,0.029771992523408175,0,0,0
A-1030260,Source2,TX,2021,0,0.14068429217287803,0,0,0
A-3537839,Source1,CA,2016,0,0.39551535485108097,1,0,1
A-3690904,Source1,CA,2023,0,0.057599771319428304,0,0,0
A-7263356,Source1,CA,2020,0,0.24448713822220774,1,0,1
A-6457935,Source1,CA,2021,0,0.13494056867731646,0,0,0
A-4287119,Source1,CA,,0,0.13680158487978406,0,0,0
A-2003367,Source2,CA,2019,1,0.35088271798680076,1,0,0
A-7402032,Source1,CA,2019,0,0.16759412412421265,0,0,0
A-5700637,Source1,CA,2021,0,0.04746362986138398,0,0,0
A-2192973,Source2,CA,2019,1,0.13412712544468275,0,1,0
A-6428057,Source1,CA,2021,0,0.04261546094445148,0,0,0
A-95149,Source2,CA,2016,0,0.14519118558852656,0,0,0
A-7224520,Source1,CA,2020,0,0.04614703732301096,0,0,0
A-287910,Source2,TX,2016,0,0.38598800535173766,1,0,1
A-3767302,Source1,CA,2022,0,0.2666568030987036,1,0,1
A-4251953,Source1,CA,2022,0,0.05424940359913033,0,0,0
A-107134,Source2,CA,2016,0,0.4153677298753055,1,0,1
A-456062,Source2,CA,2017,0,0.33186952878214043,1,0,1
A-7583576,Source1,CA,2018,0,0.26334901420289797,1,0,1
A-6238640,Source1,TX,2021,0,0.18514367859871145,1,0,1
A-2632253,Source2,CA,2018,0,0.0814954265892797,0,0,0
A-2483236,Source2,TX,2018,0,0.07855103027211595,0,0,0
A-1486904,Source2,CA,2020,0,0.1563106981312937,0,0,0
A-3872214,Source1,CA,,0,0.0779525922498934,0,0,0
A-4236917,Source1,CA,2022,0,0.06065520027413188,0,0,0
A-5509571,Source1,CA,2021,0,0.09404476961051984,0,0,0
A-3993901,Source1,CA,2022,0,0.08799031348262401,0,0,0
A-6836746,Source1,CA,2020,0,0.16258869437499376,0,0,0
A-83394,Source2,CA,2016,1,0.3321885326070493,1,0,0
A-105923,Source2,CA,2016,0,0.38190088103578423,1,0,1
A-1901203,Source2,TX,2019,0,0.09429199414917493,0,0,0
A-5487452,Source1,CA,,0,0.07177837740023045,0,0,0
A-7115733,Source1,CA,2020,0,0.24286774622643764,1,0,1
A-5322112,Source1,CA,,0,0.030588917773956215,0,0,0
A-1773640,Source2,TX,2019,0,0.08370088573942065,0,0,0
A-5056349,Source1,CA,2023,0,0.13231795736435084,0,0,0
A-6607197,Source1,CA,2020,0,0.06863434663945929,0,0,0
A-7062400,Source1,CA,2020,0,0.14267640084489058,0,0,0
A-524626,Source3,CA,2022,1,0.2673894135834362,1,0,0
A-4979179,Source1,CA,,0,0.036573136351745875,0,0,0
A-7364215,Source1,CA,2019,0,0.08306378632007606,0,0,0
A-849613,Source2,CA,2021,1,0.40589344892882184,1,0,0
A-5431495,Source1,TX,2022,0,0.11779953479550256,0,0,0
A-4112767,Source1,CA,2022,0,0.05449288476308595,0,0,0
A-3166728,Source2,TX,2017,0,0.08335771722961047,0,0,0
A-4703232,Source1,CA,,0,0.13277950674257405,0,0,0
A-7368449,Source1,CA,2019,0,0.06610213291430944,0,0,0
A-1709834,Source2,TX,2019,0,0.24124068556466458,1,0,1
A-3821542,Source1,CA,,0,0.059544484527342845,0,0,0
A-19045,Source2,CA,2016,1,0.2959095019676352,1,0,0
A-6861752,Source1,TX,2020,0,0.1824262233734891,1,0,1
A-4005588,Source1,CA,,0,0.1374357616113581,0,0,0
A-4342294,Source1,CA,2022,0,0.09852969042376072,0,0,0
A-4349575,Source1,CA,,0,0.10579473963092109,0,0,0
A-6122964,Source1,CA,,0,0.042208496000005924,0,0,0
A-1356892,Source2,CA,2020,1,0.18433029468194223,1,0,0
A-6712886,Source1,CA,2020,0,0.0450687324894742,0,0,0
A-3953044,Source1,CA,2022,0,0.10367528830993233,0,0,0
A-113002,Source2,CA,2016,0,0.46355230747032367,1,0,1
A-3296408,Source2,TX,2017,0,0.18599065026517153,1,0,1
A-2734531,Source2,TX,2018,0,0.2569786314975798,1,0,1
A-7467079,Source1,CA,2019,0,0.20224589695453674,1,0,1
A-961335,Source2,CA,2021,0,0.1540342038221578,0,0,0
A-1988414,Source2,CA,2019,1,0.13410669722181337,0,1,0
A-7214501,Source1,CA,2020,0,0.0691290861255858,0,0,0
A-2743871,Source2,CA,2018,0,0.150741195929533,0,0,0
A-15278,Source2,CA,2016,1,0.4369639640669073,1,0,0
A-82010,Source2,CA,2016,1,0.35805660209477713,1,0,0
A-5479005,Source1,CA,2021,0,0.30423004196467196,1,0,1
A-1083763,Source2,CA,2021,0,0.2877880485811785,1,0,1
A-5495723,Source1,CA,2021,0,0.06547440544579883,0,0,0
A-7339510,Source1,CA,2019,0,0.0775390815055923,0,0,0
A-2749141,Source2,CA,2018,1,0.31169844590556894,1,0,0
A-1451584,Source3,CA,2020,0,0.1748199669964263,0,0,0
A-6599466,Source1,CA,2020,0,0.026223994784443077,0,0,0
A-786215,Source2,CA,2021,0,0.08459520428129623,0,0,0
A-4960931,Source1,CA,2022,0,0.07378288654374114,0,0,0
A-5096109,Source1,CA,2022,0,0.039838329758764036,0,0,0
A-3910537,Source1,TX,2023,0,0.17267903690877656,1,0,1
A-2434704,Source2,CA,2018,0,0.3738973612664985,1,0,1
A-5354913,Source1,TX,2022,0,0.21982815579219142,1,0,1
A-1270381,Source2,CA,2020,0,0.06592108751865702,0,0,0
A-7036888,Source1,CA,2020,0,0.27252343936962126,1,0,1
A-7476798,Source1,CA,2018,0,0.2424088736938149,1,0,1
A-6715022,Source1,CA,2020,0,0.06521974834655189,0,0,0
A-407590,Source2,CA,2017,0,0.12430523264259849,0,0,0
A-3032765,Source2,CA,2018,1,0.383340647268197,1,0,0
A-6800538,Source1,TX,2020,0,0.09629813405939337,0,0,0
A-5336303,Source1,TX,,0,0.07079916890731039,0,0,0
A-4979239,Source1,CA,,0,0.13480996505796233,0,0,0
A-619185,Source2,TX,2022,1,0.18815049030577996,1,0,0
A-4089810,Source1,CA,2022,0,0.05497058884238171,0,0,0
A-1130039,Source2,TX,2021,1,0.3697726998296854,1,0,0
A-5402551,Source1,CA,2022,0,0.22346448431201904,1,0,1
A-7041973,Source1,CA,2020,0,0.2356174546205963,1,0,1
A-3212339,Source2,CA,2017,1,0.2720803885977155,1,0,0
A-7571086,Source1,CA,2018,0,0.19967852401224276,1,0,1
A-1581802,Source2,TX,2020,1,0.06405948447508397,0,1,0
A-37075,Source2,CA,2016,1,0.3477040809801471,1,0,0
A-6633535,Source1,CA,2020,0,0.042224543753003906,0,0,0
A-1557562,Source3,CA,2020,0,0.07263742832003169,0,0,0
A-1349850,Source2,CA,2020,0,0.17812222558270382,1,0,1
A-403133,Source2,CA,2017,0,0.33728482487754596,1,0,1
A-7599026,Source1,CA,2018,0,0.35714969539360436,1,0,1
A-764664,Source2,TX,2021,1,0.20177484720646993,1,0,0
A-7242620,Source1,CA,2020,0,0.0470835951845164,0,0,0
A-4146922,Source1,CA,2022,0,0.06827814871494561,0,0,0
A-2755313,Source2,CA,2018,0,0.23028223115764818,1,0,1
A-3042085,Source2,CA,2018,0,0.37273427384577806,1,0,1
A-7105967,Source1,CA,2020,0,0.07955675336541171,0,0,0
A-3859003,Source1,TX,,0,0.028286622707750807,0,0,0
A-1250274,Source2,CA,2020,0,0.32523133650274394,1,0,1
A-7389513,Source1,CA,2019,0,0.2835115556099113,1,0,1
A-7458767,Source1,TX,2019,0,0.33331424565338374,1,0,1
A-3058998,Source2,CA,2018,0,0.27890970969349,1,0,1
A-7108860,Source1,CA,2020,0,0.3228923441370714,1,0,1
A-4325892,Source1,TX,2021,0,0.22663885022094798,1,0,1
A-3738072,Source1,CA,2022,0,0.03959912369079643,0,0,0
A-352428,Source2,CA,2017,1,0.3719553345813763,1,0,0
A-402934,Source2,CA,2017,1,0.34836022241716663,1,0,0
A-33587,Source2,CA,2016,1,0.33442561129586157,1,0,0
A-2974687,Source2,CA,2018,1,0.3302804030028496,1,0,0
A-3198693,Source2,TX,2017,0,0.07440191733542945,0,0,0
A-651170,Source3,CA,2022,0,0.05544557624647621,0,0,0
A-5793264,Source1,CA,2021,0,0.1079702973912164,0,0,0
A-4891378,Source1,CA,2022,0,0.3064639702591613,1,0,1
A-7238304,Source1,CA,2020,0,0.1181983086622805,0,0,0
A-2110217,Source2,CA,2019,1,0.39971997143294524,1,0,0
A-846066,Source2,CA,2021,0,0.11392655258511464,0,0,0
A-1761699,Source3,CA,2019,0,0.32491155670906213,1,0,1
A-7112891,Source1,CA,2020,0,0.04198419188713102,0,0,0
A-5634891,Source1,CA,2021,0,0.11357281922513876,0,0,0
A-1479442,Source2,CA,2020,0,0.07899722239064332,0,0,0
A-1840986,Source2,CA,2019,0,0.057735857648442926,0,0,0
A-630399,Source2,TX,2022,0,0.1698549973312866,0,0,0
A-5470837,Source1,TX,2021,0,0.03719848545381868,0,0,0
A-3062023,Source2,CA,2018,0,0.30660004431721155,1,0,1
A-2760267,Source2,CA,2018,0,0.22983272989070708,1,0,1
A-7680294,Source1,CA,2017,0,0.3024791386168304,1,0,1
A-6966448,Source1,TX,2020,0,0.037616402227480805,0,0,0
A-2541669,Source2,CA,2018,1,0.47497022716603504,1,0,0
A-4619258,Source1,CA,2022,0,0.07133951646660296,0,0,0
A-3891258,Source1,CA,,0,0.05785036643656705,0,0,0
A-2158069,Source2,CA,2019,1,0.2834271105403025,1,0,0
A-1599079,Source2,TX,2020,0,0.05147184452442847,0,0,0
A-650877,Source2,TX,2022,1,0.2687028010378974,1,0,0
A-1841005,Source2,CA,2019,0,0.054219347439628085,0,0,0
A-7236536,Source1,CA,2020,0,0.2873126191330673,1,0,1
A-3195684,Source2,TX,2017,0,0.3403991834084513,1,0,1
A-23708,Source2,CA,2016,1,0.4362858167866068,1,0,0
A-988727,Source2,CA,2021,1,0.16763799231379226,0,1,0
A-2544242,Source2,TX,2018,0,0.24024850503220194,1,0,1
A-6990519,Source1,CA,2020,0,0.14678532665899602,0,0,0
A-2350166,Source2,CA,2019,0,0.30006377048185956,1,0,1
A-2448561,Source2,CA,2018,0,0.3780003088547134,1,0,1
A-1929029,Source2,CA,2019,0,0.07457634258748677,0,0,0
A-7477808,Source1,CA,2018,0,0.12813668913028115,0,0,0
A-4665412,Source1,CA,2022,0,0.1516762819879767,0,0,0
A-4696902,Source1,CA,2022,0,0.1510747836048253,0,0,0
A-42264,Source2,CA,2016,1,0.3703213353377758,1,0,0
A-3674439,Source1,CA,2023,0,0.26973528520349055,1,0,1
A-4161247,Source1,CA,2023,0,0.08049221657009539,0,0,0
A-3397471,Source3,CA,2017,0,0.3122984206948344,1,0,1
A-5831596,Source1,CA,2021,0,0.11534680903028496,0,0,0
A-2488349,Source2,CA,2018,1,0.23641422003653262,1,0,0
A-4341530,Source1,CA,2022,0,0.2712844888112907,1,0,1
A-75135,Source2,CA,2016,1,0.3276791440694622,1,0,0
A-1016649,Source2,CA,2021,0,0.14239830105535195,0,0,0
A-6033855,Source1,CA,2021,0,0.299245501355108,1,0,1
A-6033782,Source1,CA,2021,0,0.03307272915803257,0,0,0
A-4001643,Source1,TX,2022,0,0.03501561895414478,0,0,0
A-5090727,Source1,CA,2022,0,0.21160603754671325,1,0,1
A-2912304,Source2,CA,2018,1,0.28822328951196485,1,0,0
A-2032968,Source2,TX,2019,0,0.05114964982234108,0,0,0
A-384603,Source2,TX,2017,0,0.0632144159426279,0,0,0
A-1873056,Source3,CA,2019,0,0.12003158660552346,0,0,0
A-71619,Source2,CA,2016,0,0.2542046271546269,1,0,1
A-3532547,Source1,CA,2017,0,0.1468922203584493,0,0,0
A-7217210,Source1,CA,2020,0,0.26150215444922387,1,0,1
A-5707942,Source1,TX,2021,0,0.1936360390402264,1,0,1
A-5556725,Source1,CA,2021,0,0.08894420409054951,0,0,0
A-7305079,Source1,CA,2019,0,0.22205716234642195,1,0,1
A-3164345,Source2,TX,2017,0,0.36801609326658447,1,0,1
A-7432775,Source1,CA,2019,0,0.33795788336909965,1,0,1
A-7314569,Source1,CA,2019,0,0.08678641128324902,0,0,0
A-3623138,Source1,CA,2017,0,0.2958359742420814,1,0,1
A-3700781,Source1,CA,2023,0,0.2857202025029293,1,0,1
A-5267685,Source1,CA,2022,0,0.3044016082871341,1,0,1
A-6682544,Source1,CA,2020,0,0.06428695777688861,0,0,0
A-6865806,Source1,CA,2020,0,0.07696618264093161,0,0,0
A-4803750,Source1,CA,,0,0.0771686795514146,0,0,0
A-2927918,Source2,CA,2018,0,0.27085983605345726,1,0,1
A-5312333,Source1,CA,2022,0,0.056433699913396085,0,0,0
A-4538242,Source1,CA,,0,0.04872577740151064,0,0,0
A-2265686,Source2,TX,2019,0,0.2719417766114737,1,0,1
A-772790,Source2,CA,2021,0,0.16341820882542352,0,0,0
A-7273787,Source1,CA,2020,0,0.16280047748557216,0,0,0
A-7209554,Source1,CA,2020,0,0.07128804907124381,0,0,0
A-392728,Source2,TX,2017,0,0.19808633239049903,1,0,1
A-2876686,Source2,TX,2018,1,0.34704698917129695,1,0,0
A-2525461,Source2,CA,2018,0,0.37547901994238375,1,0,1
A-4966738,Source1,CA,2022,0,0.3667359364717691,1,0,1
A-1536568,Source2,TX,2020,0,0.13670091384455654,0,0,0
A-6432659,Source1,CA,2021,0,0.07494844569004801,0,0,0
A-5485765,Source1,CA,2021,0,0.2999485912411351,1,0,1
A-3205515,Source2,CA,2017,0,0.37721319470827563,1,0,1
A-2288819,Source2,TX,2019,0,0.0725037014674009,0,0,0
A-7083680,Source1,TX,2020,1,0.08212640153602276,0,1,0
A-7307134,Source1,CA,2019,0,0.24612054498934088,1,0,1
A-6667739,Source1,CA,2020,0,0.0874733105587561,0,0,0
A-1928581,Source2,TX,2019,0,0.2741748025480213,1,0,1
A-5698647,Source1,TX,2021,0,0.08124761225657014,0,0,0
A-3793078,Source1,CA,,0,0.05521554189440736,0,0,0
A-6859829,Source1,TX,2020,0,0.21121596978578588,1,0,1
A-7416872,Source1,CA,2019,0,0.057790421573169395,0,0,0
A-5024478,Source1,CA,2022,0,0.08893587532650382,0,0,0
A-5918837,Source1,CA,2021,0,0.10499737594945295,0,0,0
A-1172679,Source2,CA,2021,0,0.028141432112951857,0,0,0
A-3870515,Source1,TX,,0,0.08274393032744556,0,0,0
A-7351659,Source1,CA,2019,0,0.032320224136971235,0,0,0
A-13638,Source2,CA,2016,0,0.36379152177067337,1,0,1
A-4262121,Source1,CA,2022,0,0.046823356485258226,0,0,0
A-4928572,Source1,CA,,0,0.0357735089609972,0,0,0
A-6415966,Source1,CA,2021,0,0.024911695306627245,0,0,0
A-7319834,Source1,CA,2019,0,0.09591978163174031,0,0,0
A-6875617,Source1,CA,2020,0,0.1881335885656787,1,0,1
A-4805413,Source1,CA,,0,0.15578964305338958,0,0,0
A-73201,Source2,CA,2016,0,0.3630507759094895,1,0,1
A-1586811,Source2,CA,2020,0,0.06630905444976204,0,0,0
A-2609835,Source2,CA,2018,0,0.26116226473973675,1,0,1
A-584899,Source2,TX,2022,0,0.1348937727512464,0,0,0
A-510673,Source2,TX,2017,1,0.31583939452655624,1,0,0
A-7298794,Source1,CA,2019,0,0.058951145699164,0,0,0
A-4327317,Source1,CA,2022,0,0.050295883600292114,0,0,0
A-4090543,Source1,TX,2022,0,0.3441678885097269,1,0,1
A-3543316,Source1,CA,2016,0,0.3590666800171639,1,0,1
A-2329519,Source2,TX,2019,1,0.3327135252034221,1,0,0
A-3699316,Source1,TX,2023,0,0.11684768173336604,0,0,0
A-3674150,Source1,CA,2023,0,0.1560881949169095,0,0,0
A-7050994,Source1,CA,2020,0,0.2954066087023065,1,0,1
A-2927187,Source2,TX,2018,0,0.34844333038936853,1,0,1
A-2760108,Source2,CA,2018,0,0.2817853945934969,1,0,1
A-402467,Source2,CA,2017,1,0.2802083095378331,1,0,0
A-4319659,Source1,CA,2023,0,0.03743537341987898,0,0,0
A-345156,Source2,CA,2017,1,0.28949411517234336,1,0,0
A-3623762,Source1,TX,2017,1,0.33287750748025524,1,0,0
A-6901423,Source1,CA,2020,0,0.06668738850493791,0,0,0
A-5532671,Source1,CA,2021,0,0.3398291693654367,1,0,1
A-2688370,Source2,TX,2018,0,0.4342748111181158,1,0,1
A-3268472,Source2,CA,2017,1,0.27154217665057306,1,0,0
A-636339,Source2,TX,2022,1,0.18663357878112205,0,1,0
A-909841,Source2,TX,2021,0,0.034056328073578924,0,0,0
A-7321130,Source1,CA,2019,0,0.18616992344265426,1,0,1
A-7291402,Source1,CA,2019,0,0.033831130516271866,0,0,0
A-5331160,Source1,CA,,0,0.03029987302252627,0,0,0
A-6396793,Source1,CA,2021,0,0.2951394939168668,1,0,1
A-48761,Source2,CA,2016,1,0.32155588034903254,1,0,0
A-2434619,Source2,CA,2018,0,0.3055395928649128,1,0,1
A-1471471,Source3,CA,2020,0,0.059323580679323716,0,0,0
A-4719684,Source1,CA,,0,0.034067110128338,0,0,0
A-5395941,Source1,CA,2022,0,0.26585442031777584,1,0,1
A-1882194,Source2,TX,2019,0,0.05663859115482165,0,0,0
A-5838849,Source1,CA,2021,0,0.09885431750977894,0,0,0
A-1242408,Source2,CA,2020,0,0.023933934056187222,0,0,0
A-433163,Source2,TX,2017,0,0.1826653094004836,1,0,1
A-2120945,Source2,CA,2019,0,0.29602911914123,1,0,1
A-4496254,Source1,TX,,0,0.08282435509317546,0,0,0
A-4241495,Source1,TX,2022,0,0.0988644254305205,0,0,0
A-4170858,Source1,CA,2022,0,0.026758429556660905,0,0,0
A-3621013,Source1,CA,2017,0,0.2948283592581239,1,0,1
A-4971109,Source1,CA,2022,0,0.10032036064655243,0,0,0
A-2599342,Source2,TX,2018,1,0.37141713652747615,1,0,0
A-7336213,Source1,CA,2019,0,0.09204125750603445,0,0,0
A-3185661,Source2,CA,2017,0,0.056692173550290895,0,0,0
A-944560,Source3,CA,2021,0,0.18577160755087127,0,0,0
A-7164732,Source1,CA,2020,0,0.20510806343163268,1,0,1
A-5176827,Source1,CA,2022,0,0.08483004343451042,0,0,0
A-3533217,Source1,CA,2016,0,0.15984333543148188,1,0,1
A-4838943,Source1,CA,2022,0,0.08641182867827323,0,0,0
A-3655539,Source1,CA,,0,0.04689676775507379,0,0,0
A-6779339,Source1,TX,2020,0,0.030732886075055216,0,0,0
A-1064836,Source2,CA,2021,0,0.3266115259431686,1,0,1
A-2361472,Source2,CA,2019,1,0.30721389481619027,1,0,0
A-5704540,Source1,CA,2021,0,0.22710277782834334,1,0,1
A-350628,Source2,CA,2017,1,0.3508000784813787,1,0,0
A-981781,Source2,TX,2021,1,0.06929131893402378,0,1,0
A-1730628,Source3,CA,2019,1,0.2767391986411941,1,0,0
A-7366870,Source1,CA,2019,0,0.2743403115040849,1,0,1
A-3701714,Source1,CA,2023,0,0.05937087904413958,0,0,0
A-495732,Source2,CA,2017,0,0.40081081425834625,1,0,1
A-6868842,Source1,CA,2020,0,0.05438594893830702,0,0,0
A-5059978,Source1,CA,2022,0,0.3634804142407778,1,0,1
A-1901216,Source2,TX,2019,0,0.04955024872470045,0,0,0
A-1477977,Source2,CA,2020,1,0.13617841471548203,0,1,0
A-2972333,Source2,CA,2018,1,0.299270851978725,1,0,0
A-2589841,Source2,CA,2018,0,0.2986974860109203,1,0,1
A-342606,Source2,CA,2017,1,0.37128542965001154,1,0,0
A-6718545,Source1,CA,2020,0,0.14910361756525878,0,0,0
A-279533,Source2,TX,2016,0,0.29723296529359516,1,0,1
A-3364605,Source2,TX,2017,0,0.0774512893850262,0,0,0
A-7358356,Source1,CA,2019,0,0.09001278139885856,0,0,0
A-4918336,Source1,CA,2022,0,0.15668596700897003,0,0,0
A-6747767,Source1,TX,2020,0,0.026173204705974385,0,0,0
A-4252289,Source1,CA,2022,0,0.10525964610173769,0,0,0
A-6916168,Source1,CA,2020,0,0.08357355779390938,0,0,0
A-687456,Source2,CA,2022,1,0.10051337844695393,0,1,0
A-435256,Source2,TX,2017,0,0.05403523553790903,0,0,0
A-653755,Source2,CA,2022,1,0.08492451331258995,0,1,0
A-1389035,Source2,TX,2020,0,0.16298660106422874,0,0,0
A-3358221,Source2,TX,2017,0,0.23395642916886975,1,0,1
A-6019660,Source1,CA,2021,0,0.09173991827136006,0,0,0
A-5863149,Source1,CA,2021,0,0.05465795269867668,0,0,0
A-6402675,Source1,CA,2021,0,0.2301515613949546,1,0,1
A-4446847,Source1,CA,2022,0,0.297382959527718,1,0,1
A-7387700,Source1,CA,2019,0,0.30551945655097573,1,0,1
A-1802171,Source2,TX,2019,0,0.24654828693033695,1,0,1
A-494776,Source2,CA,2017,0,0.14571125668030568,0,0,0
A-7992,Source2,CA,2016,0,0.27593209881203723,1,0,1
A-5496424,Source1,CA,2021,0,0.24892150042731717,1,0,1
A-1473743,Source2,CA,2020,0,0.04167340907948886,0,0,0
A-1609959,Source2,TX,2020,0,0.11329401226923863,0,0,0
A-3848602,Source1,TX,2022,0,0.0900457016059036,0,0,0
A-5526489,Source1,TX,,0,0.19617076038971454,1,0,1
A-5965697,Source1,TX,2021,0,0.17910263172634616,0,0,0
A-2557980,Source2,CA,2018,1,0.1368701255472087,0,1,0
A-7565366,Source1,CA,2018,0,0.32683170030051456,1,0,1
A-5971553,Source1,TX,,0,0.09211618654934328,0,0,0
A-2904394,Source2,CA,2018,0,0.276703075874077,1,0,1
A-624391,Source3,CA,2022,0,0.0814850928068628,0,0,0
A-2908644,Source2,TX,2018,0,0.08272653160683942,0,0,0
A-2626714,Source2,CA,2018,0,0.2846451750651561,1,0,1
A-5390842,Source1,CA,,0,0.03095176343453081,0,0,0
A-4649736,Source1,CA,2023,0,0.27521115289722076,1,0,1
A-5276181,Source1,TX,2022,0,0.18275616771191863,1,0,1
A-5185149,Source1,CA,2023,0,0.1736219069190987,0,0,0
A-3152049,Source2,TX,2017,1,0.05534804831221737,0,1,0
A-824400,Source2,TX,2021,1,0.16858528528072605,0,1,0
A-2578293,Source2,CA,2018,1,0.3938358444589984,1,0,0
A-4269811,Source1,CA,2022,0,0.139467214413378,0,0,0
A-3293750,Source2,CA,2017,0,0.2697069502220173,1,0,1
A-386966,Source2,TX,2017,0,0.403486855294415,1,0,1
A-557137,Source2,CA,2022,1,0.138245240801311,0,1,0
A-6394787,Source1,TX,2021,0,0.09614545171660334,0,0,0
A-4690269,Source1,CA,,0,0.03809357500149445,0,0,0
A-5568000,Source1,CA,2021,0,0.15372460049850784,0,0,0
A-5431594,Source1,CA,2022,0,0.04505996313687101,0,0,0
A-5233238,Source1,TX,,0,0.04522141710868334,0,0,0
A-271025,Source2,TX,2017,0,0.091945565896404,0,0,0
A-1177371,Source2,CA,2021,1,0.24876721850513314,1,0,0
A-1026687,Source2,TX,2021,1,0.19395582439457523,1,0,0
A-4896885,Source1,CA,2022,0,0.07608345427976612,0,0,0
A-4077580,Source1,CA,,0,0.08806399576638449,0,0,0
A-4642495,Source1,TX,2022,0,0.21350971332730745,1,0,1
A-2872169,Source2,CA,2018,1,0.3882537983157187,1,0,0
A-2999471,Source2,TX,2018,0,0.32702889382687195,1,0,1
A-6534953,Source1,CA,2021,0,0.05420288289254092,0,0,0
A-7365682,Source1,CA,2019,0,0.04161652325080369,0,0,0
A-105920,Source2,CA,2016,1,0.4061853092918698,1,0,0
A-7092973,Source1,CA,2020,0,0.13102317064158148,0,0,0
A-7496491,Source1,CA,2018,0,0.3307787972191159,1,0,1
A-101376,Source2,CA,2016,0,0.03849583837677118,0,0,0
A-4325782,Source1,TX,2022,0,0.04100420660998421,0,0,0
A-2703436,Source2,TX,2018,1,0.16475991049146985,0,1,0
A-6020677,Source1,TX,2021,0,0.15219390953244258,0,0,0
A-3418739,Source1,CA,2016,1,0.5291000229708123,1,0,0
A-5728018,Source1,CA,2021,0,0.2773525342831466,1,0,1
A-6410751,Source1,TX,,0,0.037201569149352944,0,0,0
A-4280890,Source1,CA,2022,0,0.22851319063675954,1,0,1
A-6263898,Source1,CA,2021,0,0.23557230236498347,1,0,1
A-3526356,Source1,CA,2016,0,0.3738452913106235,1,0,1
A-7314502,Source1,CA,2019,0,0.07010352390166485,0,0,0
A-2332084,Source2,TX,2019,0,0.23057889373720458,1,0,1
A-1978278,Source2,CA,2019,1,0.09742621886482809,0,1,0
A-5308688,Source1,CA,2022,0,0.0479460166717969,0,0,0
A-991914,Source2,CA,2021,0,0.2694698053523659,1,0,1
A-6144464,Source1,TX,2021,0,0.08534622579412515,0,0,0
A-12889,Source2,CA,2016,0,0.40817253394407754,1,0,1
A-5377880,Source1,CA,,0,0.032340329352736,0,0,0
A-1004394,Source2,TX,2021,0,0.14367033319998326,0,0,0
A-4200122,Source1,CA,2022,0,0.0655074551304666,0,0,0
A-3423107,Source1,CA,2016,0,0.059632134167777684,0,0,0
A-6358709,Source1,CA,2021,0,0.07794001662147554,0,0,0
A-4352083,Source1,CA,2022,0,0.15517036697187261,0,0,0
A-1874595,Source2,TX,2019,0,0.24483354657780315,1,0,1
A-7127042,Source1,CA,2020,1,0.23484781553011524,1,0,0
A-6105653,Source1,CA,2021,0,0.23013857653476685,1,0,1
A-3532956,Source1,CA,2016,0,0.3458767253397616,1,0,1
A-7447485,Source1,CA,2019,0,0.22700066743576838,1,0,1
A-4608551,Source1,CA,2022,0,0.2731861533518293,1,0,1
A-7750328,Source1,CA,2019,0,0.22216065664161438,1,0,1
A-6205833,Source1,CA,2021,0,0.07471531271836312,0,0,0
A-4141685,Source1,CA,2022,0,0.23113302062547264,1,0,1
A-7086281,Source1,CA,2020,0,0.3878248934908908,1,0,1
A-5945175,Source1,CA,2021,0,0.18286366542909546,1,0,1
A-5107827,Source1,CA,,0,0.02407128783873476,0,0,0
A-2992040,Source2,CA,2018,0,0.3895411582091825,1,0,1
A-349194,Source2,CA,2017,0,0.10161831632844938,0,0,0
A-7568792,Source1,CA,2018,0,0.2940508661216398,1,0,1
A-6540158,Source1,CA,2021,0,0.0824111577725987,0,0,0
A-553814,Source2,TX,2022,1,0.17095800497987662,0,1,0
A-561479,Source2,CA,2022,0,0.27511109374952825,1,0,1
A-6134656,Source1,TX,2021,0,0.30768476319821664,1,0,1
A-3132614,Source2,TX,2017,0,0.21251102743324818,1,0,1
A-7303994,Source1,CA,2019,0,0.39561923044455927,1,0,1
A-438755,Source2,CA,2017,0,0.2547772587528768,1,0,1
A-6168482,Source1,CA,2021,0,0.10502739898936293,0,0,0
A-7440273,Source1,CA,2019,1,0.1217397983755085,0,1,0
A-3423594,Source1,CA,2016,0,0.2689327592633378,1,0,1
A-4263467,Source1,CA,2022,0,0.1360902020353802,0,0,0
A-916152,Source2,CA,2021,1,0.16014709449936235,0,1,0
A-4215122,Source1,TX,2022,0,0.10991208967864101,0,0,0
A-269448,Source2,TX,2017,1,0.4252986177966047,1,0,0
A-3287062,Source2,TX,2017,0,0.038506627670428194,0,0,0
A-5064374,Source1,CA,2022,0,0.33937151341655036,1,0,1
A-6534449,Source1,CA,2021,0,0.03721413553744337,0,0,0
A-2157954,Source2,TX,2019,0,0.05812202876410629,0,0,0
A-1205193,Source2,CA,2021,0,0.2565908778867706,1,0,1
A-7124439,Source1,CA,2020,0,0.21730389113850465,1,0,1
A-3862262,Source1,TX,2022,0,0.18852163192253482,1,0,1
A-459569,Source2,CA,2017,1,0.3438815605971726,1,0,0
A-4971822,Source1,TX,2022,0,0.18099255004437215,0,0,0
A-725519,Source2,CA,2022,0,0.21383790050209733,1,0,1
A-6300816,Source1,CA,,0,0.043228646797828355,0,0,0
A-6821403,Source1,CA,2020,0,0.08579528786896731,0,0,0
A-5694652,Source1,CA,2021,0,0.07697435903396876,0,0,0
A-1985565,Source2,TX,2019,1,0.13907110018035496,0,1,0
A-1165912,Source2,TX,2021,0,0.08561243264174584,0,0,0
A-7248400,Source1,CA,2020,0,0.0602341143153393,0,0,0
A-3144965,Source2,TX,2017,0,0.09423725784163077,0,0,0
A-6777994,Source1,CA,2020,0,0.12150097137310398,0,0,0
A-6455160,Source1,CA,2021,0,0.06754861659894963,0,0,0
A-96367,Source2,CA,2016,0,0.3101049157564603,1,0,1
A-3925103,Source1,CA,,0,0.07468764909636008,0,0,0
A-9603,Source2,CA,2017,1,0.239273642099675,1,0,0
A-338179,Source2,CA,2017,0,0.3593680221701527,1,0,1
A-4939423,Source1,CA,2022,0,0.14745282045664454,0,0,0
A-829393,Source2,CA,2021,0,0.13068778869423459,0,0,0
A-2889389,Source2,CA,2018,0,0.27883026141804274,1,0,1
A-1448153,Source2,TX,2020,0,0.05787317019508266,0,0,0
A-779706,Source2,CA,2021,0,0.15277494573238115,0,0,0
A-4133455,Source1,CA,2022,0,0.26017884807641545,1,0,1
A-2454778,Source2,CA,2018,0,0.2456903933403151,1,0,1
A-5997855,Source1,CA,2021,0,0.08139782589300151,0,0,0
A-4853594,Source1,TX,2022,0,0.13569945387932297,0,0,0
A-4421987,Source1,CA,,0,0.05141642022321495,0,0,0
A-5222138,Source1,CA,2022,0,0.26416042976222853,1,0,1
A-7329726,Source1,CA,2019,0,0.08974799467634986,0,0,0
A-486956,Source2,TX,2017,0,0.15060999918986756,0,0,0
A-4421950,Source1,TX,,0,0.056885948099683635,0,0,0
A-6019242,Source1,TX,2021,0,0.16673633356526135,0,0,0
A-1183391,Source2,CA,2021,0,0.08961889458268968,0,0,0
A-4592434,Source1,CA,2023,0,0.23766195359281808,1,0,1
A-7734013,Source1,TX,2019,1,0.2156433285167127,1,0,0
A-1461507,Source3,CA,2020,0,0.09381131886913782,0,0,0
A-6310559,Source1,CA,2021,0,0.151028001350132,0,0,0
A-4959205,Source1,CA,2022,0,0.07090196506411536,0,0,0
A-644558,Source2,CA,2022,0,0.2994494468207872,1,0,1
A-813,Source2,CA,2016,1,0.3740778947689357,1,0,0
A-7110606,Source1,CA,2020,0,0.17394542638817106,0,0,0
A-107232,Source2,CA,2016,1,0.38519009856225367,1,0,0
A-7329337,Source1,CA,2019,0,0.06863113183391283,0,0,0
A-284991,Source2,TX,2016,0,0.04490351637306468,0,0,0
A-4792763,Source1,CA,2022,0,0.06134187258383237,0,0,0
A-5457418,Source1,CA,2022,0,0.14837537412083207,0,0,0
A-55163,Source2,CA,2016,0,0.15565103785231452,0,0,0
A-4429860,Source1,CA,,0,0.025652943414223785,0,0,0
A-1917692,Source2,TX,2019,0,0.18855427992679347,1,0,1
A-1498625,Source2,TX,2020,0,0.24852439010612257,1,0,1
A-5653012,Source1,TX,,0,0.05284924757406947,0,0,0
A-2660577,Source2,CA,2018,0,0.4393387229212845,1,0,1
A-4812467,Source1,CA,2023,0,0.12342638177612344,0,0,0
A-1969145,Source2,CA,2019,0,0.08322426644197935,0,0,0
A-6760798,Source1,CA,2020,0,0.06686899040521117,0,0,0
A-6836028,Source1,CA,2020,0,0.34080050558294195,1,0,1
A-5960493,Source1,CA,2021,0,0.291651152581024,1,0,1
A-2260678,Source2,CA,2019,0,0.2603258224211715,1,0,1
A-1885493,Source2,CA,2019,1,0.11410840020832917,0,1,0
A-2261418,Source2,CA,2019,0,0.1373328864626325,0,0,0
A-4330563,Source1,CA,2022,0,0.055211499805627715,0,0,0
A-6323548,Source1,TX,2021,0,0.09191093082668741,0,0,0
A-2476737,Source2,CA,2018,0,0.31279494027605204,1,0,1
A-5575640,Source1,CA,2021,0,0.15236538276911146,0,0,0
A-5053432,Source1,TX,2022,0,0.09762365324763421,0,0,0
A-4533617,Source1,CA,2022,0,0.07285292907377154,0,0,0
A-3987097,Source1,CA,2022,0,0.10629782919931974,0,0,0
A-5295405,Source1,CA,2022,0,0.2743077795338722,1,0,1
A-2863256,Source2,CA,2018,1,0.4834458127200357,1,0,0
A-2764009,Source2,TX,2018,0,0.18141705371122172,1,0,1
A-1260091,Source2,CA,2020,0,0.05997692668364337,0,0,0
A-5646910,Source1,TX,2021,0,0.04185956048476343,0,0,0
A-1269957,Source2,TX,2020,0,0.1411217190875549,0,0,0
A-3953534,Source1,CA,2022,0,0.12005013121822843,0,0,0
A-101310,Source2,CA,2016,1,0.36489199636583475,1,0,0
A-5169637,Source1,CA,2022,0,0.10631135213960777,0,0,0
A-4705650,Source1,TX,2022,0,0.07883531647920498,0,0,0
A-6429541,Source1,CA,,0,0.02829029046638114,0,0,0
A-6849230,Source1,CA,2020,0,0.26414852413272294,1,0,1
A-7669344,Source1,TX,2017,0,0.22898079112777184,1,0,1
A-5277502,Source1,CA,2023,0,0.08028943200832162,0,0,0
A-5821671,Source1,CA,2021,0,0.10887876882276633,0,0,0
A-759465,Source2,TX,2021,1,0.08501866819406165,0,1,0
A-463270,Source2,CA,2017,1,0.26569236199888496,1,0,0
A-7476800,Source1,CA,2018,0,0.24551810407987246,1,0,1
A-4566975,Source1,CA,2022,0,0.05166120025838672,0,0,0
A-2557991,Source2,CA,2018,0,0.08182884520978415,0,0,0
A-3592085,Source1,CA,2017,0,0.3492996075376236,1,0,1
A-2968419,Source2,CA,2018,1,0.3363596014746183,1,0,0
A-1500425,Source3,CA,2020,1,0.27300161915902427,1,0,0
A-7593205,Source1,CA,2018,0,0.3407972497289251,1,0,1
A-339319,Source2,CA,2017,1,0.2758064204372316,1,0,0
A-6349621,Source1,CA,2021,0,0.1395531711271612,0,0,0
A-7210484,Source1,TX,2020,1,0.07712941417343945,0,1,0
A-6011150,Source1,CA,,0,0.06240693796662319,0,0,0
A-5198086,Source1,CA,,0,0.04084447967995332,0,0,0
A-486936,Source2,TX,2017,0,0.04817665208917402,0,0,0
A-5637068,Source1,CA,,0,0.04820205764484718,0,0,0
A-6202034,Source1,CA,2021,0,0.1299374785666218,0,0,0
A-7637695,Source1,CA,2018,1,0.35059796162583334,1,0,0
A-5723163,Source1,CA,2021,0,0.13432375078846767,0,0,0
A-7431710,Source1,CA,2019,0,0.2973008404617412,1,0,1
A-7411496,Source1,CA,2019,0,0.11024119904721275,0,0,0
A-4293315,Source1,CA,2022,0,0.17478822820124046,0,0,0
A-6158558,Source1,CA,2021,0,0.11233637050665213,0,0,0
A-5937558,Source1,CA,2021,0,0.02980575717629853,0,0,0
A-4184366,Source1,CA,2022,0,0.06992955960697007,0,0,0
A-7664112,Source1,TX,2017,1,0.3896201091300208,1,0,0
A-4032541,Source1,CA,2022,0,0.05350867488303598,0,0,0
A-3993836,Source1,CA,2022,0,0.19005068803682396,1,0,1
A-1062606,Source2,CA,2021,1,0.13954831554506616,0,1,0
A-5833705,Source1,CA,2021,0,0.14696105056551084,0,0,0
A-2474843,Source2,CA,2018,0,0.30813391654313926,1,0,1
A-7623308,Source1,CA,2018,0,0.2769537209870312,1,0,1
A-4800272,Source1,CA,2022,0,0.37091114075946313,1,0,1
A-7092803,Source1,CA,2020,0,0.2928985113544365,1,0,1
A-5797136,Source1,CA,2021,0,0.16146223761645181,0,0,0
A-1191428,Source2,CA,2021,0,0.04307006756233853,0,0,0
A-1883844,Source2,TX,2019,0,0.028341220480401323,0,0,0
A-65904,Source2,CA,2016,0,0.3565889688266073,1,0,1
A-4605436,Source1,TX,,0,0.06502925031825034,0,0,0
A-5073616,Source1,CA,2022,0,0.02721481589849999,0,0,0
A-5406129,Source1,TX,,0,0.019844966770181355,0,0,0
A-25906,Source2,CA,2016,0,0.21552339161936374,1,0,1
A-6228370,Source1,TX,2021,0,0.22489730848499753,1,0,1
A-4846653,Source1,CA,2022,0,0.25940726446125145,1,0,1
A-1224019,Source2,CA,2020,1,0.16520141267778995,0,1,0
A-6619066,Source1,CA,2020,0,0.2337188794346176,1,0,1
A-6906092,Source1,CA,2020,0,0.06303136957642005,0,0,0
A-6858797,Source1,CA,2020,0,0.10080718893546606,0,0,0
A-7280777,Source1,CA,2020,0,0.05860767092748185,0,0,0
A-6741453,Source1,CA,,0,0.019423735013015562,0,0,0
A-4298822,Source1,CA,2022,0,0.08111311694840549,0,0,0
A-4537451,Source1,CA,,0,0.04234804688272757,0,0,0
A-804310,Source2,CA,2021,1,0.10906533547246663,0,1,0
A-6511412,Source1,CA,2021,0,0.0887956282187273,0,0,0
A-7526215,Source1,TX,2018,0,0.4790495317906943,1,0,1
A-6171924,Source1,CA,2021,0,0.0592155757491147,0,0,0
A-6490819,Source1,CA,2021,0,0.06465925313856141,0,0,0
A-4230462,Source1,CA,,0,0.17989209875811532,1,0,1
A-6717951,Source1,CA,2020,0,0.09851654182948118,0,0,0
A-5012596,Source1,TX,,0,0.03049357845697138,0,0,0
A-5247371,Source1,CA,,0,0.03878430732545,0,0,0
A-105818,Source2,CA,2016,0,0.38109281731030836,1,0,1
A-782997,Source2,CA,2021,0,0.03653623542594997,0,0,0
A-7334607,Source1,CA,2019,0,0.1151933356024526,0,0,0
A-3539958,Source1,CA,2016,0,0.38215938782653625,1,0,1
A-4514187,Source1,CA,2022,0,0.04431433172856804,0,0,0
A-6519135,Source1,CA,2021,0,0.2701894063461713,1,0,1
A-5469266,Source1,CA,,0,0.11019161160589716,0,0,0
A-45128,Source2,CA,2016,1,0.3953169484319552,1,0,0
A-3977967,Source1,CA,,0,0.033632403809273216,0,0,0
A-4735526,Source1,CA,,0,0.15578964305338958,0,0,0
A-2434513,Source2,CA,2018,1,0.3694025305910467,1,0,0
A-1911625,Source2,TX,2019,0,0.07139904990801152,0,0,0
A-7241397,Source1,CA,2020,0,0.06143670996755439,0,0,0
A-5578858,Source1,CA,2021,0,0.4064308430094449,1,0,1
A-5266035,Source1,CA,2023,0,0.08437929237562329,0,0,0
A-5047850,Source1,TX,2022,0,0.18899457495628857,1,0,1
A-702832,Source2,TX,2022,0,0.22320346530399027,1,0,1
A-706522,Source2,TX,2022,0,0.23571871217807017,1,0,1
A-4426213,Source1,CA,,0,0.023899303197166804,0,0,0
A-5878663,Source1,CA,2021,0,0.06223154954503289,0,0,0
A-5523439,Source1,CA,,0,0.23606913669654425,1,0,1
A-604569,Source3,CA,2022,0,0.0800127740222704,0,0,0
A-6360442,Source1,CA,2021,0,0.12173651985740415,0,0,0
A-4445127,Source1,CA,2022,0,0.17827479246412062,1,0,1
A-7484829,Source1,CA,2018,0,0.3699962218803796,1,0,1
A-1755895,Source2,TX,2019,0,0.08157471718380496,0,0,0
A-5894642,Source1,CA,2021,0,0.21457789117413154,1,0,1
A-32372,Source2,CA,2016,0,0.09945701022508,0,0,0
A-2584838,Source2,TX,2018,0,0.07101215862445177,0,0,0
A-2991887,Source2,CA,2018,1,0.41205010170725653,1,0,0
A-7565191,Source1,CA,2018,1,0.3346483167872262,1,0,0
A-546686,Source2,CA,2022,0,0.13191951595952506,0,0,0
A-64249,Source2,CA,2017,0,0.0476798368570099,0,0,0
A-2238692,Source2,CA,2019,1,0.3531345595464603,1,0,0
A-4804542,Source1,CA,,0,0.028144707515414286,0,0,0
A-7171612,Source1,CA,2020,0,0.33162066523596495,1,0,1
A-4391866,Source1,CA,,0,0.06537098527471559,0,0,0
A-1252155,Source2,CA,2020,0,0.04243053204842435,0,0,0
A-2311416,Source2,CA,2019,1,0.3635743889659853,1,0,0
A-4120816,Source1,CA,2022,0,0.049898978414630486,0,0,0
A-4047514,Source1,CA,2023,0,0.12001331379223941,0,0,0
A-3688536,Source1,TX,2023,0,0.2619290335324945,1,0,1
A-4932274,Source1,CA,,0,0.15286665985334744,0,0,0
A-6550093,Source1,CA,2021,0,0.12112668611103147,0,0,0
A-41284,Source2,CA,2016,0,0.12998292672181802,0,0,0
A-6833878,Source1,CA,2020,0,0.05806956091972663,0,0,0
A-276838,Source2,TX,2016,0,0.0687349047809058,0,0,0
A-1120758,Source2,CA,2021,0,0.3634368507406133,1,0,1
A-7538430,Source1,CA,2018,1,0.16483007235866415,0,1,0
A-5967711,Source1,CA,2021,0,0.07229861420064215,0,0,0
A-7597958,Source1,TX,2018,0,0.3566178613124016,1,0,1
A-2788640,Source2,TX,2018,0,0.24707973029878866,1,0,1
A-304711,Source2,TX,2016,0,0.3641047806054661,1,0,1
A-6381760,Source1,CA,2021,0,0.12456466699397573,0,0,0
A-461956,Source3,CA,2017,1,0.2891361169973953,1,0,0
A-2434886,Source2,CA,2018,0,0.13203007877366102,0,0,0
A-5788083,Source1,CA,2021,0,0.04551952996763393,0,0,0
A-3712058,Source1,CA,,0,0.05325823688818034,0,0,0
A-2733069,Source2,CA,2018,1,0.34912476311851326,1,0,0
A-319628,Source2,CA,2017,0,0.2658096189804494,1,0,1
A-947813,Source2,CA,2021,1,0.09632764132835882,0,1,0
A-11140,Source2,CA,2017,1,0.3742641250482376,1,0,0
A-5398127,Source1,CA,2022,0,0.11216507173511639,0,0,0
A-453393,Source2,TX,2017,1,0.1687910027879313,0,1,0
A-980495,Source2,CA,2021,1,0.15341612727779377,0,1,0
A-867351,Source2,TX,2021,1,0.21194688774140005,1,0,0
A-6667472,Source1,CA,2020,0,0.05804035733439857,0,0,0
A-1238815,Source2,CA,2020,0,0.06435197225853889,0,0,0
A-5156602,Source1,CA,2022,0,0.28404354184143427,1,0,1
A-3992236,Source1,CA,2021,0,0.1676274651561958,0,0,0
A-1734474,Source3,CA,2019,0,0.08506943330323775,0,0,0
A-873255,Source2,CA,2021,0,0.0616077405048812,0,0,0
A-7277972,Source1,CA,2020,0,0.08515811642674777,0,0,0
A-6178556,Source1,CA,2021,0,0.19905985375789775,1,0,1
A-6713143,Source1,TX,2020,0,0.06276321825770552,0,0,0
A-6329059,Source1,CA,2021,0,0.22413551573865237,1,0,1
A-6902880,Source1,TX,2020,0,0.08349309702652181,0,0,0
A-1631558,Source3,CA,2020,1,0.21540436903079216,1,0,0
A-496151,Source2,CA,2017,1,0.42535200333899204,1,0,0
A-1713093,Source3,CA,2019,0,0.08742220518583453,0,0,0
A-7273813,Source1,CA,2020,0,0.1295689837914052,0,0,0
A-746830,Source2,CA,2022,1,0.28360109600404454,1,0,0
A-5767409,Source1,CA,2021,0,0.048815986928392736,0,0,0
A-5562107,Source1,CA,2021,0,0.08792755815084545,0,0,0
A-2027826,Source2,TX,2019,0,0.05064145964808605,0,0,0
A-4208277,Source1,CA,2022,0,0.14936919203525464,0,0,0
A-36174,Source2,CA,2016,1,0.34453539374502673,1,0,0
A-770353,Source2,CA,2021,1,0.0999747704044696,0,1,0
A-2422822,Source2,TX,2018,1,0.1576775864845516,0,1,0
A-1830546,Source2,TX,2019,0,0.02598692569551476,0,0,0
A-2469920,Source2,TX,2018,1,0.09991136466373422,0,1,0
A-3663944,Source1,CA,,0,0.029051792543204613,0,0,0
A-870310,Source2,CA,2021,1,0.09014220237828388,0,1,0
A-2708875,Source2,CA,2018,1,0.4349924081025085,1,0,0
A-1828298,Source2,TX,2019,0,0.07507489830627927,0,0,0
A-1123979,Source2,CA,2021,1,0.1746697646378849,0,1,0
A-7092283,Source1,TX,2020,1,0.26185794065967066,1,0,0
A-3269934,Source2,TX,2017,0,0.055719438907812016,0,0,0
A-570997,Source2,CA,2022,1,0.1596391975987915,0,1,0
A-3781999,Source1,CA,2022,0,0.04881127956124566,0,0,0
A-7484759,Source1,CA,2018,0,0.3405468166286392,1,0,1
A-7562711,Source1,CA,2018,0,0.2869706434305187,1,0,1
A-7299006,Source1,CA,2019,0,0.026402965571004255,0,0,0
A-6384058,Source1,CA,2021,0,0.16325119025086732,0,0,0
A-340529,Source2,CA,2017,0,0.2196025232056408,1,0,1
A-919774,Source2,TX,2021,0,0.13318426436406589,0,0,0
A-87698,Source2,CA,2016,1,0.3158467950495177,1,0,0
A-2407469,Source2,CA,2018,0,0.3722204887446358,1,0,1
A-4737967,Source1,CA,,0,0.04311712635071178,0,0,0
A-6677757,Source1,CA,,0,0.027951111298084093,0,0,0
A-51683,Source2,CA,2016,0,0.05631131909385022,0,0,0
A-6604832,Source1,TX,2020,0,0.17040747586544325,0,0,0
A-6288402,Source1,CA,2021,0,0.0999613756603723,0,0,0
A-4900783,Source1,CA,,0,0.05822636405547601,0,0,0
A-6631737,Source1,CA,2020,0,0.0667635895233996,0,0,0
A-24671,Source2,CA,2016,0,0.4145559551546323,1,0,1
A-7058912,Source1,CA,2020,0,0.18921032652080352,1,0,1
A-4706464,Source1,CA,2022,0,0.03723536026285146,0,0,0
A-7098131,Source1,CA,2020,0,0.08334850556452467,0,0,0
A-1965961,Source2,TX,2019,1,0.20392248090659826,1,0,0
A-462163,Source2,CA,2017,1,0.13905936368553246,0,1,0
A-1620789,Source2,TX,2020,0,0.07046977539462596,0,0,0
A-441302,Source2,CA,2017,0,0.3386363648097749,1,0,1
A-1024527,Source2,CA,2021,0,0.16726446474064224,0,0,0
A-6065354,Source1,CA,,0,0.2133455167886523,1,0,1
A-3752222,Source1,CA,2022,0,0.13993907037553102,0,0,0
A-2724337,Source2,TX,2018,1,0.10854248759552351,0,1,0
A-7266766,Source1,CA,2020,0,0.2642916092542097,1,0,1
A-6425211,Source1,CA,2021,0,0.1008217210808475,0,0,0
A-5825960,Source1,TX,2021,0,0.07379934383616776,0,0,0
A-7460153,Source1,TX,2019,1,0.2854742569229214,1,0,0
A-2095578,Source2,TX,2019,1,0.1426137576194158,0,1,0
A-6730793,Source1,CA,2020,0,0.055955561305300806,0,0,0
A-1987624,Source2,TX,2019,0,0.1197604795015685,0,0,0
A-3436016,Source1,TX,2016,0,0.3216202938571254,1,0,1
A-1909570,Source2,CA,2019,0,0.10398219060636964,0,0,0
A-7271587,Source1,CA,2020,0,0.08701623963588871,0,0,0
A-3015277,Source2,CA,2018,1,0.3259903487308514,1,0,0
A-4996382,Source1,CA,2022,0,0.2671713712258386,1,0,1
A-4184605,Source1,CA,2022,0,0.0489057996460049,0,0,0
A-2355918,Source2,CA,2019,1,0.2891983733502423,1,0,0
A-3555736,Source1,CA,2016,0,0.33566528043733684,1,0,1
A-4156043,Source1,CA,2022,0,0.1062909825184906,0,0,0
A-7588122,Source1,TX,2018,1,0.25684166577347894,1,0,0
A-5587,Source2,CA,2016,1,0.38066130351517513,1,0,0
A-4269244,Source1,CA,,0,0.033327890048605376,0,0,0
A-1265362,Source2,CA,2020,0,0.08148523902164637,0,0,0
A-6046363,Source1,CA,2021,0,0.15964765018827218,0,0,0
A-3756976,Source1,CA,2022,0,0.2059832500162969,1,0,1
A-1897609,Source2,TX,2019,0,0.17513131272221008,0,0,0
A-3415254,Source1,CA,2016,1,0.27523370919409035,1,0,0
A-4116737,Source1,CA,,0,0.03285289395421326,0,0,0
A-1453378,Source3,CA,2020,0,0.1555463010134757,0,0,0
A-6595184,Source1,CA,,0,0.026763013472185994,0,0,0
A-78142,Source2,CA,2016,1,0.05406519083315499,0,1,0
A-1128334,Source2,CA,2021,1,0.06773885142951563,0,1,0
A-6351924,Source1,TX,2021,0,0.278075727981066,1,0,1
A-7031369,Source1,TX,2020,0,0.04205741301016262,0,0,0
A-3077462,Source2,CA,2018,1,0.36699062218944933,1,0,0
A-1344338,Source2,TX,2020,0,0.22273308768470454,1,0,1
A-275498,Source2,TX,2016,0,0.06807806067788306,0,0,0
A-7286681,Source1,CA,2019,0,0.18350419379262858,1,0,1
A-7240109,Source1,CA,2020,0,0.21255021575292016,1,0,1
A-2547755,Source3,CA,2018,0,0.4067352863056598,1,0,1
A-7037488,Source1,CA,2020,0,0.12219239990457076,0,0,0
A-5478964,Source1,TX,2021,0,0.061940633216993224,0,0,0
A-2086596,Source2,TX,2019,0,0.06286447409065529,0,0,0
A-2954795,Source2,TX,2018,0,0.2524794601743848,1,0,1
A-5746006,Source1,CA,2021,0,0.2005402355189237,1,0,1
A-1875058,Source2,TX,2019,0,0.16212605763566218,1,0,1
A-2347503,Source2,CA,2019,0,0.09277880555853932,0,0,0
A-4817760,Source1,CA,2023,0,0.05825652180918619,0,0,0
A-541496,Source2,CA,2022,0,0.059108515629531365,0,0,0
A-5602080,Source1,TX,2021,0,0.17308369857666425,0,0,0
A-4584766,Source1,CA,,0,0.15317743966419003,0,0,0
A-509531,Source2,TX,2017,0,0.35934170335994936,1,0,1
A-1821727,Source2,CA,2019,0,0.31686503191888515,1,0,1
A-3665092,Source1,CA,,0,0.030852052454167212,0,0,0
A-3546966,Source1,CA,2016,0,0.4428222355790326,1,0,1
A-1218003,Source2,CA,2020,0,0.28089333169445324,1,0,1
A-1818092,Source2,TX,2019,0,0.04534604319479167,0,0,0
A-7685667,Source1,CA,2017,0,0.1463096910313918,0,0,0
A-1062040,Source2,CA,2021,0,0.11435092355028113,0,0,0
A-1571817,Source2,TX,2020,1,0.11759611156680247,0,1,0
A-3240358,Source2,CA,2017,0,0.23158684141774083,1,0,1
A-3536893,Source1,CA,2016,0,0.22739081044423007,1,0,1
A-4253682,Source1,CA,2023,0,0.08878138451595209,0,0,0
A-1330486,Source2,CA,2020,1,0.18274729232904885,0,1,0
A-7387651,Source1,CA,2019,0,0.28786032264426736,1,0,1
A-6462602,Source1,CA,2021,0,0.07456628316763292,0,0,0
A-6149089,Source1,CA,2021,0,0.1722531627808356,0,0,0
A-1663186,Source3,CA,2020,0,0.05644329940418892,0,0,0
A-2437855,Source2,TX,2018,0,0.07629872843127924,0,0,0
A-7170093,Source1,CA,2020,0,0.05359734488103542,0,0,0
A-84435,Source2,CA,2016,1,0.35453483895783433,1,0,0
A-3187779,Source2,TX,2017,1,0.3337326153385766,1,0,0
A-5180550,Source1,CA,,0,0.08912601916096302,0,0,0
A-4106899,Source1,CA,2022,0,0.33309036720250507,1,0,1
A-2511676,Source2,TX,2018,0,0.3419817579926748,1,0,1
A-4644979,Source1,CA,2022,0,0.30512516431009545,1,0,1
A-5194002,Source1,CA,,0,0.024719176316491055,0,0,0
A-85592,Source2,CA,2016,1,0.24616575185323172,1,0,0
A-2386405,Source2,TX,2018,0,0.2962422428914423,1,0,1
A-7429566,Source1,CA,2019,1,0.40818823410914656,1,0,0
A-6668420,Source1,CA,2020,0,0.05125132795332551,0,0,0
A-7287103,Source1,CA,2019,0,0.05947097728354459,0,0,0
A-7419116,Source1,CA,2019,0,0.16716107690818555,0,0,0
A-1558704,Source3,CA,2020,0,0.11026987608732126,0,0,0
A-2053046,Source2,CA,2019,0,0.19299172366288417,1,0,1
A-7685717,Source1,CA,2017,1,0.2538930334767845,1,0,0
A-7480161,Source1,TX,2018,0,0.22234731402853453,1,0,1
A-6701079,Source1,TX,2020,0,0.09633264549530951,0,0,0
A-3216365,Source2,TX,2017,0,0.3597339153642652,1,0,1
A-6840460,Source1,TX,2020,0,0.1958651282876469,1,0,1
A-6515212,Source1,CA,2021,0,0.23628640553605038,1,0,1
A-3595411,Source1,TX,2017,0,0.21571795501835006,1,0,1
A-888404,Source2,CA,2021,0,0.049247851780614645,0,0,0
A-1159887,Source2,CA,2021,0,0.23893298992523557,1,0,1
A-510297,Source2,TX,2017,0,0.07237725587927824,0,0,0
A-750648,Source2,CA,2022,0,0.049589994781133365,0,0,0
A-7303651,Source1,CA,2019,0,0.0950805834616338,0,0,0
A-7086594,Source1,CA,2020,0,0.045395641726439194,0,0,0
A-3111548,Source2,CA,2017,0,0.2909509402478324,1,0,1
A-4342250,Source1,CA,2022,0,0.04550859130113939,0,0,0
A-7164731,Source1,CA,2020,0,0.06410382790275113,0,0,0
A-6589307,Source1,CA,2020,0,0.15642135713459254,0,0,0
A-2870640,Source2,CA,2018,0,0.211548243682509,1,0,1
A-3827883,Source1,CA,2022,0,0.1365963978480565,0,0,0
A-1494045,Source2,CA,2020,0,0.13981711082629783,0,0,0
A-3872178,Source1,CA,,0,0.07237551509510241,0,0,0
A-3296860,Source2,CA,2017,0,0.2342721127753848,1,0,1
A-7412822,Source1,CA,2019,0,0.2808385096345445,1,0,1
A-583957,Source2,TX,2022,0,0.13812808625300702,0,0,0
A-2335457,Source2,TX,2019,0,0.2523169431937896,1,0,1
A-781907,Source2,CA,2021,1,0.15107988589265978,0,1,0
A-4321876,Source1,TX,,0,0.08432244248832424,0,0,0
A-262730,Source2,TX,2016,0,0.21201793424452514,1,0,1
A-318409,Source2,CA,2017,0,0.3861622469672786,1,0,1
A-5690388,Source1,CA,2021,0,0.061867018815207585,0,0,0
A-1824931,Source2,CA,2019,0,0.12230258136662302,0,0,0
A-2557802,Source2,CA,2018,0,0.31218020021724213,1,0,1
A-5863173,Source1,TX,2021,0,0.21489568592964797,1,0,1
A-4092366,Source1,CA,2022,0,0.13568576052813444,0,0,0
A-4550177,Source1,TX,2022,0,0.025952545240172147,0,0,0
A-91437,Source2,CA,2016,1,0.4028162862656425,1,0,0
A-5382686,Source1,CA,2022,0,0.0673895088378619,0,0,0
A-5785056,Source1,CA,2021,0,0.24602675399523818,1,0,1
A-7286159,Source1,CA,2019,0,0.03880441242491195,0,0,0
A-2502259,Source2,CA,2018,0,0.37327212673552534,1,0,1
A-2735192,Source2,CA,2018,0,0.08290622031395527,0,0,0
A-5192673,Source1,CA,2022,0,0.17726985460714512,0,0,0
A-1877250,Source2,TX,2019,0,0.026077187507440713,0,0,0
A-4031436,Source1,CA,2022,0,0.1482973336346071,0,0,0
A-6578564,Source1,CA,2020,0,0.29346734209812875,1,0,1
A-4940039,Source1,CA,,0,0.044885378470358187,0,0,0
A-6712857,Source1,CA,2020,0,0.14472985631448693,0,0,0
A-4342477,Source1,TX,2022,0,0.1025187713920479,0,0,0
A-3729721,Source1,CA,,0,0.02941475728839039,0,0,0
A-35226,Source2,CA,2016,0,0.15341100876394323,0,0,0
A-3203428,Source2,TX,2017,0,0.1474690754643348,0,0,0
A-6417880,Source1,CA,2021,0,0.11350623807410429,0,0,0
A-2815730,Source2,TX,2018,1,0.3959269115358644,1,0,0
A-3779940,Source1,CA,2022,0,0.16027052729042174,0,0,0
A-1191503,Source2,CA,2021,0,0.14032373596226175,0,0,0
A-112298,Source2,CA,2016,1,0.3016264303014548,1,0,0
A-4048979,Source1,TX,,0,0.06848769139566208,0,0,0
A-2737697,Source2,CA,2018,0,0.31101317842765036,1,0,1
A-606789,Source2,CA,2022,0,0.19810661661553958,1,0,1
A-2195142,Source2,CA,2019,1,0.11013231053023922,0,1,0
A-5039320,Source1,TX,2022,0,0.1745387340209857,0,0,0
A-6864084,Source1,CA,2020,0,0.18411188366187276,1,0,1
A-7412655,Source1,CA,2019,0,0.35149934601676436,1,0,1
A-7386882,Source1,CA,2019,0,0.14698932034323411,0,0,0
A-5653639,Source1,CA,,0,0.04844344118255163,0,0,0
A-1980931,Source2,TX,2019,0,0.04676251702382721,0,0,0
A-924512,Source2,CA,2021,0,0.12406934681822483,0,0,0
A-2849637,Source2,CA,2018,0,0.4285331529857476,1,0,1
A-7258821,Source1,CA,2020,0,0.03419996926235441,0,0,0
A-41628,Source2,CA,2016,1,0.3354135375080879,1,0,0
A-5587659,Source1,CA,2021,0,0.1966039074035564,1,0,1
A-7348670,Source1,CA,2019,0,0.12413674959578333,0,0,0
A-2422975,Source2,TX,2018,0,0.1344150385496641,0,0,0
A-5596620,Source1,CA,2021,0,0.17126076453158032,0,0,0
A-1068039,Source2,CA,2021,0,0.036913164003140334,0,0,0
A-5744044,Source1,CA,2021,0,0.32899527657916,1,0,1
A-4714112,Source1,CA,,0,0.02690971514761855,0,0,0
A-7777726,Source1,CA,2019,0,0.1390866633151114,0,0,0
A-1159692,Source2,TX,2021,0,0.05188375372783214,0,0,0
A-3199024,Source2,TX,2017,0,0.1432909389065089,0,0,0
A-3150580,Source2,CA,2017,1,0.33031086168527907,1,0,0
A-5059796,Source1,CA,2022,0,0.30605490773382293,1,0,1
A-2091259,Source2,TX,2019,0,0.0649332293321572,0,0,0
A-3239246,Source2,TX,2017,0,0.17932966384282248,1,0,1
A-7023292,Source1,CA,2020,0,0.1363796118474065,0,0,0
A-5679624,Source1,CA,2021,0,0.09900905189591554,0,0,0
A-7348325,Source1,CA,2019,0,0.3361450043713457,1,0,1
A-4011569,Source1,TX,,0,0.09890412224013727,0,0,0
A-85566,Source2,CA,2016,0,0.25428184514327523,1,0,1
A-3205619,Source2,CA,2017,1,0.31587091334838047,1,0,0
A-7118002,Source1,CA,2020,0,0.09527312323838291,0,0,0
A-3778264,Source1,CA,2023,0,0.3100640188329544,1,0,1
A-2948906,Source2,CA,2018,0,0.2874853462730517,1,0,1
A-4939484,Source1,CA,,0,0.08422696631026898,0,0,0
A-3987422,Source1,CA,2023,0,0.03797427240456087,0,0,0
A-1915689,Source3,CA,2019,1,0.2850179190428895,1,0,0
A-5875451,Source1,CA,2021,0,0.04741682941231192,0,0,0
A-3659186,Source1,CA,2023,0,0.06831759073562779,0,0,0
A-1207600,Source2,CA,2021,0,0.35682290731188615,1,0,1
A-1501619,Source3,CA,2020,1,0.2796699632743803,1,0,0
A-7717165,Source1,CA,2019,0,0.2501768821687917,1,0,1
A-4219977,Source1,TX,2022,0,0.19423080448779245,1,0,1
A-5852295,Source1,TX,2021,0,0.2471256960072791,1,0,1
A-7531821,Source1,CA,2018,0,0.31080892055878373,1,0,1
A-1552048,Source2,CA,2020,0,0.036661235309628795,0,0,0
A-2077965,Source2,TX,2019,0,0.05275304465099534,0,0,0
A-6250396,Source1,CA,2021,0,0.13644768890853196,0,0,0
A-1180396,Source2,TX,2021,0,0.11966749638787526,0,0,0
A-2531989,Source2,CA,2018,0,0.29209803000315493,1,0,1
A-338561,Source2,CA,2017,0,0.3137413625349413,1,0,1
A-792989,Source3,CA,2021,0,0.25661177927446055,1,0,1
A-7565252,Source1,CA,2018,0,0.39847041306351005,1,0,1
A-5144385,Source1,CA,,0,0.0647943803130455,0,0,0
A-4139499,Source1,CA,2022,0,0.2902161400877472,1,0,1
A-4741010,Source1,CA,2022,0,0.1063100969940209,0,0,0
A-7367071,Source1,CA,2019,0,0.059042124901907786,0,0,0
A-7425073,Source1,CA,2019,0,0.060869566873351,0,0,0
A-3239675,Source2,TX,2017,0,0.23251448447495648,1,0,1
A-5592042,Source1,CA,2021,0,0.07832787840280973,0,0,0
A-5464817,Source1,TX,,0,0.043874708645534236,0,0,0
A-6151652,Source1,CA,2021,0,0.08505099469242926,0,0,0
A-3724975,Source1,TX,,0,0.045035993172702404,0,0,0
A-6409036,Source1,CA,2021,0,0.12709948986498087,0,0,0
A-7385126,Source1,CA,2019,0,0.18308320930285465,1,0,1
A-6008906,Source1,CA,2021,0,0.09766317669683992,0,0,0
A-4688432,Source1,CA,2022,0,0.030267642534373772,0,0,0
A-2116011,Source2,CA,2019,1,0.14599176271346645,0,1,0
A-5947994,Source1,CA,2021,0,0.07192966806667839,0,0,0
A-7061808,Source1,CA,2020,0,0.2136533845255247,1,0,1
A-7381419,Source1,CA,2019,0,0.061780473428520846,0,0,0
A-6881388,Source1,CA,,0,0.057972999699161,0,0,0
A-5837816,Source1,CA,2021,0,0.15086002276073834,0,0,0
A-1653623,Source2,CA,2020,1,0.047181369658970976,0,1,0
A-7065315,Source1,CA,2020,0,0.11967168656390044,0,0,0
A-6262440,Source1,CA,2021,0,0.08980754402617507,0,0,0
A-5643864,Source1,CA,2021,0,0.1192447997977308,0,0,0
A-4865876,Source1,CA,2022,0,0.07199608848186459,0,0,0
A-2341644,Source2,CA,2019,0,0.1485313562009631,0,0,0
A-6154219,Source1,CA,2021,0,0.25858488569059723,1,0,1
A-2444197,Source2,CA,2018,1,0.3797066915495567,1,0,0
A-4549422,Source1,CA,2022,0,0.058172304014234254,0,0,0
A-1583638,Source2,TX,2020,0,0.036582950423122575,0,0,0
A-6204122,Source1,CA,2021,0,0.12770285950105686,0,0,0
A-272170,Source2,TX,2017,1,0.12674071949033477,0,1,0
A-4719177,Source1,CA,,0,0.15578964305338958,0,0,0
A-1909687,Source2,CA,2019,0,0.13904868246262203,0,0,0
A-3813352,Source1,CA,2022,0,0.14940170558781568,0,0,0
A-2235787,Source2,CA,2019,0,0.08289248651126993,0,0,0
A-3420396,Source1,CA,2016,1,0.13872661103478534,0,1,0
A-493830,Source2,CA,2017,0,0.24220770647541662,1,0,1
A-1697729,Source2,CA,2019,0,0.024235691254799088,0,0,0
A-2967593,Source2,CA,2018,0,0.2848951735523696,1,0,1
A-6783685,Source1,CA,2020,0,0.05571885036488068,0,0,0
A-5088759,Source1,TX,2022,0,0.28388454994711765,1,0,1
A-4534965,Source1,CA,2022,0,0.07811753878123891,0,0,0
A-5668536,Source1,TX,2021,0,0.1121640599513907,0,0,0
A-1479493,Source2,CA,2020,0,0.15405388190900693,0,0,0
A-1023404,Source3,CA,2021,0,0.15666513694930723,0,0,0
A-4448097,Source1,CA,2023,0,0.2720732083906926,1,0,1
A-3180548,Source2,CA,2017,1,0.08579342646213646,0,1,0
A-6963206,Source1,CA,2020,0,0.08041561245706272,0,0,0
A-2710779,Source2,TX,2018,0,0.06275750615092403,0,0,0
A-6997105,Source1,CA,2020,0,0.08840700667636917,0,0,0
A-2918127,Source2,TX,2018,0,0.14329676821266402,0,0,0
A-4746340,Source1,TX,2022,0,0.15577291054112305,0,0,0
A-3078,Source2,CA,2016,0,0.23387867163546255,1,0,1
A-3438725,Source1,TX,2016,0,0.26461477975957465,1,0,1
A-2778082,Source2,CA,2018,1,0.35734018645449317,1,0,0
A-5747854,Source1,CA,2021,0,0.07723932038706736,0,0,0
A-4018444,Source1,CA,2022,0,0.1273088336404937,0,0,0
A-7395726,Source1,CA,2019,0,0.12447945301734915,0,0,0
A-22957,Source2,CA,2016,0,0.38928093705368527,1,0,1
A-5951073,Source1,CA,2021,0,0.18904789350721818,1,0,1
A-5688884,Source1,CA,2021,0,0.26185379335092085,1,0,1
A-6722070,Source1,CA,2020,0,0.04643577203380513,0,0,0
A-4256488,Source1,CA,2022,0,0.07083960494760083,0,0,0
A-3637924,Source1,CA,2017,0,0.3457628114098357,1,0,1
A-5217913,Source1,CA,,0,0.04636056544747069,0,0,0
A-7412670,Source1,CA,2019,0,0.12602428354413867,0,0,0
A-4963974,Source1,CA,2022,0,0.3104044335338884,1,0,1
A-5763348,Source1,CA,2021,0,0.13527508025606697,0,0,0
A-1659327,Source2,TX,2020,0,0.03649539416412658,0,0,0
A-7374949,Source1,CA,2019,0,0.08332664220216494,0,0,0
A-1825523,Source2,TX,2019,1,0.14165031806594255,0,1,0
A-5892671,Source1,TX,2021,0,0.17989947043760374,0,0,0
A-830937,Source2,TX,2021,0,0.08175642288578087,0,0,0
A-2771393,Source2,CA,2018,1,0.1354241190956177,0,1,0
A-4963778,Source1,CA,2022,0,0.07178174978121098,0,0,0
A-3355337,Source2,TX,2017,0,0.15510248436527344,0,0,0
A-5684134,Source1,TX,2021,0,0.17634627618069124,0,0,0
A-3657133,Source1,CA,2023,0,0.08739281482034367,0,0,0
A-5247795,Source1,CA,,0,0.12486521587442696,0,0,0
A-8413,Source2,CA,2016,0,0.10046933313701918,0,0,0
A-5733178,Source1,CA,,0,0.030491094776093318,0,0,0
A-4160145,Source1,CA,2022,0,0.06259366193328927,0,0,0
A-554801,Source2,TX,2022,1,0.13635676316661854,0,1,0
A-2622719,Source2,TX,2018,1,0.3312701349914834,1,0,0
A-5466251,Source1,CA,2021,0,0.24655874077835138,1,0,1
A-6893261,Source1,CA,2020,0,0.0904459290011324,0,0,0
A-1555056,Source2,TX,2020,1,0.14096934307582243,0,1,0
A-3136656,Source2,TX,2017,0,0.15017923233283914,0,0,0
A-347599,Source2,CA,2017,1,0.39934354568272207,1,0,0
A-2685394,Source2,CA,2018,1,0.35494748991387953,1,0,0
A-7390831,Source1,CA,2019,0,0.13984330653074722,0,0,0
A-275751,Source2,TX,2016,0,0.04947725814347718,0,0,0
A-5132667,Source1,CA,,0,0.059425122846730516,0,0,0
A-62566,Source2,CA,2017,1,0.3686614279665843,1,0,0
A-3421822,Source1,CA,2016,0,0.2178357002445332,1,0,1
A-401301,Source2,CA,2017,0,0.2432925653830404,1,0,1
A-5467434,Source1,CA,,0,0.05170924148664041,0,0,0
A-1611506,Source3,CA,2020,1,0.05965171474062322,0,1,0
A-2037725,Source2,CA,2019,1,0.21915425159985688,1,0,0
A-2386917,Source2,TX,2018,1,0.3266939441467064,1,0,0
A-2694466,Source2,TX,2018,0,0.18128958807754156,0,0,0
A-4873112,Source1,CA,,0,0.03200773992786194,0,0,0
A-2879364,Source2,TX,2018,0,0.08406269908521466,0,0,0
A-637715,Source2,CA,2022,0,0.09629355843888314,0,0,0
A-428751,Source2,TX,2017,0,0.2899702023110179,1,0,1
A-4925579,Source1,CA,,0,0.07663811298199456,0,0,0
A-7393602,Source1,CA,2019,0,0.22281909177946857,1,0,1
A-5851027,Source1,CA,2021,0,0.24252385303493385,1,0,1
A-7553599,Source1,CA,2018,0,0.44593837745787523,1,0,1
A-1110101,Source2,CA,2021,0,0.07584324402790167,0,0,0
A-73795,Source2,CA,2016,0,0.049941235446193194,0,0,0
A-912361,Source2,CA,2021,0,0.1531393150133011,0,0,0
A-7086511,Source1,CA,2020,0,0.1507435745951536,0,0,0
A-7563766,Source1,CA,2018,0,0.3391226546148418,1,0,1
A-2580746,Source2,CA,2018,0,0.204420566812023,1,0,1
A-407616,Source2,CA,2017,1,0.10662873276275361,0,1,0
A-5409984,Source1,CA,2022,0,0.08598381169056354,0,0,0
A-102021,Source2,CA,2016,0,0.3641983557062251,1,0,1
A-6156966,Source1,CA,2021,0,0.13167108388417384,0,0,0
A-3390859,Source2,TX,2017,0,0.2354935706111913,1,0,1
A-5856810,Source1,CA,2021,0,0.31468763687069506,1,0,1
A-57648,Source2,CA,2016,0,0.3415699948826478,1,0,1
A-7054161,Source1,CA,2020,0,0.10700001845948362,0,0,0
A-397472,Source2,CA,2017,0,0.25237751447526696,1,0,1
A-3440793,Source1,TX,2016,1,0.4592700155175359,1,0,0
A-3549888,Source1,CA,2016,0,0.4953545554401896,1,0,1
A-7172610,Source1,CA,2020,1,0.06785138762326218,0,1,0
A-5193287,Source1,CA,2022,0,0.09603001828258925,0,0,0
A-949670,Source2,TX,2021,0,0.2485609712122517,1,0,1
A-7018266,Source1,CA,2020,0,0.07177366447632157,0,0,0
A-2063887,Source2,CA,2019,0,0.23087361108459384,1,0,1
A-2897088,Source2,CA,2018,0,0.26609681349627806,1,0,1
A-6276054,Source1,CA,,0,0.12576225213573816,0,0,0
A-5018042,Source1,CA,2022,0,0.035089553493342265,0,0,0
A-7346580,Source1,CA,2019,0,0.11689568764115152,0,0,0
A-1198545,Source2,TX,2021,0,0.04133050588536521,0,0,0
A-5608576,Source1,TX,2021,0,0.30093816909292703,1,0,1
A-1086864,Source2,CA,2021,1,0.1220480095181724,0,1,0
A-5520782,Source1,CA,2021,0,0.09844728702142758,0,0,0
A-409246,Source2,CA,2017,1,0.3232637699485994,1,0,0
A-4869781,Source1,CA,2022,0,0.14810092657529342,0,0,0
A-6903282,Source1,CA,2020,0,0.06443381043764236,0,0,0
A-2289514,Source2,CA,2019,1,0.3165463868458527,1,0,0
A-3733407,Source1,TX,2022,0,0.12379783994606944,0,0,0
A-1510790,Source2,TX,2020,0,0.21434334980483158,1,0,1
A-6781903,Source1,TX,2020,0,0.0735496687103608,0,0,0
A-302947,Source2,TX,2016,0,0.31931269144743374,1,0,1
A-492361,Source2,CA,2017,0,0.299300595440901,1,0,1
A-57426,Source2,CA,2016,1,0.4219897187970491,1,0,0
A-2304162,Source2,CA,2019,0,0.06509269035915835,0,0,0
A-59180,Source2,CA,2016,1,0.3059486076693311,1,0,0
A-2305714,Source2,TX,2019,0,0.05516448679389204,0,0,0
A-5550511,Source1,CA,2021,0,0.10572658870464244,0,0,0
A-2848843,Source2,CA,2018,1,0.38514346447681697,1,0,0
A-2719126,Source2,TX,2018,0,0.043945541190004725,0,0,0
A-6205046,Source1,CA,2021,0,0.1618490103864358,0,0,0
A-6484099,Source1,CA,2021,0,0.2860241439725311,1,0,1
A-1533965,Source2,CA,2020,0,0.18133427669926466,1,0,1
A-7232277,Source1,CA,2020,0,0.24227642825531612,1,0,1
A-7653589,Source1,CA,2017,0,0.3043471672654825,1,0,1
A-265639,Source2,TX,2016,0,0.19936057914145017,1,0,1
A-1437394,Source2,CA,2020,0,0.20347471839040546,1,0,1
A-7665680,Source1,CA,2017,0,0.3070861428152637,1,0,1
A-5606092,Source1,CA,2021,0,0.03350089807409702,0,0,0
A-6162390,Source1,CA,2021,0,0.1246913657775017,0,0,0
A-4544521,Source1,CA,,0,0.05184795622047299,0,0,0
A-2245298,Source2,CA,2019,0,0.2811582663036322,1,0,1
A-291770,Source2,TX,2016,0,0.18135924642783036,0,0,0
A-6119122,Source1,TX,2021,0,0.09048915954902907,0,0,0
A-304205,Source2,TX,2016,1,0.3590957988910036,1,0,0
A-1971260,Source2,CA,2019,0,0.2839743126775939,1,0,1
A-67396,Source2,CA,2016,1,0.4806834769344426,1,0,0
A-4178328,Source1,CA,2022,0,0.08788831194095767,0,0,0
A-6939326,Source1,CA,2020,0,0.056609095530993504,0,0,0
A-4607897,Source1,CA,2022,0,0.1117918737520213,0,0,0
A-4601921,Source1,CA,2022,0,0.08680456084911015,0,0,0
A-908836,Source2,CA,2021,1,0.16680295395184547,0,1,0
A-3834270,Source1,CA,2022,0,0.11860957054412902,0,0,0
A-7356969,Source1,CA,2019,0,0.06940622603904888,0,0,0
A-5036172,Source1,CA,2022,0,0.11182115387733109,0,0,0
A-759829,Source3,CA,2021,0,0.11344489242182738,0,0,0
A-7011298,Source1,CA,2020,1,0.31236762150013486,1,0,0
A-584462,Source2,CA,2022,0,0.07274853023096901,0,0,0
A-804506,Source2,CA,2021,0,0.0691172050996678,0,0,0
A-5493343,Source1,CA,2021,0,0.07809674788841099,0,0,0
A-4079832,Source1,TX,2022,0,0.10821648476238269,0,0,0
A-3554050,Source1,CA,2016,0,0.365394673106174,1,0,1
A-486629,Source2,TX,2017,0,0.19940684344117252,1,0,1
A-2786882,Source2,CA,2018,1,0.3990596074420272,1,0,0
A-4783869,Source1,CA,2022,0,0.2999400715319283,1,0,1
A-7162865,Source1,CA,2020,0,0.2659670755237678,1,0,1
A-7287116,Source1,CA,2019,0,0.07158539530816277,0,0,0
A-4701338,Source1,TX,2022,0,0.11416350051474364,0,0,0
A-761270,Source2,CA,2021,0,0.16077758570485517,0,0,0
A-6696667,Source1,CA,2020,0,0.04181994385587013,0,0,0
A-800185,Source2,CA,2021,1,0.0501696233273158,0,1,0
A-4462070,Source1,TX,2022,0,0.15515886332054382,0,0,0
A-4409201,Source1,TX,2022,1,0.15974340114009852,0,1,0
A-6403127,Source1,CA,2021,0,0.06585691922228161,0,0,0
A-1579488,Source2,TX,2020,0,0.14169470421154384,0,0,0
A-6857783,Source1,CA,2020,0,0.11305463430068712,0,0,0
A-4920625,Source1,CA,2022,0,0.2638454053468683,1,0,1
A-1332277,Source2,CA,2020,0,0.115656870634479,0,0,0
A-4409210,Source1,TX,2022,0,0.29962245377206714,1,0,1
A-845652,Source2,TX,2021,0,0.17608520721236426,0,0,0
A-653723,Source2,CA,2022,1,0.04687481860124583,0,1,0
A-3596186,Source1,TX,2017,0,0.3055092629115377,1,0,1
A-7413809,Source1,CA,2019,0,0.3383089346200216,1,0,1
A-7330776,Source1,CA,2019,0,0.09102226546465356,0,0,0
A-5324190,Source1,CA,2023,0,0.06889785117660005,0,0,0
A-5014744,Source1,CA,2023,0,0.04273570125364051,0,0,0
A-4765388,Source1,CA,,0,0.023974627149995688,0,0,0
A-3798891,Source1,CA,,0,0.05581900633760495,0,0,0
A-775664,Source2,TX,2021,0,0.3016737436500961,1,0,1
A-765231,Source2,TX,2021,1,0.16958251966562587,0,1,0
A-4011490,Source1,CA,,0,0.07062163563745598,0,0,0
A-1995338,Source2,TX,2019,0,0.14242261626852307,0,0,0
A-4156135,Source1,CA,2022,0,0.10958472284606499,0,0,0
A-6804769,Source1,CA,2020,0,0.046669600118435954,0,0,0
A-4141295,Source1,CA,2022,0,0.06859395185213871,0,0,0
A-2745980,Source2,TX,2018,0,0.10421020879617757,0,0,0
A-7036946,Source1,CA,2020,0,0.2860935671743929,1,0,1
A-5997910,Source1,CA,2021,0,0.11926621573971734,0,0,0
A-7210051,Source1,CA,2020,0,0.04242104795819926,0,0,0
A-2189129,Source2,CA,2019,1,0.0875821459620227,0,1,0
A-1250153,Source2,TX,2020,0,0.05797469474069359,0,0,0
A-1841053,Source2,CA,2019,0,0.0684965115151422,0,0,0
A-6960973,Source1,CA,2020,0,0.09925572001157366,0,0,0
A-6737678,Source1,CA,2020,0,0.055456490641303466,0,0,0
A-1463192,Source3,CA,2020,0,0.07303291869580215,0,0,0
A-304602,Source2,TX,2016,0,0.1686308976203644,0,0,0
A-4074438,Source1,TX,2022,0,0.28273869267126345,1,0,1
A-3524158,Source1,CA,2016,1,0.356177102632915,1,0,0
A-3622778,Source1,CA,2017,0,0.17279442784909535,0,0,0
A-4254486,Source1,TX,2022,0,0.19726275264998255,1,0,1
A-4107742,Source1,CA,,0,0.02250699098995922,0,0,0
A-2671163,Source2,TX,2018,0,0.1778085336011951,1,0,1
A-7164866,Source1,CA,2020,0,0.07887399878843251,0,0,0
A-2796164,Source2,TX,2018,1,0.4234820541392069,1,0,0
A-6244707,Source1,CA,2021,0,0.11502443372727247,0,0,0
A-5980573,Source1,CA,2021,0,0.3359538469351492,1,0,1
A-2475019,Source2,CA,2018,1,0.43183637587247403,1,0,0
A-7335804,Source1,CA,2019,0,0.05023794603105972,0,0,0
A-6622138,Source1,CA,2020,0,0.04838137953118771,0,0,0
A-1125091,Source2,CA,2021,0,0.058318243879727574,0,0,0
A-4740296,Source1,CA,2023,0,0.13603666894412658,0,0,0
A-3391682,Source2,CA,2017,0,0.3458030509830622,1,0,1
A-6330796,Source1,CA,2021,0,0.09189728618664542,0,0,0
A-6706511,Source1,CA,2020,0,0.05242588734511951,0,0,0
A-1548790,Source2,CA,2020,1,0.1348459368671781,0,1,0
A-2837490,Source2,TX,2018,1,0.45601299892438585,1,0,0
A-1674041,Source3,CA,2020,0,0.2687784382928359,1,0,1
A-7293163,Source1,CA,2019,0,0.06151351756054685,0,0,0
A-4278546,Source1,CA,2023,0,0.04385122041722904,0,0,0
A-3740894,Source1,CA,2022,0,0.36265177070898047,1,0,1
A-6864459,Source1,TX,2020,0,0.18151170727914412,1,0,1
A-5833813,Source1,TX,2021,0,0.26268428160440277,1,0,1
A-540445,Source2,TX,2022,0,0.185870026589944,1,0,1
A-4657503,Source1,CA,2022,0,0.25928814331261557,1,0,1
A-4290207,Source1,CA,,0,0.047210321923953705,0,0,0
A-55970,Source2,CA,2016,1,0.34891463638070114,1,0,0
A-4216428,Source1,CA,2022,0,0.11249329979489917,0,0,0
A-7662798,Source1,CA,2017,0,0.351146115956808,1,0,1
A-6062233,Source1,CA,2021,0,0.09666651178157389,0,0,0
A-922765,Source2,CA,2021,0,0.10421052410919081,0,0,0
A-2417201,Source2,TX,2018,0,0.15091752847574225,0,0,0
A-4948182,Source1,CA,2022,0,0.06743504087432528,0,0,0
A-6156663,Source1,TX,2021,0,0.27391362165141236,1,0,1
A-7574649,Source1,CA,2018,0,0.38963281770236546,1,0,1
A-3702820,Source1,CA,2023,0,0.06962207121940875,0,0,0
A-2741586,Source2,CA,2018,1,0.33670970478680945,1,0,0
A-2801188,Source2,TX,2018,1,0.22344709213216193,1,0,0
A-4116486,Source1,CA,,0,0.16028258478688576,1,0,1
A-2139626,Source2,CA,2019,0,0.041161315172528544,0,0,0
A-6091430,Source1,CA,2021,0,0.0386394992764453,0,0,0
A-1051043,Source2,CA,2021,0,0.12891797717692388,0,0,0
A-1778533,Source3,TX,2019,1,0.12511104330817818,0,1,0
A-3433394,Source1,TX,2016,1,0.28978504341435124,1,0,0
A-5573403,Source1,TX,2021,0,0.21036265291428338,1,0,1
A-7024636,Source1,TX,2020,1,0.29158394261451454,1,0,0
A-334724,Source2,TX,2017,0,0.07646182896306056,0,0,0
A-6591437,Source1,CA,2020,0,0.28775432360442094,1,0,1
A-4446167,Source1,CA,2023,0,0.0675095645111987,0,0,0
A-5821696,Source1,CA,2021,0,0.2700932847299863,1,0,1
A-2311126,Source2,CA,2019,1,0.15123034421662765,0,1,0
A-5904738,Source1,CA,,0,0.02333933308443665,0,0,0
A-4432206,Source1,CA,2022,1,0.1626480517490707,0,1,0
A-495286,Source2,CA,2017,1,0.44643036032913647,1,0,0
A-5096779,Source1,CA,2022,0,0.037671891534305106,0,0,0
A-7730637,Source1,CA,2019,0,0.11974506283217215,0,0,0
A-3981226,Source1,CA,2022,0,0.17452301511702611,0,0,0
A-4895589,Source1,TX,2022,0,0.2097714199719761,1,0,1
A-1849317,Source2,CA,2019,0,0.05132465292140227,0,0,0
A-7181631,Source1,CA,2020,0,0.24620668045769686,1,0,1
A-394092,Source2,TX,2017,0,0.1642743304751119,0,0,0
A-2037745,Source2,CA,2019,0,0.07969389139293934,0,0,0
A-68360,Source2,CA,2016,0,0.36344630415361395,1,0,1
A-3536050,Source1,CA,2016,0,0.3216946291440081,1,0,1
A-616236,Source2,TX,2022,1,0.1968464189905049,1,0,0
A-7111178,Source1,CA,2020,0,0.05953368111939167,0,0,0
A-6378021,Source1,CA,,0,0.058562222142760356,0,0,0
A-4873459,Source1,CA,,0,0.06967557763669166,0,0,0
A-5577239,Source1,CA,2021,0,0.0815235000029684,0,0,0
A-2878997,Source2,TX,2018,0,0.09262810305382335,0,0,0
A-6326733,Source1,CA,2021,0,0.14060343144252196,0,0,0
A-1380563,Source2,CA,2020,1,0.1953420700853555,0,1,0
A-6401038,Source1,CA,2021,0,0.03280840396945776,0,0,0
A-436869,Source2,CA,2017,1,0.4139806958192726,1,0,0
A-14112,Source2,CA,2016,1,0.33602572818912024,1,0,0
A-2945439,Source2,TX,2018,0,0.1688619859419334,0,0,0
A-5723098,Source1,CA,2021,0,0.07999765933512747,0,0,0
A-678576,Source2,CA,2022,0,0.06336328794404354,0,0,0
A-5780776,Source1,CA,2021,0,0.1097266690190353,0,0,0
A-279675,Source2,TX,2016,0,0.04371619834486888,0,0,0
A-5413896,Source1,CA,,0,0.04919340485982493,0,0,0
A-2280963,Source2,TX,2019,0,0.29854221979709317,1,0,1
A-7249529,Source1,CA,2020,0,0.30587395973600096,1,0,1
A-7070495,Source1,CA,2020,0,0.1579659776282996,0,0,0
A-5581929,Source1,CA,2021,0,0.18601457693627882,1,0,1
A-4237034,Source1,CA,2022,0,0.1736359781906446,0,0,0
A-105315,Source2,CA,2016,0,0.30483077416515075,1,0,1
A-5865806,Source1,CA,2021,0,0.03843574819375628,0,0,0
A-2352969,Source2,CA,2019,0,0.3033982227186319,1,0,1
A-93119,Source2,CA,2016,1,0.44359388250727,1,0,0
A-772768,Source2,CA,2021,1,0.0752414698556511,0,1,0
A-876545,Source2,TX,2021,0,0.025106453560223323,0,0,0
A-3788736,Source1,CA,2022,0,0.12756036312326166,0,0,0
A-4313712,Source1,CA,2022,0,0.1216618543430458,0,0,0
A-3527207,Source1,CA,2016,1,0.20417191185997977,1,0,0
A-4588282,Source1,CA,,0,0.04257245866594628,0,0,0
A-6120161,Source1,TX,2021,0,0.09247083058147505,0,0,0
A-5489732,Source1,CA,2021,0,0.07749545455684881,0,0,0
A-2436989,Source2,TX,2018,0,0.11847288221119567,0,0,0
A-5817227,Source1,CA,2021,0,0.08304787155303801,0,0,0
A-3847075,Source1,CA,2022,0,0.18201673711359875,1,0,1
A-5235204,Source1,TX,2022,0,0.047710133862815626,0,0,0
A-7628089,Source1,CA,2018,0,0.38397199550793887,1,0,1
A-393986,Source2,TX,2017,0,0.11229869003072801,0,0,0
A-7349634,Source1,CA,2019,0,0.2704809145085398,1,0,1
A-6218648,Source1,CA,,0,0.05405707397860249,0,0,0
A-1003056,Source2,CA,2021,0,0.2105695854305635,1,0,1
A-882824,Source2,TX,2021,0,0.18732985945957664,1,0,1
A-3588864,Source1,CA,2017,1,0.2229302156264757,1,0,0
A-5994566,Source1,CA,,0,0.05389653640428771,0,0,0
A-7740612,Source1,CA,2019,1,0.1480862576492888,0,1,0
A-3673677,Source1,CA,2023,0,0.061662572765717086,0,0,0
A-4099846,Source1,CA,2022,0,0.21714872654228984,1,0,1
A-4464196,Source1,CA,2022,0,0.05272682183713136,0,0,0
A-5120969,Source1,TX,2022,0,0.049600598472528755,0,0,0
A-1919713,Source2,CA,2019,0,0.18934292670841948,1,0,1
A-5945638,Source1,CA,2021,0,0.09844908407930922,0,0,0
A-5082571,Source1,CA,,0,0.03577401462383715,0,0,0
A-1941533,Source2,CA,2019,0,0.07790874697744367,0,0,0
A-3095532,Source2,TX,2018,0,0.2210847246202771,1,0,1
A-2924110,Source2,CA,2018,0,0.14074930974208893,0,0,0
A-428886,Source2,TX,2017,0,0.33689754994675714,1,0,1
A-6403238,Source1,CA,2021,0,0.11992654636566444,0,0,0
A-5653840,Source1,CA,,0,0.02695091985976848,0,0,0
A-5933763,Source1,CA,2021,0,0.32830853667835397,1,0,1
A-7737695,Source1,CA,2019,1,0.14946060179656556,0,1,0
A-564264,Source2,CA,2022,0,0.2127366402659121,1,0,1
A-5146747,Source1,CA,2022,0,0.06707039386781273,0,0,0
A-2202752,Source2,CA,2019,0,0.2910397349813882,1,0,1
A-5241167,Source1,CA,2022,0,0.10943478844101369,0,0,0
A-4664989,Source1,TX,2022,0,0.04392164308666047,0,0,0
A-5894739,Source1,CA,2021,0,0.17979983429139185,1,0,1
A-5685970,Source1,CA,2021,0,0.07862803905449048,0,0,0
A-1515305,Source2,TX,2020,0,0.0709848803847513,0,0,0
A-6496131,Source1,CA,2021,0,0.28559674959578213,1,0,1
A-22575,Source2,CA,2016,1,0.2899655455184461,1,0,0
A-7442754,Source1,CA,2019,0,0.28644558494853806,1,0,1
A-4695543,Source1,CA,,0,0.1634454432097358,0,0,0
A-5723701,Source1,CA,2021,0,0.19158038800160385,1,0,1
A-4701967,Source1,TX,2023,0,0.15580066694740344,0,0,0
A-40191,Source2,CA,2016,0,0.2011763051435173,1,0,1
A-1741774,Source2,CA,2019,0,0.05047421365457113,0,0,0
A-4896506,Source1,CA,2022,0,0.18369678599431408,0,0,0
A-79068,Source2,CA,2016,0,0.380067431652008,1,0,1
A-610766,Source2,TX,2022,0,0.1293672559475918,0,0,0
A-4914700,Source1,CA,,0,0.04877961230766685,0,0,0
A-3774903,Source1,CA,2022,0,0.08304699040289963,0,0,0
A-7648138,Source1,CA,2017,0,0.20727683565135352,1,0,1
A-3187231,Source2,TX,2017,0,0.4403065459011627,1,0,1
A-439777,Source2,CA,2017,0,0.06487384685702102,0,0,0
A-6976317,Source1,CA,2020,0,0.11944293634733308,0,0,0
A-7084800,Source1,CA,2020,0,0.15515275809797374,0,0,0
A-3607963,Source1,CA,2017,1,0.2561710011163478,1,0,0
A-2229635,Source2,TX,2019,0,0.33099232902152836,1,0,1
A-7511158,Source1,CA,2018,0,0.14210784045407548,0,0,0
A-2066462,Source2,CA,2019,1,0.24950791552780177,1,0,0
A-6182488,Source1,CA,2021,0,0.3303518027563008,1,0,1
A-3968464,Source1,CA,2023,0,0.024754138109384632,0,0,0
A-3230100,Source2,CA,2017,1,0.41247954079774224,1,0,0
A-5279059,Source1,TX,,0,0.06400100075360794,0,0,0
A-1681500,Source3,CA,2019,0,0.02932175366962144,0,0,0
A-1761881,Source3,CA,2019,0,0.1574332297157255,0,0,0
A-7236824,Source1,CA,2020,0,0.3108597320898324,1,0,1
A-4689617,Source1,CA,2022,1,0.08241087799355798,0,1,0
A-700424,Source2,CA,2022,0,0.17110146195539483,1,0,1
A-5063759,Source1,CA,2023,0,0.028531558165979486,0,0,0
A-103322,Source2,CA,2016,1,0.3139434448601778,1,0,0
A-6522225,Source1,CA,,0,0.028950434357104943,0,0,0
A-1956789,Source2,CA,2019,0,0.3034673013355363,1,0,1
A-1936399,Source2,TX,2019,0,0.05293831890907028,0,0,0
A-5283791,Source1,CA,2022,0,0.04980272536258791,0,0,0
A-4220796,Source1,CA,2022,0,0.263161499575074,1,0,1
A-7695641,Source1,CA,2017,0,0.33003485462064414,1,0,1
A-332413,Source2,TX,2017,1,0.2758137818400879,1,0,0
A-3196594,Source2,CA,2017,0,0.15147831566344033,0,0,0
A-4857352,Source1,CA,2022,0,0.05878692607474258,0,0,0
A-5162321,Source1,CA,2022,0,0.2033486046439052,1,0,1
A-3663550,Source1,CA,,0,0.04050030673076537,0,0,0
A-4282493,Source1,TX,,0,0.06486709901361765,0,0,0
A-2961148,Source2,CA,2018,0,0.2867445630302812,1,0,1
A-100604,Source2,CA,2016,1,0.427359066380514,1,0,0
A-5883187,Source1,TX,2021,0,0.04335348992171027,0,0,0
A-1928370,Source2,TX,2019,0,0.02924610784088063,0,0,0
A-5843487,Source1,TX,,0,0.11473166842797818,0,0,0
A-6928651,Source1,TX,2020,0,0.15459405164213558,0,0,0
A-6451309,Source1,TX,2021,0,0.1693258327805738,0,0,0
A-4602488,Source1,CA,,0,0.032881451544515314,0,0,0
A-7145333,Source1,TX,2020,1,0.3132485248362317,1,0,0
A-3417178,Source1,CA,2016,0,0.4369772969156682,1,0,1
A-6677295,Source1,CA,,0,0.18115419695026938,1,0,1
A-493593,Source2,CA,2017,0,0.24219546960208013,1,0,1
A-1207594,Source2,CA,2021,0,0.027399185960889992,0,0,0
A-4139622,Source1,CA,2023,0,0.23410264839297396,1,0,1
A-5043079,Source1,CA,2022,0,0.15088632266937252,0,0,0
A-3861799,Source1,TX,2022,0,0.06300677457888344,0,0,0
A-5017686,Source1,CA,2022,0,0.05278695961620011,0,0,0
A-903036,Source2,CA,2021,0,0.09036374226640839,0,0,0
A-271904,Source2,TX,2017,0,0.13029086077673568,0,0,0
A-4787206,Source1,CA,,0,0.02657733917380365,0,0,0
A-9813,Source2,CA,2017,1,0.279169132009799,1,0,0
A-5887923,Source1,TX,2021,0,0.380605952095602,1,0,1
A-4517566,Source1,CA,2022,0,0.18330547544428064,1,0,1
A-5725869,Source1,CA,,0,0.10213963981420267,0,0,0
A-6974186,Source1,CA,2020,0,0.060855998871306924,0,0,0
A-4898973,Source1,CA,,0,0.031748924619934685,0,0,0
A-6281002,Source1,CA,,0,0.06152565921409921,0,0,0
A-7068022,Source1,CA,2020,0,0.07844909814755287,0,0,0
A-3651059,Source1,CA,,0,0.02811648593060445,0,0,0
A-3736153,Source1,CA,,0,0.17714228511925129,1,0,1
A-76691,Source2,CA,2016,0,0.39776793604750615,1,0,1
A-4792901,Source1,TX,2022,0,0.2858192505486482,1,0,1
A-1743769,Source2,TX,2019,0,0.2353251935828839,1,0,1
A-7457028,Source1,CA,2019,0,0.3091150372853154,1,0,1
A-95557,Source2,CA,2016,1,0.2867943068992429,1,0,0
A-730308,Source2,CA,2022,1,0.06898760618057083,0,1,0
A-2594448,Source2,TX,2018,1,0.3840864534617319,1,0,0
A-5862818,Source1,CA,2021,0,0.12901641602105143,0,0,0
A-2512519,Source2,CA,2018,0,0.23848066853181998,1,0,1
A-2972369,Source2,CA,2018,1,0.2700659073566634,1,0,0
A-7031906,Source1,CA,2020,0,0.28323373238673194,1,0,1
A-7263668,Source1,CA,2020,0,0.03710337229362963,0,0,0
A-5906830,Source1,CA,2021,0,0.0762380237246774,0,0,0
A-1704447,Source2,TX,2019,1,0.1116181484743003,0,1,0
A-4116593,Source1,CA,,0,0.058899179996585116,0,0,0
A-2188420,Source2,TX,2019,0,0.027175736495744042,0,0,0
A-6842959,Source1,CA,2020,0,0.0648937282121995,0,0,0
A-1335337,Source2,CA,2020,0,0.10148416978958359,0,0,0
A-6483506,Source1,CA,2021,0,0.10565532394860593,0,0,0
A-1999501,Source2,TX,2019,0,0.044951127972344816,0,0,0
A-4123605,Source1,CA,2022,0,0.06753836666184512,0,0,0
A-6070722,Source1,TX,2021,0,0.22568789249178295,1,0,1
A-7628123,Source1,CA,2018,1,0.2985517709038731,1,0,0
A-4913123,Source1,CA,,0,0.023275750062986593,0,0,0
A-5283336,Source1,CA,2022,0,0.21157524646224535,1,0,1
A-2739283,Source3,CA,2018,1,0.36750145057281447,1,0,0
A-1117115,Source2,CA,2021,0,0.10724519013506759,0,0,0
A-7162217,Source1,CA,2020,0,0.25342875067858844,1,0,1
A-2962837,Source2,TX,2018,1,0.18238646953443333,1,0,0
A-3747962,Source1,CA,2022,0,0.09137254133231032,0,0,0
A-2897292,Source2,CA,2018,0,0.32796503329873616,1,0,1
A-4236638,Source1,CA,2022,0,0.04154353548733382,0,0,0
A-776110,Source2,TX,2021,1,0.18890782831061198,1,0,0
A-1009128,Source2,CA,2021,1,0.07135418361769215,0,1,0
A-2994132,Source2,TX,2018,0,0.1421374646096882,0,0,0
A-4630339,Source1,CA,2022,0,0.16265755177837307,0,0,0
A-7773029,Source1,CA,2019,1,0.07908661472110572,0,1,0
A-1593977,Source2,TX,2020,0,0.17794818561773587,0,0,0
A-6356189,Source1,CA,2021,0,0.06561160337850734,0,0,0
A-3117735,Source2,CA,2017,1,0.316367683050286,1,0,0
A-3226979,Source2,TX,2017,0,0.07522148744908277,0,0,0
A-3032734,Source2,CA,2018,0,0.43220655405032266,1,0,1
A-2957223,Source2,TX,2018,0,0.1684567950154939,0,0,0
A-4634918,Source1,CA,,0,0.04182275410622734,0,0,0
A-6376654,Source1,TX,,0,0.11658152133570776,0,0,0
A-4607382,Source1,CA,2023,0,0.039513519987450216,0,0,0
A-6488300,Source1,CA,2021,0,0.0491147849846259,0,0,0
A-4270537,Source1,CA,2023,0,0.11228299308670298,0,0,0
A-4735229,Source1,TX,,0,0.1810241353231308,1,0,1
A-7279878,Source1,CA,2020,0,0.020364253838082685,0,0,0
A-5717660,Source1,CA,2021,0,0.39525631884766743,1,0,1
A-3528315,Source1,CA,2016,0,0.17170358468456745,0,0,0
A-4267756,Source1,CA,,0,0.07030878031561737,0,0,0
A-1407503,Source2,TX,2020,0,0.20321521184482477,1,0,1
A-4476256,Source1,CA,2022,0,0.27022079568861046,1,0,1
A-7667317,Source1,TX,2017,1,0.3622016294424823,1,0,0
A-24959,Source2,CA,2016,0,0.17291468465034884,0,0,0
A-99045,Source2,CA,2016,1,0.43524440568067746,1,0,0
A-7552042,Source1,CA,2018,0,0.35309551657811994,1,0,1
A-111397,Source2,CA,2016,1,0.41401994155534333,1,0,0
A-2508921,Source2,CA,2018,0,0.13966570913907955,0,0,0
A-5475702,Source1,CA,2021,0,0.2013870371642826,1,0,1
A-2197188,Source2,TX,2019,0,0.05695156714987171,0,0,0
A-4649536,Source1,CA,2022,0,0.02527542459359004,0,0,0
A-6513553,Source1,CA,2021,0,0.24747556065493206,1,0,1
A-1050401,Source2,TX,2021,0,0.16182854304922384,0,0,0
A-1808844,Source2,CA,2019,0,0.09159752144661105,0,0,0
A-60786,Source2,CA,2017,0,0.09151865178712218,0,0,0
A-4080550,Source1,CA,2022,0,0.03972392500700857,0,0,0
A-6688470,Source1,CA,2020,0,0.10708011252963565,0,0,0
A-7280183,Source1,CA,2020,0,0.06516339920946437,0,0,0
A-6206406,Source1,TX,2021,0,0.03127531561078693,0,0,0
A-5689806,Source1,CA,2021,0,0.08856303893520891,0,0,0
A-6541769,Source1,CA,2021,0,0.050036427191794866,0,0,0
A-2191694,Source2,CA,2019,1,0.2744625604277056,1,0,0
A-68344,Source2,CA,2016,1,0.28381538740167145,1,0,0
A-5701566,Source1,CA,2021,0,0.07868018689527365,0,0,0
A-6992881,Source1,CA,2020,0,0.3940956036842481,1,0,1
A-6244222,Source1,CA,2021,0,0.23802044604835237,1,0,1
A-3430392,Source1,TX,2017,1,0.3502547733023551,1,0,0
A-4399041,Source1,CA,2022,0,0.07953240381418368,0,0,0
A-3208684,Source2,TX,2017,0,0.35398014597937466,1,0,1
A-6941933,Source1,CA,2020,0,0.1100994615069317,0,0,0
A-2748904,Source2,CA,2018,0,0.2914851033329079,1,0,1
A-4026858,Source1,CA,2022,0,0.13342988853771093,0,0,0
A-4001603,Source1,CA,2022,0,0.0773634196107338,0,0,0
A-2703283,Source2,TX,2018,1,0.3374349106764554,1,0,0
A-3050313,Source2,CA,2018,0,0.23468112424680565,1,0,1
A-642098,Source2,CA,2022,0,0.13998564174873634,0,0,0
A-7089486,Source1,TX,2020,0,0.1743330580878959,0,0,0
A-287276,Source2,TX,2016,0,0.32427938944460455,1,0,1
A-7342977,Source1,CA,2019,0,0.20668087569554391,1,0,1
A-4472015,Source1,CA,,0,0.04775781810143419,0,0,0
A-3991677,Source1,CA,2022,0,0.27661665052473217,1,0,1
A-4221417,Source1,CA,2022,0,0.25278569602853646,1,0,1
A-2810514,Source2,TX,2018,0,0.2991642140436327,1,0,1
A-2419671,Source2,TX,2018,1,0.2954206140477216,1,0,0
A-263070,Source2,TX,2016,0,0.28996287288339995,1,0,1
A-5256299,Source1,CA,2022,0,0.2582799343042169,1,0,1
A-7399029,Source1,CA,2019,0,0.25646909526230693,1,0,1
A-1338396,Source2,TX,2020,1,0.08200677699071587,0,1,0
A-3416344,Source1,CA,2016,1,0.274713786626587,1,0,0
A-5896240,Source1,CA,2021,0,0.1677942119451406,0,0,0
A-4427,Source2,CA,2016,0,0.04365877829930414,0,0,0
A-7210759,Source1,CA,2020,0,0.04869703765912171,0,0,0
A-3403677,Source2,TX,2017,0,0.37977639339311076,1,0,1
A-6495609,Source1,CA,2021,0,0.06223696050477173,0,0,0
A-2278386,Source2,CA,2019,1,0.24886936853777925,1,0,0
A-5442755,Source1,TX,2022,0,0.06087902174144377,0,0,0
A-1652899,Source2,TX,2020,0,0.22638899480318475,1,0,1
A-7295615,Source1,CA,2019,0,0.2823663060299178,1,0,1
A-5602333,Source1,CA,2021,0,0.12257244454194831,0,0,0
A-684716,Source2,TX,2022,1,0.10693220838828632,0,1,0
A-5282370,Source1,CA,2022,0,0.14146383094437928,0,0,0
A-4580622,Source1,CA,,0,0.055961574129771055,0,0,0
A-7438941,Source1,CA,2019,0,0.3274080450447877,1,0,1
A-437110,Source3,CA,2017,1,0.30386906672397795,1,0,0
A-4205939,Source1,TX,,0,0.05141322660903932,0,0,0
A-2335818,Source2,TX,2019,0,0.1827879416175376,1,0,1
A-1180721,Source2,CA,2021,0,0.1627533509661027,0,0,0
A-6689462,Source1,CA,2020,0,0.25530742538651674,1,0,1
A-780415,Source2,CA,2021,0,0.16339528951703275,1,0,1
A-5211384,Source1,CA,,0,0.03593553225312014,0,0,0
A-2870542,Source2,CA,2018,0,0.30596152767595136,1,0,1
A-1258642,Source2,CA,2020,0,0.05316127628909119,0,0,0
A-1318,Source2,CA,2016,0,0.4675375385620663,1,0,1
A-6933684,Source1,TX,2020,0,0.11436118167475233,0,0,0
A-5734067,Source1,CA,2021,0,0.09177980406713458,0,0,0
A-6626908,Source1,CA,2020,0,0.23157857367390547,1,0,1
A-5859523,Source1,TX,,0,0.11258570200627704,0,0,0
A-1764432,Source2,CA,2019,0,0.0604053911614311,0,0,0
A-283917,Source2,TX,2016,1,0.3514403499641611,1,0,0
A-6005965,Source1,CA,2021,0,0.04227186576149704,0,0,0
A-303384,Source2,TX,2016,0,0.05051269241174955,0,0,0
A-6459481,Source1,CA,2021,0,0.10280277189855114,0,0,0
A-4475195,Source1,CA,2022,0,0.1711209809474286,0,0,0
A-3693778,Source1,CA,2023,0,0.02960077345730442,0,0,0
A-2982786,Source2,CA,2018,1,0.2907405132054313,1,0,0
A-5309949,Source1,CA,2022,0,0.286971563360911,1,0,1
A-881520,Source2,TX,2021,0,0.3330663627161643,1,0,1
A-5646498,Source1,TX,2021,0,0.18779922049273712,1,0,1
A-6055055,Source1,TX,2021,0,0.10678958907720107,0,0,0
A-3180913,Source2,TX,2017,1,0.23662058642806683,1,0,0
A-2225530,Source2,CA,2019,1,0.28417858885598113,1,0,0
A-7413787,Source1,CA,2019,0,0.23955685004075197,1,0,1
A-2989364,Source2,CA,2018,1,0.42254486044167744,1,0,0
A-3523981,Source1,CA,2016,0,0.2970054045234784,1,0,1
A-4382386,Source1,CA,2022,0,0.07749820356893748,0,0,0
A-4003225,Source1,CA,,0,0.04859184608041526,0,0,0
A-265747,Source2,TX,2016,0,0.19233495519484606,1,0,1
A-5952735,Source1,CA,2021,0,0.3734907493815574,1,0,1
A-6242435,Source1,TX,2021,0,0.13978589730997604,0,0,0
A-45699,Source2,CA,2016,0,0.23519367785777856,1,0,1
A-3282178,Source2,CA,2017,0,0.14755492199851827,0,0,0
A-5801813,Source1,CA,,0,0.08794221193347851,0,0,0
A-5750253,Source1,CA,2021,0,0.2490773614780651,1,0,1
A-5270098,Source1,TX,,0,0.020962075922463314,0,0,0
A-453074,Source2,TX,2017,1,0.20786678034264136,1,0,0
A-4568614,Source1,CA,2023,0,0.045113800493366295,0,0,0
A-344992,Source2,CA,2017,0,0.35809208376303603,1,0,1
A-6473850,Source1,CA,2021,0,0.03691913919144254,0,0,0
A-7013416,Source1,CA,2020,0,0.18436538714957607,0,0,0
A-3548937,Source1,CA,2016,0,0.3085934919394723,1,0,1
A-4107071,Source1,CA,2022,0,0.05385560381360913,0,0,0
A-4168720,Source1,CA,2022,0,0.23968836091952173,1,0,1
A-2235001,Source2,CA,2019,1,0.3306633228654677,1,0,0
A-2874295,Source2,TX,2018,1,0.33207984321011513,1,0,0
A-5590332,Source1,CA,2021,0,0.22678555062530883,1,0,1
A-3568836,Source1,TX,2017,1,0.3395986142611096,1,0,0
A-5226660,Source1,CA,,0,0.06637258454178585,0,0,0
A-5464284,Source1,TX,,0,0.08015064146843513,0,0,0
A-1389282,Source2,CA,2020,0,0.14132581472339686,0,0,0
A-894736,Source2,CA,2021,1,0.1626669860621291,0,1,0
A-6566996,Source1,CA,2021,0,0.09058048667687262,0,0,0
A-5939283,Source1,CA,2021,0,0.353470374900997,1,0,1
A-596530,Source2,CA,2022,1,0.29411892695279657,1,0,0
A-3938202,Source1,TX,2022,0,0.199375149276981,1,0,1
A-1975848,Source2,CA,2019,0,0.027100684530585256,0,0,0
A-7533675,Source1,CA,2018,1,0.3461984171047014,1,0,0
A-7717159,Source1,CA,2019,0,0.08668008678566871,0,0,0
A-2244594,Source2,TX,2019,0,0.30990418114720686,1,0,1
A-7438858,Source1,CA,2019,0,0.2880137437931954,1,0,1
A-108364,Source2,CA,2016,1,0.499263497966827,1,0,0
A-1701200,Source2,CA,2019,0,0.04757267794944049,0,0,0
A-6971618,Source1,CA,2020,0,0.046031547485447695,0,0,0
A-5643556,Source1,CA,2021,0,0.03906334516450674,0,0,0
A-5066,Source2,CA,2016,0,0.2933350308121423,1,0,1
A-6288604,Source1,TX,2021,0,0.13664777981444315,0,0,0
A-3589481,Source1,CA,2017,0,0.3001199430803364,1,0,1
A-3952284,Source1,CA,2022,0,0.10532459778121206,0,0,0
A-3396958,Source2,TX,2017,0,0.08031022710660107,0,0,0
A-4133832,Source1,CA,2022,0,0.06731450965430005,0,0,0
A-7542893,Source1,CA,2018,1,0.47109075329705286,1,0,0
A-3031795,Source2,CA,2018,1,0.3259301220265768,1,0,0
A-279269,Source2,TX,2016,0,0.05648266261499994,0,0,0
A-4734476,Source1,CA,,0,0.12084774107972332,0,0,0
A-2364537,Source2,TX,2019,0,0.1956750636771503,1,0,1
A-1428510,Source2,TX,2020,1,0.2321382309518662,1,0,0
A-393164,Source2,TX,2017,0,0.11975677065507488,0,0,0
A-656066,Source2,CA,2022,0,0.07989756872113989,0,0,0
A-341064,Source2,CA,2017,1,0.33305881772079166,1,0,0
A-6262166,Source1,CA,2021,0,0.21557986982707905,1,0,1
A-2846298,Source2,CA,2018,1,0.22926875604981775,1,0,0
A-5214241,Source1,CA,,0,0.08249590858956589,0,0,0
A-7288234,Source1,CA,2019,0,0.08846953458957177,0,0,0
A-5166738,Source1,CA,2022,0,0.19137627247588357,1,0,1
A-6427685,Source1,CA,2021,0,0.06987010092347842,0,0,0
A-1285697,Source2,TX,2020,0,0.27206782944204033,1,0,1
A-4793808,Source1,CA,2022,0,0.11251522565155585,0,0,0
A-5880070,Source1,CA,2021,0,0.03460623929504765,0,0,0
A-102292,Source2,CA,2016,0,0.3257685551657713,1,0,1
A-5794278,Source1,TX,2021,0,0.10571215580886659,0,0,0
A-4067050,Source1,CA,,0,0.04420594511680742,0,0,0
A-2654861,Source2,CA,2018,1,0.4622261762897149,1,0,0
A-4212661,Source1,TX,2023,0,0.04401811410200984,0,0,0
A-340088,Source2,CA,2017,0,0.22786045214693423,1,0,1
A-5871564,Source1,CA,2021,0,0.3266782372000782,1,0,1
A-100611,Source2,CA,2016,1,0.34977605912443294,1,0,0
A-71755,Source2,CA,2016,0,0.4082465681532068,1,0,1
A-2149083,Source2,CA,2019,0,0.25722751059120824,1,0,1
A-3177606,Source2,CA,2017,0,0.39493818806138575,1,0,1
A-53778,Source2,CA,2016,0,0.38239385475676296,1,0,1
A-5707369,Source1,CA,,0,0.04745378286532381,0,0,0
A-1110036,Source2,CA,2021,1,0.2663618623468122,1,0,0
A-7318341,Source1,CA,2019,0,0.026348840118058953,0,0,0
A-495923,Source2,CA,2017,0,0.18466903890179923,0,0,0
A-6867989,Source1,CA,2020,0,0.05944871705366204,0,0,0
A-1750992,Source2,TX,2019,1,0.13986597148127153,0,1,0
A-4435495,Source1,TX,2022,0,0.04026176105767062,0,0,0
A-3285,Source2,CA,2016,1,0.29468497253839804,1,0,0
A-7352601,Source1,CA,2019,0,0.12428544557005061,0,0,0
A-5507015,Source1,TX,2021,0,0.3722381092248637,1,0,1
A-4287255,Source1,CA,,0,0.08128927830444935,0,0,0
A-6114490,Source1,CA,2021,0,0.1396998418744508,0,0,0
A-3663039,Source1,CA,,0,0.03533005223258949,0,0,0
A-2764967,Source2,CA,2018,0,0.07115703317448736,0,0,0
A-721120,Source2,CA,2022,0,0.0779768898745817,0,0,0
A-7309539,Source1,CA,2019,0,0.09353042578774276,0,0,0
A-397003,Source2,CA,2017,1,0.31749344230741305,1,0,0
A-562598,Source2,TX,2022,0,0.03876068462139479,0,0,0
A-6157005,Source1,CA,2021,0,0.03807471771108121,0,0,0
A-34897,Source2,CA,2016,0,0.2539519771459574,1,0,1
A-2717497,Source2,TX,2018,0,0.4615853117195215,1,0,1
A-6601099,Source1,TX,2020,0,0.054682661178689626,0,0,0
A-283931,Source2,TX,2016,0,0.05487824012596067,0,0,0
A-1802458,Source2,TX,2019,1,0.17377848895003253,0,1,0
A-7442021,Source1,CA,2019,0,0.296564903946911,1,0,1
A-7362518,Source1,CA,2019,1,0.2846162892570764,1,0,0
A-4731396,Source1,CA,2022,0,0.08869957440017265,0,0,0
A-2719841,Source2,CA,2018,0,0.05557567173814883,0,0,0
A-7569866,Source1,TX,2018,1,0.2326775714175604,1,0,0
A-5541987,Source1,CA,2021,0,0.3201858008246636,1,0,1
A-6250805,Source1,CA,2021,0,0.07987275651973769,0,0,0
A-6256518,Source1,CA,2021,1,0.25154162514370804,1,0,0
A-7749410,Source1,CA,2019,0,0.1735826449291366,0,0,0
A-6884631,Source1,CA,2020,0,0.30993966344944157,1,0,1
A-5572915,Source1,CA,2021,0,0.06401683663148147,0,0,0
A-2330090,Source2,CA,2019,0,0.29199629572309055,1,0,1
A-6287221,Source1,CA,2021,0,0.16009069238198295,0,0,0
A-5252986,Source1,CA,,0,0.041569067163455195,0,0,0
A-5869036,Source1,CA,2021,0,0.08522784966903987,0,0,0
A-3308093,Source2,TX,2017,1,0.10621720169310825,0,1,0
A-7244040,Source1,CA,2020,0,0.07909555817247119,0,0,0
A-13451,Source2,CA,2016,0,0.3091921756975225,1,0,1
A-1415510,Source2,TX,2020,0,0.027845521800759415,0,0,0
A-68268,Source2,CA,2016,0,0.3810009558375409,1,0,1
A-402119,Source2,CA,2017,1,0.24925107152134904,1,0,0
A-6347626,Source1,CA,2021,0,0.27127220261578777,1,0,1
A-399986,Source2,CA,2017,1,0.3041202453290498,1,0,0
A-4479126,Source1,CA,2022,0,0.1064109168715818,0,0,0
A-98259,Source2,CA,2016,1,0.26461477975957465,1,0,0
A-7393582,Source1,CA,2019,0,0.16477055804699184,0,0,0
A-3180905,Source2,TX,2017,1,0.2207127429596382,1,0,0
A-2385709,Source2,TX,2018,1,0.38275998854605386,1,0,0
A-3427991,Source1,TX,2017,0,0.33602442387748355,1,0,1
A-7352876,Source1,CA,2019,0,0.1066305375980056,0,0,0
A-5652096,Source1,CA,2021,0,0.11286136614225462,0,0,0
A-2380680,Source2,TX,2018,1,0.2658247875099785,1,0,0
A-3725454,Source1,CA,,0,0.17131957042471202,1,0,1
A-3120952,Source2,TX,2017,1,0.3111131919739934,1,0,0
A-1828269,Source2,TX,2019,0,0.07486190923334034,0,0,0
A-7177194,Source1,CA,2020,0,0.09047613760534466,0,0,0
A-1431539,Source2,TX,2020,0,0.0749140233457403,0,0,0
A-2806370,Source2,CA,2018,1,0.3873607303038882,1,0,0
A-6554136,Source1,CA,2021,0,0.23702000078762317,1,0,1
A-4247600,Source1,CA,2022,0,0.13336376869617744,0,0,0
A-81213,Source2,CA,2016,1,0.2715283652104047,1,0,0
A-7059287,Source1,CA,2020,0,0.0673005491095813,0,0,0
A-5442353,Source1,CA,2022,0,0.23915144370402813,1,0,1
A-6475723,Source1,CA,2021,0,0.051678973967824414,0,0,0
A-6982682,Source1,CA,2020,0,0.18710736793821547,1,0,1
A-5497091,Source1,CA,2021,0,0.10736926981906587,0,0,0
A-7740063,Source1,CA,2019,0,0.031550166639520275,0,0,0
A-3077506,Source2,CA,2018,1,0.3439988773205115,1,0,0
A-5168615,Source1,CA,2022,0,0.048669752040371134,0,0,0
A-4010370,Source1,CA,2022,0,0.28610437359093194,1,0,1
A-2610063,Source2,CA,2018,0,0.27044784227062746,1,0,1
A-5166880,Source1,CA,2023,0,0.08624820060605035,0,0,0
A-3739445,Source1,CA,2022,0,0.03292923604238566,0,0,0
A-7179492,Source1,CA,2020,0,0.11701496922361576,0,0,0
A-1130261,Source2,CA,2021,0,0.04219557475589479,0,0,0
A-4937925,Source1,CA,2022,0,0.13922129618987125,0,0,0
A-7776789,Source1,CA,2019,0,0.14680842434897998,0,0,0
A-3090160,Source2,CA,2018,0,0.3687753418147957,1,0,1
A-2857809,Source2,CA,2018,0,0.3645144682985568,1,0,1
A-6449686,Source1,CA,,0,0.07597150045392909,0,0,0
A-5828272,Source1,TX,2021,0,0.1504543818481292,0,0,0
A-3285213,Source2,CA,2017,0,0.46642206253227664,1,0,1
A-54676,Source2,CA,2016,1,0.32036798703086483,1,0,0
A-7227435,Source1,CA,2020,0,0.05005357728843587,0,0,0
A-5775807,Source1,CA,2021,0,0.11979358627033913,0,0,0
A-1617214,Source3,CA,2020,1,0.0708432974440778,0,1,0
A-6548455,Source1,CA,2021,0,0.2572253778689614,1,0,1
A-3432434,Source1,TX,2016,1,0.3546308772513549,1,0,0
A-892722,Source2,CA,2021,1,0.3301906234507103,1,0,0
A-1899689,Source2,CA,2019,1,0.28139686607843656,1,0,0
A-3990014,Source1,CA,,0,0.04445496430413997,0,0,0
A-7246039,Source1,CA,2020,0,0.10356559852725337,0,0,0
A-3417409,Source1,CA,2016,0,0.27036992606216137,1,0,1
A-5083826,Source1,CA,,0,0.07842363590589117,0,0,0
A-1800363,Source3,CA,2019,0,0.03821033224890715,0,0,0
A-492293,Source2,CA,2017,1,0.42332750477100944,1,0,0
A-7035082,Source1,CA,2020,0,0.1733957421864767,0,0,0
A-6499551,Source1,CA,2021,0,0.2701863435378444,1,0,1
A-6999591,Source1,CA,2020,0,0.1778384859597457,0,0,0
A-7615373,Source1,CA,2018,0,0.3771665474756626,1,0,1
A-3774358,Source1,CA,2022,0,0.06483302728470526,0,0,0
A-78432,Source2,CA,2016,1,0.28569054642083724,1,0,0
A-4863120,Source1,CA,2022,0,0.08292571485112432,0,0,0
A-7201013,Source1,TX,2020,0,0.17431999333527634,0,0,0
A-2671586,Source2,CA,2018,1,0.27509011490881097,1,0,0
A-60141,Source2,CA,2017,0,0.35979040027692466,1,0,1
A-4888286,Source1,CA,2022,0,0.14034675191841328,0,0,0
A-4807197,Source1,CA,2023,0,0.23292992015721636,1,0,1
A-5366101,Source1,CA,,0,0.0276884635836518,0,0,0
A-4566088,Source1,CA,2022,0,0.08792566543234247,0,0,0
A-109987,Source2,CA,2016,0,0.2541262086966042,1,0,1
A-2634070,Source2,TX,2018,1,0.36778973551809535,1,0,0
A-2810500,Source2,TX,2018,0,0.06926993314661811,0,0,0
A-1356169,Source2,CA,2020,1,0.3336915245726898,1,0,0
A-297576,Source2,TX,2016,1,0.3674657921287261,1,0,0
A-5283484,Source1,TX,2023,0,0.09424953522324424,0,0,0
A-1383481,Source2,CA,2020,0,0.09628061378239179,0,0,0
A-7338782,Source1,CA,2019,0,0.10610325014300534,0,0,0
A-6281670,Source1,CA,,0,0.05111182265216616,0,0,0
A-1644629,Source2,TX,2020,1,0.0944998366803392,0,1,0
A-2570719,Source2,TX,2018,0,0.17359440545902932,0,0,0
A-6251034,Source1,CA,2021,0,0.06814657728012433,0,0,0
A-4971663,Source1,CA,2022,0,0.10863158086881848,0,0,0
A-4839494,Source1,CA,2022,0,0.05753962129029385,0,0,0
A-3541827,Source1,CA,2016,0,0.3231260658495998,1,0,1
A-4940639,Source1,CA,,0,0.06735758960880582,0,0,0
A-3412291,Source2,CA,2017,0,0.29062552131874986,1,0,1
A-1486834,Source2,CA,2020,0,0.24747355943038435,1,0,1
A-6864941,Source1,CA,2020,0,0.04193141050479694,0,0,0
A-7478984,Source1,CA,2018,0,0.26125600841539554,1,0,1
A-6288534,Source1,TX,2021,0,0.17239608275118604,0,0,0
A-4045974,Source1,CA,2022,0,0.05683150655208098,0,0,0
A-682969,Source2,CA,2022,0,0.25427029677952484,1,0,1
A-3385228,Source2,CA,2017,0,0.35842789623353016,1,0,1
A-7275790,Source1,CA,2020,0,0.10578593686128315,0,0,0
A-6243677,Source1,CA,2021,0,0.05443921513842557,0,0,0
A-3568797,Source1,TX,2017,0,0.3376846329174977,1,0,1
A-7225601,Source1,CA,2020,0,0.023610018175840772,0,0,0
A-4760226,Source1,CA,2022,0,0.06875455704905314,0,0,0
A-5278222,Source1,CA,2022,0,0.3078155468880323,1,0,1
A-5779763,Source1,CA,,0,0.17616925514257092,1,0,1
A-1849571,Source2,CA,2019,0,0.041659218383666916,0,0,0
A-5278512,Source1,CA,2022,0,0.04905953890119301,0,0,0
A-2345744,Source2,TX,2019,0,0.06381592507073272,0,0,0
A-1316044,Source2,CA,2020,0,0.12165174414632562,0,0,0
A-3757156,Source1,CA,2022,0,0.08378806835476613,0,0,0
A-1710509,Source2,CA,2019,0,0.1111133806930874,0,0,0
A-5781030,Source1,CA,2021,0,0.13103323803412986,0,0,0
A-274023,Source2,TX,2016,0,0.3819412761235371,1,0,1
A-6591060,Source1,CA,2020,0,0.05969976568659202,0,0,0
A-5132468,Source1,CA,,0,0.10982436041516194,0,0,0
A-92543,Source2,CA,2016,0,0.4791093617171792,1,0,1
A-3071123,Source2,CA,2018,0,0.1670308865554674,0,0,0
A-7749129,Source1,CA,2019,0,0.14671603099676833,0,0,0
A-49332,Source2,CA,2016,1,0.40618663987436865,1,0,0
A-5243075,Source1,TX,2023,0,0.04023404434005944,0,0,0
A-1875461,Source2,CA,2019,1,0.11427728184436962,0,1,0
A-2152314,Source2,TX,2019,1,0.23025729357840796,1,0,0
A-3734023,Source1,TX,2022,0,0.16087933991327133,0,0,0
A-6895853,Source1,CA,2020,0,0.10614290443684356,0,0,0
A-4982913,Source1,CA,2022,0,0.054705781584718526,0,0,0
A-3102484,Source2,CA,2017,1,0.3755696922705595,1,0,0
A-5066641,Source1,TX,2022,0,0.1006841451428867,0,0,0
A-3625954,Source1,TX,2017,1,0.36196490883156435,1,0,0
A-2737924,Source2,CA,2018,1,0.48386870773137947,1,0,0
A-6268423,Source1,CA,2021,0,0.13187623811565433,0,0,0
A-56660,Source2,CA,2016,1,0.2939193557022562,1,0,0
A-826382,Source2,CA,2021,0,0.0754947446369467,0,0,0
A-65779,Source2,CA,2016,0,0.3634187711915512,1,0,1
A-457505,Source2,CA,2017,1,0.16492414157326019,0,1,0
A-2648946,Source2,CA,2018,1,0.26647131743540464,1,0,0
A-7331709,Source1,CA,2019,0,0.07941904978544398,0,0,0
A-2074159,Source2,TX,2019,0,0.1820638816928702,0,0,0
A-2358215,Source2,TX,2019,0,0.29262238490383696,1,0,1
A-7432757,Source1,CA,2019,1,0.29304983539439017,1,0,0
A-2900776,Source2,CA,2018,0,0.3646020000937155,1,0,1
A-1793576,Source2,TX,2019,0,0.23375332225726853,1,0,1
A-6230298,Source1,CA,2021,0,0.2255616082754292,1,0,1
A-5876964,Source1,TX,2021,0,0.2041457380351354,1,0,1
A-4869937,Source1,CA,2023,0,0.07391367995426903,0,0,0
A-314866,Source2,CA,2017,0,0.08413909022472478,0,0,0
A-5123629,Source1,CA,2023,0,0.048804297138468775,0,0,0
A-5838223,Source1,TX,2021,0,0.18367383285202488,1,0,1
A-881839,Source2,CA,2021,1,0.18122807991039688,1,0,0
A-4968578,Source1,CA,2022,0,0.07471179448277664,0,0,0
A-4301034,Source1,CA,2022,0,0.22346448431201904,1,0,1
A-1208125,Source2,TX,2021,1,0.2669584540763187,1,0,0
A-5042677,Source1,CA,2022,0,0.1819383249520803,0,0,0
A-1613024,Source2,CA,2020,0,0.21581490026739908,1,0,1
A-4454155,Source1,CA,2022,0,0.29043497186066164,1,0,1
A-1116687,Source2,TX,2021,0,0.1317459090843469,0,0,0
A-7209752,Source1,CA,2020,0,0.061630235077164496,0,0,0
A-930882,Source2,CA,2021,0,0.13689616032176788,0,0,0
A-4516761,Source1,CA,2022,0,0.09621128620634531,0,0,0
A-6549861,Source1,CA,2021,0,0.03145440572485506,0,0,0
A-7469212,Source1,CA,2019,1,0.3295073569965787,1,0,0
A-4420755,Source1,CA,,0,0.02422148777046112,0,0,0
A-7247092,Source1,CA,2020,0,0.33226869562770583,1,0,1
A-1392644,Source2,TX,2020,0,0.08338808902568093,0,0,0
A-2654698,Source2,CA,2018,0,0.4113496874283059,1,0,1
A-2877217,Source3,CA,2018,0,0.1769272174585604,1,0,1
A-3656905,Source1,CA,2023,0,0.033483836931946745,0,0,0
A-4652685,Source1,CA,2022,0,0.12524291207856625,0,0,0
A-7390607,Source1,CA,2019,0,0.10974319285503835,0,0,0
A-5758,Source2,CA,2016,0,0.08039828508522111,0,0,0
A-5294524,Source1,CA,2022,0,0.2135120551610008,1,0,1
A-98854,Source2,CA,2016,1,0.3440294136690909,1,0,0
A-2541893,Source2,CA,2018,0,0.14429735612280234,0,0,0
A-582937,Source2,CA,2022,1,0.11740309707465632,0,1,0
A-1355571,Source2,CA,2020,0,0.05759121698272144,0,0,0
A-272866,Source2,TX,2017,0,0.03594499944360634,0,0,0
A-7305057,Source1,CA,2019,0,0.23662502444193736,1,0,1
A-45342,Source2,CA,2016,1,0.2943413678036226,1,0,0
A-6220364,Source1,CA,2021,0,0.11506318895930123,0,0,0
A-2716840,Source2,TX,2018,0,0.47300749984882423,1,0,1
A-43535,Source2,CA,2016,0,0.3923190344324892,1,0,1
A-5595169,Source1,CA,2021,0,0.1722183905888571,0,0,0
A-2083379,Source2,CA,2019,0,0.035026716379671106,0,0,0
A-3537011,Source1,CA,2016,0,0.3007200924421799,1,0,1
A-7319636,Source1,CA,2019,0,0.24440191788897575,1,0,1
A-3921672,Source1,CA,2023,0,0.053700798935760755,0,0,0
A-1227098,Source2,TX,2020,0,0.17160496764113098,1,0,1
A-335324,Source2,TX,2017,0,0.39743651794735374,1,0,1
A-5702039,Source1,CA,2021,0,0.10950412916017593,0,0,0
A-5571100,Source1,TX,2021,0,0.16136044753495568,0,0,0
A-3993535,Source1,CA,2022,0,0.06712773230481801,0,0,0
A-3284648,Source2,TX,2017,0,0.30993731306709604,1,0,1
A-6048853,Source1,CA,2021,0,0.13637814924268338,0,0,0
A-1038326,Source2,CA,2021,1,0.12489275062341607,0,1,0
A-1180654,Source2,CA,2021,0,0.12354432962549962,0,0,0
A-1731487,Source3,CA,2019,1,0.07650162074743956,0,1,0
A-5666630,Source1,CA,2021,0,0.05315747504043652,0,0,0
A-7750432,Source1,CA,2019,0,0.2573213052973034,1,0,1
A-7304854,Source1,CA,2019,0,0.1336965553168607,0,0,0
A-4478616,Source1,CA,2022,0,0.2402965841315008,1,0,1
A-5096484,Source1,CA,2022,0,0.08429495328877246,0,0,0
A-3882035,Source1,CA,,0,0.19777605446440755,1,0,1
A-1863011,Source2,CA,2019,0,0.08839414593908201,0,0,0
A-7461031,Source1,CA,2019,0,0.19783664957658606,1,0,1
A-3183411,Source2,CA,2017,0,0.2507769084170869,1,0,1
A-3667168,Source1,CA,,0,0.03718964365847563,0,0,0
A-3265854,Source2,CA,2017,1,0.38694756520523405,1,0,0
A-3543229,Source1,CA,2016,0,0.23743629396892324,1,0,1
A-6865701,Source1,CA,2020,0,0.09834426962884786,0,0,0
A-3111640,Source2,CA,2017,0,0.3583776588520136,1,0,1
A-3746297,Source1,CA,2022,0,0.06126121106864901,0,0,0
A-4157895,Source1,CA,,0,0.032075458669108124,0,0,0
A-7418470,Source1,CA,2019,0,0.11005172870732036,0,0,0
A-7276053,Source1,CA,2020,0,0.0866923864208409,0,0,0
A-3895758,Source1,CA,2023,0,0.11236696703768215,0,0,0
A-4659776,Source1,CA,2022,0,0.04793910414150607,0,0,0
A-5448125,Source1,TX,2022,0,0.06542279698463124,0,0,0
A-4792231,Source1,TX,2022,0,0.17515704674523902,0,0,0
A-5813422,Source1,CA,2021,0,0.2708736984744523,1,0,1
A-3414218,Source1,CA,2016,1,0.3212197386510093,1,0,0
A-7333540,Source1,CA,2019,0,0.1129786639136114,0,0,0
A-7762476,Source1,CA,2019,0,0.03691376181806767,0,0,0
A-981811,Source2,TX,2021,0,0.295796667559712,1,0,1
A-5206542,Source1,CA,,0,0.04435230641096823,0,0,0
A-3874394,Source1,CA,,0,0.07505743056247549,0,0,0
A-59227,Source2,CA,2016,0,0.28491155479806196,1,0,1
A-6425990,Source1,CA,2021,0,0.03541720072707392,0,0,0
A-3357626,Source2,TX,2017,0,0.40358524139640756,1,0,1
A-1033455,Source2,TX,2021,1,0.2565969243895716,1,0,0
A-4183671,Source1,CA,2022,0,0.2751354261045753,1,0,1
A-3230824,Source2,TX,2017,1,0.23713197851438889,1,0,0
A-7395147,Source1,CA,2019,0,0.280368723875837,1,0,1
A-7524740,Source1,CA,2018,0,0.36615170673755254,1,0,1
A-4370982,Source1,TX,,0,0.14479819702295119,0,0,0
A-7409353,Source1,CA,2019,0,0.17072100720338296,0,0,0
A-7377072,Source1,CA,2019,0,0.20188412241428738,1,0,1
A-1728185,Source2,CA,2019,0,0.091865499085046,0,0,0
A-11872,Source2,CA,2017,0,0.12385673266551796,0,0,0
A-7518613,Source1,CA,2018,0,0.20809110486028856,1,0,1
A-7546027,Source1,CA,2018,1,0.3438411128849027,1,0,0
A-4247374,Source1,CA,,0,0.05904351086840078,0,0,0
A-3758058,Source1,CA,2022,0,0.054561570233930136,0,0,0
A-407677,Source2,CA,2017,1,0.146968521870242,0,1,0
A-7354120,Source1,CA,2019,0,0.06826183234226857,0,0,0
A-2729311,Source2,CA,2018,0,0.3860466800160226,1,0,1
A-462324,Source2,CA,2017,1,0.22107624998427236,1,0,0
A-639777,Source2,CA,2022,1,0.10296814028932706,0,1,0
A-7079084,Source1,CA,2020,0,0.03282984668746291,0,0,0
A-4132367,Source1,CA,2022,0,0.08095324091449996,0,0,0
A-3918909,Source1,CA,,0,0.1274894418285474,0,0,0
A-6624091,Source1,CA,2020,0,0.039505190796794286,0,0,0
A-3897267,Source1,TX,2022,0,0.12181160367931425,0,0,0
A-344060,Source2,CA,2017,0,0.19227083691360955,1,0,1
A-3695016,Source1,CA,2023,0,0.12195499164052796,0,0,0
A-5648175,Source1,CA,2021,0,0.06625445155240714,0,0,0
A-5062252,Source1,CA,2022,0,0.13085464374470263,0,0,0
A-5521358,Source1,CA,2021,0,0.10944918802147925,0,0,0
A-316500,Source2,CA,2017,0,0.3510217054053498,1,0,1
A-2900139,Source2,CA,2018,1,0.3765672176116572,1,0,0
A-5399976,Source1,CA,,0,0.05576659014143911,0,0,0
A-524356,Source2,TX,2022,1,0.1594450302192467,0,1,0
A-1749623,Source2,CA,2019,0,0.04972495412275744,0,0,0
A-5621305,Source1,CA,2021,0,0.12785527640336175,0,0,0
A-6834971,Source1,CA,2020,0,0.1385707844020952,0,0,0
A-2903955,Source2,TX,2018,0,0.3888075599146464,1,0,1
A-3250756,Source2,TX,2017,0,0.06632389732760466,0,0,0
A-5692508,Source1,CA,2021,0,0.10475833427598036,0,0,0
A-4018040,Source1,CA,2022,1,0.22346448431201904,1,0,0
A-4912817,Source1,CA,,0,0.029765239857063974,0,0,0
A-4581053,Source1,CA,,0,0.05602617948477249,0,0,0
A-5250301,Source1,CA,2022,0,0.1421961046766092,0,0,0
A-22707,Source2,CA,2016,0,0.4337891508405291,1,0,1
A-3551272,Source1,CA,2016,0,0.43539530751337086,1,0,1
A-4523669,Source1,CA,,0,0.17134890238776251,1,0,1
A-2349867,Source2,TX,2019,0,0.33009528438622826,1,0,1
A-795175,Source2,CA,2021,0,0.049556612958457376,0,0,0
A-340433,Source2,CA,2017,0,0.41167397094014024,1,0,1
A-7367019,Source1,CA,2019,0,0.09878140326127675,0,0,0
A-7168022,Source1,CA,2020,0,0.06591688940234348,0,0,0
A-387265,Source2,TX,2017,1,0.24720337226653322,1,0,0
A-2813347,Source2,TX,2018,0,0.0819022426238035,0,0,0
A-68781,Source2,CA,2016,1,0.29860166306657343,1,0,0
A-578771,Source2,TX,2022,1,0.08131407952423543,0,1,0
A-1421129,Source2,TX,2020,1,0.24867957393020595,1,0,0
A-7640267,Source1,CA,2018,0,0.30749190935970444,1,0,1
A-7458077,Source1,TX,2019,1,0.35583704978347386,1,0,0
A-3910898,Source1,CA,2023,0,0.37327619375852394,1,0,1
A-1758239,Source2,TX,2019,0,0.29008341640247104,1,0,1
A-397977,Source2,CA,2017,1,0.3097876096015749,1,0,0
A-7409899,Source1,CA,2019,0,0.26557674495451106,1,0,1
A-302612,Source2,TX,2016,1,0.3539977176763467,1,0,0
A-580851,Source3,TX,2022,0,0.10361264543560995,0,0,0
A-5511874,Source1,CA,2021,0,0.052550147492180586,0,0,0
A-4762973,Source1,CA,2022,0,0.06981023360868313,0,0,0
A-6906880,Source1,CA,2020,0,0.24711653672616385,1,0,1
A-1485166,Source2,CA,2020,0,0.10442508572813147,0,0,0
A-4445756,Source1,CA,2022,0,0.0758030803780298,0,0,0
A-27709,Source2,CA,2016,0,0.1821547373044426,1,0,1
A-6303205,Source1,CA,2021,0,0.26695140084831354,1,0,1
A-6955495,Source1,TX,2020,0,0.3636830355312425,1,0,1
A-3444972,Source1,TX,2016,0,0.3677142508496316,1,0,1
A-2311371,Source2,CA,2019,0,0.09439005333743605,0,0,0
A-6538595,Source1,TX,2021,0,0.12103856753744388,0,0,0
A-6723868,Source1,CA,2020,0,0.08012013909858821,0,0,0
A-6249139,Source1,CA,2021,0,0.08830999263463989,0,0,0
A-1158471,Source2,CA,2021,0,0.06550304459680986,0,0,0
A-841070,Source2,CA,2021,0,0.06766349714420557,0,0,0
A-6634014,Source1,CA,2020,0,0.07496023296918061,0,0,0
A-4194365,Source1,TX,2022,0,0.18627182839101442,1,0,1
A-808685,Source2,CA,2021,0,0.26144576031939837,1,0,1
A-69586,Source2,CA,2016,1,0.43179019354617,1,0,0
A-1080204,Source2,TX,2021,1,0.19147558726159802,1,0,0
A-996519,Source2,TX,2021,0,0.14140375925437348,0,0,0
A-821016,Source2,CA,2021,1,0.27329883498687196,1,0,0
A-3422359,Source1,CA,2016,0,0.30362984305679497,1,0,1
A-6863270,Source1,CA,2020,0,0.19823208894413472,1,0,1
A-6322166,Source1,CA,2021,0,0.2780935672068494,1,0,1
A-4140849,Source1,CA,2022,0,0.28932816646862125,1,0,1
A-6127713,Source1,CA,2021,0,0.0732232463758821,0,0,0
A-5496474,Source1,TX,2021,0,0.14632656163596822,0,0,0
A-516956,Source2,CA,2022,1,0.11451295932075449,0,1,0
A-318332,Source2,CA,2017,1,0.4013142309480509,1,0,0
A-6445019,Source1,CA,2021,0,0.061015397710101615,0,0,0
A-6851935,Source1,CA,2020,0,0.1322411242327537,0,0,0
A-1644691,Source2,TX,2020,1,0.12785751863125533,0,1,0
A-6119986,Source1,TX,2021,0,0.1314989813031129,0,0,0
A-2021516,Source2,CA,2019,1,0.2569687817365257,1,0,0
A-4579934,Source1,CA,2022,0,0.09532073287834335,0,0,0
A-2629062,Source2,TX,2018,0,0.3386760475061967,1,0,1
A-1078713,Source2,CA,2021,0,0.41003860257924335,1,0,1
A-1816164,Source3,CA,2019,1,0.09753786422911735,0,1,0
A-4158978,Source1,CA,,0,0.20544936572772143,1,0,1
A-6615485,Source1,TX,2020,0,0.20253391578381144,1,0,1
A-3779930,Source1,TX,2022,0,0.17021054500563904,0,0,0
A-2516462,Source2,CA,2018,1,0.21690347759519701,1,0,0
A-2565681,Source2,CA,2018,0,0.3654387818328627,1,0,1
A-4936032,Source1,TX,2022,0,0.18823329049048168,1,0,1
A-3564841,Source1,CA,2017,0,0.28551310358857385,1,0,1
A-1317553,Source2,CA,2020,1,0.08329252353300512,0,1,0
A-7642189,Source1,TX,2017,1,0.34328748749420107,1,0,0
A-4709474,Source1,CA,2022,0,0.05085090199700819,0,0,0
A-2762080,Source2,TX,2018,1,0.3624896238891244,1,0,0
A-6773370,Source1,CA,2020,0,0.128581624459217,0,0,0
A-7098257,Source1,CA,2020,0,0.16078749344567425,0,0,0
A-7525810,Source1,TX,2018,0,0.34115397653823837,1,0,1
A-7388770,Source1,CA,2019,0,0.14122058523914385,0,0,0
A-5543243,Source1,CA,2021,0,0.04802665430794364,0,0,0
A-632707,Source2,CA,2022,0,0.1238285800485448,0,0,0
A-5258107,Source1,CA,2022,0,0.08382092489533784,0,0,0
A-462517,Source2,CA,2017,1,0.23118761013318706,1,0,0
A-3337969,Source2,CA,2017,1,0.16823804994724298,0,1,0
A-459402,Source2,CA,2017,1,0.4303105020121449,1,0,0
A-2657438,Source2,TX,2018,0,0.06464661383876849,0,0,0
A-3007657,Source2,CA,2018,0,0.21033351064274206,1,0,1
A-1629030,Source3,CA,2020,0,0.07581804819286644,0,0,0
A-3099541,Source2,CA,2017,1,0.3370837870477331,1,0,0
A-1637791,Source3,CA,2020,0,0.15159549993250385,0,0,0
A-7513779,Source1,CA,2018,0,0.238822327758946,1,0,1
A-7749071,Source1,CA,2019,0,0.3549837001259313,1,0,1
A-2823396,Source2,CA,2018,0,0.06793415762851612,0,0,0
A-7721351,Source1,TX,2019,1,0.11662713612697044,0,1,0
A-4850748,Source1,CA,2022,0,0.04191492983992166,0,0,0
A-5136507,Source1,TX,2022,0,0.30232641251787373,1,0,1
A-4335217,Source1,CA,2022,0,0.24469593487861796,1,0,1
A-6536172,Source1,CA,2021,0,0.08132335913406043,0,0,0
A-7577151,Source1,CA,2018,1,0.27534415718387695,1,0,0
A-7020792,Source1,CA,2020,0,0.34836931917407166,1,0,1
A-3340351,Source2,TX,2017,0,0.07456841322095234,0,0,0
A-5673827,Source1,CA,2021,0,0.07031480686755687,0,0,0
A-1912838,Source3,CA,2019,0,0.08304376334152401,0,0,0
A-7478864,Source1,CA,2018,0,0.3356099384458798,1,0,1
A-4733998,Source1,CA,,0,0.11090146443129004,0,0,0
A-6640028,Source1,CA,2020,0,0.04090323041981757,0,0,0
A-6292927,Source1,TX,2021,0,0.12869994095902182,0,0,0
A-5596117,Source1,CA,2021,0,0.13681550194394565,0,0,0
A-4313930,Source1,CA,2023,0,0.24254464262650877,1,0,1
A-775944,Source2,CA,2021,1,0.05388739926998533,0,1,0
A-4916640,Source1,CA,,0,0.037096035874444384,0,0,0
A-875335,Source3,TX,2021,0,0.03499898595226139,0,0,0
A-6517558,Source1,TX,2021,0,0.08773353384795646,0,0,0
A-1773074,Source2,TX,2019,0,0.06881776739587131,0,0,0
A-112173,Source2,CA,2016,1,0.10687235617723082,0,1,0
A-1028986,Source2,CA,2021,1,0.11300963461045795,0,1,0
A-4925249,Source1,TX,,0,0.10246734346502857,0,0,0
A-3953194,Source1,CA,2023,0,0.30962848882218486,1,0,1
A-2290852,Source2,CA,2019,0,0.3502886346391712,1,0,1
A-5613637,Source1,CA,2021,0,0.07333910355443858,0,0,0
A-6405101,Source1,CA,2021,0,0.3215562398861179,1,0,1
A-2192480,Source2,CA,2019,0,0.3357134812880411,1,0,1
A-7109624,Source1,CA,2020,0,0.024977930443407365,0,0,0
A-7691846,Source1,CA,2017,0,0.29980559394225903,1,0,1
A-7431751,Source1,CA,2019,0,0.3124311755282943,1,0,1
A-1030565,Source2,CA,2021,0,0.13931848356547766,0,0,0
A-4088854,Source1,CA,2022,0,0.05806119478430612,0,0,0
A-1575574,Source2,CA,2020,0,0.07411998335703798,0,0,0
A-7371796,Source1,CA,2019,0,0.02498951106913404,0,0,0
A-6361147,Source1,CA,2021,0,0.06542163791244542,0,0,0
A-490162,Source2,TX,2017,0,0.396187194428563,1,0,1
A-108210,Source2,CA,2016,1,0.4470432153626211,1,0,0
A-6507340,Source1,TX,2021,0,0.10040121482205941,0,0,0
A-3637310,Source1,CA,2017,0,0.33144520415001427,1,0,1
A-6453382,Source1,CA,2021,0,0.29436467638284836,1,0,1
A-5943541,Source1,TX,2021,0,0.2948064100166595,1,0,1
A-3420406,Source1,CA,2016,0,0.31878694273560787,1,0,1
A-3418158,Source1,CA,2016,0,0.3876434974881696,1,0,1
A-7290074,Source1,CA,2019,0,0.15435619243507062,0,0,0
A-6470517,Source1,TX,2021,0,0.11077854815385249,0,0,0
A-7079017,Source1,CA,2020,0,0.1854069073553321,1,0,1
A-5385494,Source1,CA,,0,0.05891231326680126,0,0,0
A-5556899,Source1,CA,,0,0.05251614583064197,0,0,0
A-7484617,Source1,CA,2018,0,0.20398549604545094,1,0,1
A-2401646,Source2,TX,2018,0,0.08027912082411037,0,0,0
A-5309075,Source1,TX,2022,0,0.1759862474445261,0,0,0
A-7568179,Source1,CA,2018,0,0.30063087498871977,1,0,1
A-7492581,Source1,CA,2018,1,0.3899888177484228,1,0,0
A-769591,Source2,CA,2021,0,0.07046681628190285,0,0,0
A-746908,Source2,TX,2022,1,0.12097107268875822,0,1,0
A-7389370,Source1,CA,2019,0,0.3571729080268262,1,0,1
A-1399781,Source2,CA,2020,1,0.36369378394463153,1,0,0
A-6463591,Source1,TX,2021,0,0.054052892222694035,0,0,0
A-7106600,Source1,CA,2020,0,0.2677465563965522,1,0,1
A-486485,Source2,TX,2017,0,0.16517793119259144,1,0,1
A-5104831,Source1,CA,,0,0.03571550692090165,0,0,0
A-4256230,Source1,CA,2022,0,0.14013110162873824,0,0,0
A-7108633,Source1,CA,2020,0,0.059057866336784545,0,0,0
A-1054834,Source2,TX,2021,0,0.029570530250159287,0,0,0
A-894913,Source3,TX,2021,1,0.18424654647210642,0,1,0
A-6630166,Source1,CA,2020,0,0.21204666214656226,1,0,1
A-1087652,Source2,TX,2021,1,0.11271800425881043,0,1,0
A-4546730,Source1,CA,2022,0,0.07137046886711815,0,0,0
A-1180613,Source2,CA,2021,0,0.2424733839163126,1,0,1
A-736817,Source2,TX,2022,1,0.18779139193179345,1,0,0
A-6143116,Source1,TX,2021,0,0.3361169258860065,1,0,1
A-2619995,Source2,TX,2018,0,0.3397753087171509,1,0,1
A-5255500,Source1,CA,2022,0,0.15704029328774918,1,0,1
A-3017747,Source2,CA,2018,1,0.059654748766977614,0,1,0
A-942916,Source3,CA,2021,0,0.15271200440078517,0,0,0
A-3970199,Source1,TX,2022,0,0.3118922422108522,1,0,1
A-81422,Source2,CA,2016,0,0.3557383540982413,1,0,1
A-6367362,Source1,CA,,0,0.07856121327944945,0,0,0
A-1662468,Source3,CA,2020,0,0.2945344961145345,1,0,1
A-5769049,Source1,TX,2021,0,0.09054123326302321,0,0,0
A-2848864,Source2,CA,2018,0,0.40819852413983204,1,0,1
A-6980216,Source1,CA,2020,0,0.10772489695451988,0,0,0
A-4056610,Source1,CA,2022,0,0.04782520035291399,0,0,0
A-7268026,Source1,CA,2020,0,0.05138482571618801,0,0,0
A-6616590,Source1,CA,2020,0,0.09885988176934654,0,0,0
A-4606475,Source1,CA,,0,0.1739791683235105,1,0,1
A-8834,Source2,CA,2016,0,0.23484291684203562,1,0,1
A-7752461,Source1,CA,2019,0,0.20918690442265514,1,0,1
A-1853177,Source2,CA,2019,0,0.17767601181380085,0,0,0
A-4189116,Source1,CA,2022,0,0.24133750314551783,1,0,1
A-6018479,Source1,TX,2021,0,0.31410085919154396,1,0,1
A-4799211,Source1,CA,,0,0.04120615307412116,0,0,0
A-6925602,Source1,CA,2020,0,0.04623295228570986,0,0,0
A-7256390,Source1,CA,2020,0,0.12395066720437317,0,0,0
A-4996322,Source1,CA,,0,0.1454567706574424,0,0,0
A-4277331,Source1,CA,2022,0,0.137219704875298,0,0,0
A-3982988,Source1,TX,,0,0.06939326249268075,0,0,0
A-636111,Source2,CA,2022,0,0.09805633343977767,0,0,0
A-7775660,Source1,CA,2019,1,0.1315849347550649,0,1,0
A-765114,Source2,CA,2021,1,0.17372308020994592,1,0,0
A-3725850,Source1,CA,,0,0.022933757557767775,0,0,0
A-4192163,Source1,CA,,0,0.04445804111110847,0,0,0
A-5714124,Source1,CA,2021,0,0.31222691239913436,1,0,1
A-1261840,Source2,CA,2020,0,0.05891011840121737,0,0,0
A-6877331,Source1,CA,2020,0,0.13364536673295516,0,0,0
A-3657083,Source1,CA,2023,0,0.05061363731927311,0,0,0
A-5904817,Source1,CA,,0,0.047683545871389565,0,0,0
A-7098224,Source1,CA,2020,0,0.037797226012874524,0,0,0
A-5115806,Source1,CA,2022,0,0.21816884021281027,1,0,1
A-7086224,Source1,CA,2020,0,0.3142150827153757,1,0,1
A-712949,Source3,CA,2022,0,0.2739269391432049,1,0,1
A-7086523,Source1,CA,2020,1,0.09560236579875928,0,1,0
A-2701763,Source2,CA,2018,0,0.32255826988073716,1,0,1
A-580162,Source3,CA,2022,0,0.057066697092741134,0,0,0
A-1907076,Source2,CA,2019,0,0.2541698771501091,1,0,1
A-2885129,Source2,CA,2018,0,0.36032268981270454,1,0,1
A-2146712,Source2,CA,2019,0,0.2438622905903003,1,0,1
A-1681414,Source2,CA,2019,1,0.23868755071255246,1,0,0
A-2093389,Source2,TX,2019,0,0.09269586502865175,0,0,0
A-867163,Source2,TX,2021,0,0.16580410457616526,0,0,0
A-3223990,Source2,TX,2017,1,0.18149414640798164,0,1,0
A-1433017,Source2,TX,2020,0,0.07610654377299939,0,0,0
A-4671490,Source1,CA,2022,0,0.04001919322215985,0,0,0
A-3858454,Source1,CA,,0,0.078733235952745,0,0,0
A-4131167,Source1,CA,2022,0,0.07750222946485553,0,0,0
A-733938,Source2,CA,2022,0,0.07197979756927911,0,0,0
A-3591495,Source1,CA,2017,0,0.33815255903613645,1,0,1
A-7117257,Source1,CA,2020,0,0.2746004457071689,1,0,1
A-4820595,Source1,CA,2022,0,0.047556366870861566,0,0,0
A-3074113,Source2,CA,2018,0,0.3586474255247597,1,0,1
A-2089155,Source2,CA,2019,0,0.11828739185560985,0,0,0
A-1594963,Source3,CA,2020,1,0.058537518732817415,0,1,0
A-3661489,Source1,TX,2023,0,0.12368863326871135,0,0,0
A-7015303,Source1,CA,2020,0,0.27890290758669634,1,0,1
A-4295430,Source1,CA,2022,0,0.03704686464014722,0,0,0
A-4275674,Source1,TX,2022,0,0.05690897601713359,0,0,0
A-7300798,Source1,CA,2019,0,0.07012519702171927,0,0,0
A-1441957,Source2,CA,2020,0,0.14397836805009706,0,0,0
A-2522569,Source2,CA,2018,1,0.32486790602573823,1,0,0
A-3929283,Source1,CA,2022,0,0.2704133086031413,1,0,1
A-6042730,Source1,TX,2021,0,0.18287866973139097,0,0,0
A-5369984,Source1,CA,2022,0,0.14759615357045752,0,0,0
A-7378548,Source1,CA,2019,0,0.08581593716873367,0,0,0
A-3399541,Source2,TX,2017,1,0.4329606371694405,1,0,0
A-3123865,Source2,TX,2017,0,0.047718756679064625,0,0,0
A-4499805,Source1,CA,2022,0,0.12368026706255116,0,0,0
A-2058501,Source2,TX,2019,0,0.1708756899140882,0,0,0
A-7402328,Source1,CA,2019,0,0.048644399220603776,0,0,0
A-5619959,Source1,TX,2021,0,0.09212795819065914,0,0,0
A-3926367,Source1,CA,,0,0.0766924160508611,0,0,0
A-7110410,Source1,CA,2020,0,0.06807493342744218,0,0,0
A-7682846,Source1,CA,2017,0,0.22042242555127803,1,0,1
A-6705918,Source1,CA,2020,0,0.07132960473737845,0,0,0
A-3350052,Source2,TX,2017,0,0.36691635454981164,1,0,1
A-6982010,Source1,TX,2020,1,0.22230818951874398,1,0,0
A-6511576,Source1,CA,2021,0,0.03348125780923531,0,0,0
A-596358,Source2,TX,2022,1,0.22007416336839086,1,0,0
A-1549614,Source2,TX,2020,0,0.22691460754573983,1,0,1
A-2845308,Source2,TX,2018,0,0.3621566050716742,1,0,1
A-5466544,Source1,TX,2021,0,0.06637710404488455,0,0,0
A-5165493,Source1,CA,2023,0,0.05714047134611022,0,0,0
A-2947822,Source2,TX,2018,0,0.12564446045065686,0,0,0
A-294424,Source2,TX,2016,1,0.23711350869961056,1,0,0
A-519053,Source3,CA,2022,0,0.055557022445562085,0,0,0
A-922862,Source2,CA,2021,0,0.08839913618215867,0,0,0
A-6749082,Source1,CA,2020,0,0.21975222652309215,1,0,1
A-1674017,Source3,CA,2020,0,0.08688688227306948,0,0,0
A-7330292,Source1,CA,2019,0,0.12488138130342566,0,0,0
A-2804982,Source2,CA,2018,1,0.2894398266580797,1,0,0
A-27028,Source2,CA,2016,0,0.34595831861442355,1,0,1
A-6343026,Source1,CA,2021,0,0.05141061769694057,0,0,0
A-6167210,Source1,CA,2021,0,0.13508048863561842,0,0,0
A-6625497,Source1,CA,2020,0,0.2856648121559523,1,0,1
A-103516,Source2,CA,2016,1,0.17710812795712613,1,0,0
A-7286628,Source1,CA,2019,0,0.06856325887855953,0,0,0
A-6827804,Source1,CA,2020,0,0.03163627865859846,0,0,0
A-5868128,Source1,CA,2021,0,0.14902665550528393,0,0,0
A-1358732,Source2,CA,2020,0,0.0762943366446672,0,0,0
A-6620296,Source1,CA,2020,0,0.056274051117287484,0,0,0
A-1890842,Source2,TX,2019,0,0.15559389025464548,0,0,0
A-5761532,Source1,CA,2021,0,0.1888011994560415,1,0,1
A-3303472,Source2,CA,2017,1,0.4410417388980701,1,0,0
A-2639660,Source2,TX,2018,0,0.42396982975166697,1,0,1
A-1728043,Source3,CA,2019,0,0.05155183598121856,0,0,0
A-6486806,Source1,CA,2021,0,0.16181672386890508,0,0,0
A-461720,Source2,CA,2017,1,0.1451794717496589,0,1,0
A-2744035,Source2,CA,2018,0,0.3170061724014649,1,0,1
A-6870938,Source1,CA,2020,0,0.043524334268479646,0,0,0
A-4641567,Source1,CA,,0,0.0573161564756177,0,0,0
A-4114566,Source1,CA,2023,0,0.04701724911404557,0,0,0
A-2882420,Source2,CA,2018,0,0.04161869494246819,0,0,0
A-996408,Source2,TX,2021,0,0.06816925990348684,0,0,0
A-6366119,Source1,TX,,0,0.0648686885499439,0,0,0
A-6433519,Source1,CA,2021,0,0.046630657446422245,0,0,0
A-7351781,Source1,CA,2019,0,0.08305167100659532,0,0,0
A-2245389,Source2,CA,2019,0,0.3463717084125713,1,0,1
A-4759919,Source1,CA,2022,0,0.08701198114266342,0,0,0
A-4833527,Source1,CA,2022,0,0.07478794693874087,0,0,0
A-4509735,Source1,TX,2022,0,0.15814305049716845,0,0,0
A-67115,Source2,CA,2016,0,0.4560469044717902,1,0,1
A-3731366,Source1,CA,2022,0,0.19645303194182812,1,0,1
A-1773188,Source2,TX,2019,0,0.082646225231889,0,0,0
A-2960998,Source2,CA,2018,0,0.3531870348157691,1,0,1
A-5628648,Source1,CA,2021,0,0.08758205869753129,0,0,0
A-4390214,Source1,CA,,0,0.04211444450254527,0,0,0
A-4315710,Source1,CA,2022,0,0.04328727309465465,0,0,0
A-5742169,Source1,CA,2021,0,0.058112619207524606,0,0,0
A-7139355,Source1,CA,2020,1,0.05144881806548053,0,1,0
A-3536124,Source1,CA,2016,1,0.38249565774500943,1,0,0
A-3844541,Source1,CA,,0,0.07310864653583926,0,0,0
A-3565478,Source1,CA,2017,0,0.2728729952608383,1,0,1
A-2041162,Source2,CA,2019,0,0.10935864778505466,0,0,0
A-4992392,Source1,CA,2022,0,0.2511194652227115,1,0,1
A-6152667,Source1,CA,2021,0,0.2993756519593928,1,0,1
A-6149560,Source1,CA,2021,0,0.04873531413558472,0,0,0
A-781175,Source2,CA,2021,1,0.12932802659422374,0,1,0
A-335546,Source2,TX,2017,1,0.30735142197456883,1,0,0
A-3610376,Source1,CA,2017,0,0.2563795507502472,1,0,1
A-4984407,Source1,CA,,0,0.03549375545050272,0,0,0
A-4658273,Source1,CA,2022,0,0.274461681057703,1,0,1
A-7170266,Source1,CA,2020,0,0.2844694557743709,1,0,1
A-2014375,Source2,TX,2019,1,0.295187063086532,1,0,0
A-2307753,Source2,TX,2019,0,0.16808417036553014,1,0,1
A-389760,Source2,TX,2017,0,0.34098813392320704,1,0,1
A-3409798,Source2,CA,2017,0,0.28076313723723423,1,0,1
A-6683456,Source1,CA,2020,0,0.053391387626150255,0,0,0
A-507826,Source2,TX,2017,0,0.08125775943615833,0,0,0
A-6711761,Source1,CA,2020,0,0.08801622039148346,0,0,0
A-7236589,Source1,CA,2020,0,0.23689847012139092,1,0,1
A-865848,Source2,CA,2021,0,0.08956963494369904,0,0,0
A-1225543,Source2,TX,2020,0,0.05332191826883681,0,0,0
A-540815,Source2,TX,2022,1,0.07862575254821977,0,1,0
A-993698,Source2,CA,2021,0,0.167332981088167,0,0,0
A-7467786,Source1,CA,2019,1,0.3269181656422669,1,0,0
A-7389477,Source1,CA,2019,0,0.27566095512237426,1,0,1
A-3108623,Source2,CA,2017,0,0.2775847910893309,1,0,1
A-6360394,Source1,CA,2021,0,0.07412357734477107,0,0,0
A-3413912,Source1,CA,2016,0,0.06338345616014186,0,0,0
A-5841043,Source1,CA,2021,0,0.3081277177577862,1,0,1
A-1083213,Source2,TX,2021,0,0.07259432374421969,0,0,0
A-875603,Source2,TX,2021,0,0.14265431439957094,0,0,0
A-5992882,Source1,CA,2021,0,0.1292548708693278,0,0,0
A-7241344,Source1,CA,2020,0,0.046599791657066604,0,0,0
A-828616,Source2,CA,2021,1,0.3264704657125668,1,0,0
A-3747231,Source1,CA,2022,0,0.04842851654049281,0,0,0
A-7715925,Source1,TX,2019,1,0.2447485839361599,1,0,0
A-4028,Source2,CA,2016,0,0.42013911976417584,1,0,1
A-1682369,Source2,CA,2019,0,0.06339990053788006,0,0,0
A-4636369,Source1,CA,2022,0,0.2215236160191528,1,0,1
A-2966600,Source2,CA,2018,0,0.2676499491964338,1,0,1
A-2312252,Source2,CA,2018,1,0.2686453114173938,1,0,0
A-1104936,Source2,TX,2021,0,0.036066398053663185,0,0,0
A-1728110,Source3,CA,2019,0,0.04098585773669643,0,0,0
A-3684743,Source1,CA,2023,0,0.21899191097479584,1,0,1
A-3545916,Source1,CA,2016,1,0.24344927015358295,1,0,0
A-7503026,Source1,CA,2018,0,0.25330555655845566,1,0,1
A-4611479,Source1,CA,2023,0,0.11142253149410875,0,0,0
A-2580522,Source2,TX,2018,0,0.08056759898044927,0,0,0
A-2871604,Source2,CA,2018,0,0.46580737924677507,1,0,1
A-429071,Source2,TX,2017,0,0.33973989189923004,1,0,1
A-967352,Source2,TX,2021,0,0.20715255130530616,1,0,1
A-6187527,Source1,CA,2021,0,0.07892407243419704,0,0,0
A-1697831,Source2,CA,2019,0,0.1790075655265097,0,0,0
A-4470388,Source1,TX,2023,0,0.08009239613521321,0,0,0
A-3586893,Source1,CA,2017,0,0.3141076731152561,1,0,1
A-3341262,Source2,CA,2017,0,0.2955607840657081,1,0,1
A-4985010,Source1,CA,,0,0.081001168214584,0,0,0
A-6243827,Source1,CA,2021,0,0.06423760915053402,0,0,0
A-3524789,Source1,CA,2016,1,0.35279391782124625,1,0,0
A-7658462,Source1,TX,2017,0,0.2121706386078836,1,0,1
A-1812984,Source3,CA,2019,0,0.08778572825046424,0,0,0
A-3636665,Source1,CA,2017,0,0.3549514449980161,1,0,1
A-7438896,Source1,CA,2019,0,0.30670456994414197,1,0,1
A-4859613,Source1,CA,2022,0,0.34054198308779593,1,0,1
A-5137860,Source1,CA,,0,0.05475279806905947,0,0,0
A-5482316,Source1,TX,,0,0.2130455509085058,1,0,1
A-3940263,Source1,CA,2022,0,0.247640461539164,1,0,1
A-7672153,Source1,CA,2017,0,0.3287137355823796,1,0,1
A-271215,Source2,TX,2017,1,0.20637125322842054,1,0,0
A-2130221,Source2,CA,2019,0,0.227261569413059,1,0,1
A-6288221,Source1,CA,2021,0,0.28089333169445324,1,0,1
A-6860739,Source1,CA,2020,0,0.06664191955720598,0,0,0
A-15434,Source2,CA,2016,0,0.1257351575726032,0,0,0
A-964895,Source2,CA,2021,0,0.06720168794092432,0,0,0
A-52472,Source2,CA,2016,1,0.09911953188570921,0,1,0
A-4339731,Source1,CA,2022,0,0.36527698773190176,1,0,1
A-38646,Source2,CA,2016,1,0.47120034419892737,1,0,0
A-7287219,Source1,CA,2019,0,0.027898515385233552,0,0,0
A-7328809,Source1,CA,2019,0,0.1506820978187696,0,0,0
A-4188400,Source1,CA,2022,0,0.115695694558648,0,0,0
A-3809964,Source1,CA,2023,0,0.2791674548645332,1,0,1
A-1424325,Source2,TX,2020,0,0.04863411784670564,0,0,0
A-4405716,Source1,CA,2022,0,0.1600126080958521,0,0,0
A-6977063,Source1,TX,2020,0,0.035452445982062174,0,0,0
A-873097,Source2,CA,2021,0,0.0615507174657212,0,0,0
A-6744805,Source1,CA,2020,0,0.11531485065314735,0,0,0
A-5444881,Source1,CA,2022,0,0.17048703443247443,0,0,0
A-3536729,Source1,CA,2016,0,0.23933555610375218,1,0,1
A-548003,Source2,CA,2022,0,0.1401552205782612,0,0,0
A-2292267,Source2,TX,2019,0,0.2552553621690682,1,0,1
A-6320510,Source1,TX,2021,0,0.09327966583242897,0,0,0
A-4777198,Source1,CA,2022,0,0.0542073960641359,0,0,0
A-5478433,Source1,CA,2021,0,0.11614064426543066,0,0,0
A-6920624,Source1,TX,2020,0,0.06805415514834778,0,0,0
A-2061517,Source2,CA,2019,0,0.03453773226686315,0,0,0
A-1293003,Source2,TX,2020,0,0.03854243849733162,0,0,0
A-1739221,Source2,CA,2019,1,0.21806980842953577,1,0,0
A-398478,Source2,CA,2017,0,0.06733511628134621,0,0,0
A-3099291,Source2,CA,2017,0,0.28792616159945317,1,0,1
A-7584093,Source1,CA,2018,0,0.4046649996082343,1,0,1
A-5350111,Source1,CA,2022,0,0.04631004346514205,0,0,0
A-2211702,Source2,CA,2019,0,0.2164882114822813,1,0,1
A-22749,Source2,CA,2016,0,0.35530186903352046,1,0,1
A-6866547,Source1,CA,2020,0,0.1053092366322099,0,0,0
A-1592418,Source3,CA,2020,1,0.24245166863914513,1,0,0
A-1475069,Source3,CA,2020,1,0.2781968720483525,1,0,0
A-3607705,Source1,CA,2017,0,0.260494194479738,1,0,1
A-1216530,Source2,CA,2020,0,0.08538739568230003,0,0,0
A-541335,Source2,CA,2022,0,0.11679538558676725,0,0,0
A-988024,Source2,TX,2021,0,0.12306650654610729,0,0,0
A-891568,Source3,CA,2021,0,0.07407588805391538,0,0,0
A-5300331,Source1,CA,2022,0,0.08016304854414966,0,0,0
A-3540807,Source1,CA,2016,0,0.29847977766174555,1,0,1
A-3035849,Source2,CA,2018,0,0.20483328789912555,1,0,1
A-3187251,Source2,TX,2017,0,0.08252665181639551,0,0,0
A-2987326,Source2,TX,2018,0,0.28272076243072247,1,0,1
A-53471,Source2,CA,2016,1,0.2672614136613581,1,0,0
A-6552643,Source1,CA,2021,0,0.032094766993829224,0,0,0
A-2178124,Source2,TX,2019,0,0.2906288911223493,1,0,1
A-3424613,Source1,CA,2016,0,0.3422409550558495,1,0,1
A-6268559,Source1,CA,2021,0,0.1360913251693998,0,0,0
A-4580169,Source1,CA,2022,0,0.09393487611593651,0,0,0
A-5717630,Source1,CA,2021,0,0.06797102293231659,0,0,0
A-4932934,Source1,CA,2022,0,0.04518159217313431,0,0,0
A-5860462,Source1,CA,,0,0.05333273161430947,0,0,0
A-4719587,Source1,CA,,0,0.07541197958927365,0,0,0
A-1881538,Source2,TX,2019,0,0.1974174344782856,1,0,1
A-433001,Source2,TX,2017,1,0.3583422118149645,1,0,0
A-7339683,Source1,CA,2019,0,0.25661177927446055,1,0,1
A-7078941,Source1,CA,2020,1,0.26251972078665337,1,0,0
A-7324678,Source1,CA,2019,0,0.07421138380715894,0,0,0
A-465289,Source2,CA,2017,1,0.3914393558488166,1,0,0
A-404330,Source2,CA,2017,0,0.1785490815142233,1,0,1
A-2834370,Source2,CA,2018,1,0.34552657023007777,1,0,0
A-346493,Source2,CA,2017,0,0.29816341989246464,1,0,1
A-7095990,Source1,CA,2020,0,0.32770816353582327,1,0,1
A-4974270,Source1,CA,,0,0.1776501073756636,1,0,1
A-4245167,Source1,CA,,0,0.05406379958317235,0,0,0
A-7105846,Source1,CA,2020,0,0.15302357777479572,0,0,0
A-777173,Source2,CA,2021,0,0.20864855928617337,1,0,1
A-4951713,Source1,CA,2022,0,0.15748277060305993,0,0,0
A-3666921,Source1,CA,,0,0.021583479326882184,0,0,0
A-2336178,Source2,CA,2019,0,0.2825690361424405,1,0,1
A-5975823,Source1,TX,2021,0,0.07091140567038412,0,0,0
A-6957686,Source1,CA,2020,0,0.28297743892935223,1,0,1
A-387013,Source2,TX,2017,0,0.09684379235745223,0,0,0
A-107193,Source2,CA,2016,0,0.3224214304849424,1,0,1
A-5964368,Source1,CA,2021,0,0.17089102835654849,0,0,0
A-5916452,Source1,CA,2021,0,0.08738934276762728,0,0,0
A-4981921,Source1,CA,2022,0,0.1977029979071963,1,0,1
A-6299450,Source1,CA,2021,0,0.15681797167777983,0,0,0
A-1327247,Source2,CA,2020,0,0.024336707927269587,0,0,0
A-12220,Source2,CA,2017,1,0.12011593734616736,0,1,0
A-7415282,Source1,CA,2019,0,0.32802163733783757,1,0,1
A-6280651,Source1,CA,,0,0.07589767090283008,0,0,0
A-7279233,Source1,CA,2020,0,0.043417881819907314,0,0,0
A-298069,Source2,TX,2016,1,0.38074699281273316,1,0,0
A-2625902,Source2,CA,2018,0,0.21884042440142776,1,0,1
A-349983,Source2,CA,2017,1,0.4222231988323652,1,0,0
A-7319921,Source1,CA,2019,0,0.05240023047313006,0,0,0
A-3082027,Source2,TX,2018,1,0.060062467588155796,0,1,0
A-5532120,Source1,CA,2021,0,0.09907926676609405,0,0,0
A-891761,Source2,TX,2021,0,0.05828151396884816,0,0,0
A-3174553,Source2,TX,2017,0,0.3265857848820486,1,0,1
A-3751047,Source1,CA,2022,0,0.16945263252908938,0,0,0
A-2308142,Source2,TX,2019,0,0.32947076820371934,1,0,1
A-7628129,Source1,CA,2018,1,0.3502455700213586,1,0,0
A-390235,Source2,TX,2017,0,0.2254342100962651,1,0,1
A-1321053,Source2,CA,2020,0,0.07363797693482257,0,0,0
A-3624131,Source1,TX,2017,0,0.18526610950403483,1,0,1
A-922391,Source2,CA,2021,0,0.14437091100348803,0,0,0
A-1849390,Source2,CA,2019,0,0.15677445802287718,0,0,0
A-5853972,Source1,CA,2021,0,0.1475615257155522,0,0,0
A-7621256,Source1,CA,2018,1,0.3004700267256415,1,0,0
A-5396369,Source1,CA,2022,0,0.054601763141253444,0,0,0
A-5286658,Source1,CA,2023,0,0.06874541532704669,0,0,0
A-810533,Source2,CA,2021,1,0.3179149239412139,1,0,0
A-7301005,Source1,CA,2019,0,0.04587166575132434,0,0,0
A-730290,Source2,CA,2022,1,0.2201963733516325,1,0,0
A-5149353,Source1,CA,2022,0,0.23817056187111968,1,0,1
A-7370862,Source1,CA,2019,0,0.09491302586915827,0,0,0
A-2137394,Source2,CA,2019,1,0.11453217002427456,0,1,0
A-392806,Source2,TX,2017,0,0.16144313453011902,0,0,0
A-6460230,Source1,CA,2021,0,0.06671535853901982,0,0,0
A-949665,Source2,CA,2021,0,0.21492082588984163,1,0,1
A-3918261,Source1,CA,,0,0.1584393647972801,1,0,1
A-3656660,Source1,CA,2023,0,0.2117875719624677,1,0,1
A-7450035,Source1,CA,2019,0,0.24995599244055006,1,0,1
A-1674022,Source3,CA,2020,1,0.07307098540263157,0,1,0
A-1460027,Source3,CA,2020,0,0.14701222068038647,0,0,0
A-1218084,Source2,CA,2020,1,0.2233743491181155,1,0,0
A-3107986,Source2,TX,2017,0,0.05234179978667318,0,0,0
A-19017,Source2,CA,2016,1,0.3521674290826079,1,0,0
A-7638283,Source1,CA,2018,0,0.28709012705466413,1,0,1
A-3710971,Source1,TX,,0,0.06366703438615777,0,0,0
A-2067684,Source2,TX,2019,0,0.0768407317270606,0,0,0
A-3946217,Source1,CA,2022,0,0.09508551448164979,0,0,0
A-7588128,Source1,TX,2018,0,0.25576251928910054,1,0,1
A-6720781,Source1,CA,2020,0,0.06640398334786825,0,0,0
A-271407,Source2,TX,2017,0,0.23478258155973988,1,0,1
A-5333130,Source1,CA,2022,0,0.1468224040923795,0,0,0
A-3017654,Source2,CA,2018,0,0.32285077200737816,1,0,1
A-7023202,Source1,CA,2020,0,0.06565834386838341,0,0,0
A-1381499,Source2,TX,2020,0,0.2414646736955198,1,0,1
A-3324679,Source2,TX,2017,0,0.06768832558023286,0,0,0
A-488754,Source2,TX,2017,0,0.04707157537529405,0,0,0
A-6281156,Source1,CA,,0,0.0444340935507026,0,0,0
A-7277859,Source1,CA,2020,0,0.06934898445001583,0,0,0
A-2637230,Source2,CA,2018,0,0.40638470471848576,1,0,1
A-5570820,Source1,CA,2021,0,0.04970384023768693,0,0,0
A-7108898,Source1,CA,2020,0,0.3160427010777492,1,0,1
A-3920,Source2,CA,2016,1,0.5209533594251878,1,0,0
A-3270762,Source2,CA,2017,1,0.27277300053912656,1,0,0
A-3272424,Source2,TX,2017,1,0.19484378894512228,1,0,0
A-4796536,Source1,CA,2021,0,0.1332465630133968,0,0,0
A-2335480,Source2,TX,2019,0,0.10916088293289716,0,0,0
A-1202583,Source2,CA,2021,0,0.13992553630472263,0,0,0
A-2936278,Source2,CA,2018,1,0.3594061868926638,1,0,0
A-7589458,Source1,TX,2018,1,0.26592507941875343,1,0,0
A-4347266,Source1,TX,2022,0,0.05638596976990823,0,0,0
A-1809597,Source3,CA,2019,1,0.08033128992593634,0,1,0
A-7641189,Source1,CA,2017,1,0.4957950467172131,1,0,0
A-7217349,Source1,CA,2020,0,0.06820455551235484,0,0,0
A-1436046,Source2,CA,2020,0,0.16964540161268407,0,0,0
A-1317635,Source2,CA,2020,1,0.07426995355137034,0,1,0
A-4208707,Source1,CA,2022,0,0.14678766789876527,0,0,0
A-615672,Source2,CA,2022,1,0.0916945687306242,0,1,0
A-818984,Source2,CA,2021,1,0.18074380863157796,1,0,0
A-702811,Source2,TX,2022,0,0.15994231409747173,0,0,0
A-5746171,Source1,CA,2021,0,0.034936637327335845,0,0,0
A-4860307,Source1,TX,2022,0,0.3239508436656863,1,0,1
A-4405705,Source1,CA,2022,0,0.06611565213246937,0,0,0
A-7011294,Source1,CA,2020,0,0.3521750479129708,1,0,1
A-21452,Source2,CA,2016,0,0.3337882760034307,1,0,1
A-7298802,Source1,CA,2019,0,0.07701682839581352,0,0,0
A-340908,Source2,CA,2017,1,0.4647438941704382,1,0,0
A-3760133,Source1,CA,2022,0,0.055988047015332845,0,0,0
A-1504653,Source3,CA,2020,1,0.11759485763174864,0,1,0
A-7747,Source2,CA,2016,0,0.32443774123809477,1,0,1
A-25958,Source2,CA,2016,0,0.35244188260296216,1,0,1
A-2054641,Source2,CA,2019,0,0.19628692089002853,1,0,1
A-80291,Source2,CA,2016,0,0.07888499674160361,0,0,0
A-5138405,Source1,CA,,0,0.1467031029284138,0,0,0
A-4099237,Source1,CA,2022,0,0.09742522356436295,0,0,0
A-5753655,Source1,CA,2021,0,0.03933178594400529,0,0,0
A-1286852,Source2,CA,2020,0,0.19536012974814682,1,0,1
A-6689869,Source1,CA,2020,0,0.1911335567704862,1,0,1
A-7223017,Source1,CA,2020,0,0.049748030805884066,0,0,0
A-2924250,Source2,CA,2018,1,0.16491988406073688,0,1,0
A-557441,Source2,CA,2022,0,0.1412885720459685,0,0,0
A-2330227,Source2,CA,2019,0,0.07231842881378067,0,0,0
A-2813734,Source2,CA,2018,0,0.08347326105247614,0,0,0
A-5472905,Source1,CA,,0,0.16926168530133753,1,0,1
A-6225912,Source1,CA,2021,0,0.07856832764557595,0,0,0
A-7247042,Source1,CA,2020,0,0.05447143930061227,0,0,0
A-1886071,Source2,CA,2019,0,0.13940203349581123,0,0,0
A-1010785,Source2,CA,2021,0,0.22819049192927715,1,0,1
A-7558798,Source1,CA,2018,0,0.3762990943905513,1,0,1
A-3923626,Source1,CA,,0,0.05325958374749511,0,0,0
A-7121117,Source1,CA,2020,0,0.08735194175216827,0,0,0
A-16859,Source2,CA,2016,0,0.22861904482338308,1,0,1
A-1128230,Source2,TX,2021,1,0.039726151326483494,0,1,0
A-4065736,Source1,CA,,0,0.028980322650578826,0,0,0
A-486316,Source3,TX,2017,0,0.3543556053018809,1,0,1
A-3638220,Source1,CA,2017,0,0.2205793322645718,1,0,1
A-4237093,Source1,CA,2022,0,0.07659720237009512,0,0,0
A-6058711,Source1,CA,2021,0,0.10774978809842876,0,0,0
A-3416013,Source1,CA,2016,0,0.16156752735226643,0,0,0
A-4703458,Source1,TX,,0,0.07890283975545014,0,0,0
A-3685581,Source1,CA,2023,0,0.08079152917941047,0,0,0
A-2217180,Source2,TX,2019,0,0.2157737319602075,1,0,1
A-1768468,Source2,CA,2019,0,0.06708413779339517,0,0,0
A-6702206,Source1,TX,2020,0,0.38687932784275303,1,0,1
A-1277163,Source2,CA,2020,1,0.18885220462718438,1,0,0
A-342722,Source2,CA,2017,0,0.2648108002017078,1,0,1
A-1807922,Source2,TX,2019,0,0.030321801067371295,0,0,0
A-408310,Source2,CA,2017,0,0.3997721140365672,1,0,1
A-3530989,Source1,CA,2017,0,0.25028288303026097,1,0,1
A-457067,Source2,CA,2017,0,0.34444917783058576,1,0,1
A-5956375,Source1,CA,,0,0.060800820779004214,0,0,0
A-2205495,Source2,CA,2019,1,0.21812507819236987,1,0,0
A-6516797,Source1,TX,2021,0,0.11901956010681185,0,0,0
A-4493251,Source1,TX,2022,0,0.17000661744880707,0,0,0
A-4006639,Source1,CA,,0,0.08907278392961834,0,0,0
A-6874637,Source1,TX,2020,0,0.051017832798361765,0,0,0
A-3223713,Source2,TX,2017,0,0.3841686789885631,1,0,1
A-3444113,Source1,TX,2016,0,0.3549861186010886,1,0,1
A-5402073,Source1,CA,2022,0,0.10536215118104045,0,0,0
A-1819039,Source3,CA,2019,0,0.13726486906275165,0,0,0
A-59774,Source2,CA,2016,1,0.32790578179587937,1,0,0
A-3239405,Source2,TX,2017,1,0.3083585978212579,1,0,0
A-3931239,Source1,CA,2022,0,0.09274942061882922,0,0,0
A-4307236,Source1,CA,,1,0.05482270960009731,0,1,0
A-1110105,Source2,CA,2021,0,0.035558249884578084,0,0,0
A-2653786,Source2,CA,2018,0,0.4006341811574476,1,0,1
A-6530045,Source1,CA,2021,0,0.07766035100640009,0,0,0
A-5669947,Source1,TX,2021,0,0.118870550242785,0,0,0
A-6911682,Source1,TX,2020,0,0.240763464935356,1,0,1
A-3430567,Source1,TX,2016,1,0.3373560972596719,1,0,0
A-4077736,Source1,CA,,0,0.1458591686682196,0,0,0
A-2083967,Source2,CA,2019,1,0.24379898462929886,1,0,0
A-5377725,Source1,TX,,0,0.19910546329817355,1,0,1
A-5810571,Source1,TX,2021,0,0.11352372631173206,0,0,0
A-6490034,Source1,CA,2021,0,0.047872778685732684,0,0,0
A-6047133,Source1,CA,2021,0,0.1277468292591065,0,0,0
A-4993352,Source1,CA,2022,0,0.3098320982461761,1,0,1
A-3049325,Source2,TX,2018,1,0.3575962774366378,1,0,0
A-2615324,Source2,CA,2018,1,0.4166949248226861,1,0,0
A-5344008,Source1,CA,2022,0,0.04212061477192045,0,0,0
A-1901177,Source2,TX,2019,0,0.11042698888064702,0,0,0
A-4547744,Source1,CA,2023,0,0.15162136608606236,0,0,0
A-4894756,Source1,CA,2022,0,0.08832515952053296,0,0,0
A-6258320,Source1,TX,2021,0,0.11490568782619,0,0,0
A-1921725,Source2,CA,2019,0,0.13827961591301954,0,0,0
A-6420704,Source1,CA,2021,0,0.050995693918175156,0,0,0
A-5935977,Source1,CA,2021,0,0.18494456696153921,1,0,1
A-265021,Source2,TX,2016,1,0.20916286548738947,1,0,0
A-6309133,Source1,CA,2021,0,0.09809226038335876,0,0,0
A-1102776,Source2,CA,2021,0,0.07463647562202555,0,0,0
A-2565905,Source2,CA,2018,0,0.12383997085129632,0,0,0
A-6057762,Source1,CA,2021,0,0.09205905772077407,0,0,0
A-1016706,Source2,CA,2021,1,0.3389116674798898,1,0,0
A-1899620,Source3,CA,2019,0,0.16071874949780457,0,0,0
A-301317,Source2,TX,2016,1,0.1844852801934609,0,1,0
A-4953880,Source1,TX,2023,0,0.1661539800671181,0,0,0
A-2881564,Source2,TX,2018,0,0.1520857447218951,0,0,0
A-5801315,Source1,CA,2021,0,0.27798567593935103,1,0,1
A-630950,Source2,TX,2022,1,0.2732623162603722,1,0,0
A-3143077,Source2,CA,2017,0,0.3143732929419859,1,0,1
A-935030,Source2,TX,2021,0,0.06192919069666188,0,0,0
A-291185,Source2,TX,2016,0,0.24824701450976047,1,0,1
A-4223306,Source1,TX,2022,0,0.1032870715495825,0,0,0
A-5046723,Source1,TX,2022,0,0.2141487936325194,1,0,1
A-7302586,Source1,CA,2019,0,0.0943120270845879,0,0,0
A-5568304,Source1,CA,2021,0,0.1785248221500686,1,0,1
A-334331,Source2,TX,2017,0,0.11590044594622413,0,0,0
A-5314029,Source1,CA,,0,0.04909993570574049,0,0,0
A-699887,Source2,TX,2022,1,0.12094976678092276,0,1,0
A-6333377,Source1,CA,2021,0,0.2795739806118654,1,0,1
A-5300967,Source1,CA,2022,0,0.11838646581821648,0,0,0
A-5042321,Source1,CA,2022,0,0.13635846545466107,0,0,0
A-3670281,Source1,CA,,0,0.10081482839850801,0,0,0
A-6044836,Source1,CA,2021,0,0.1856642205137682,0,0,0
A-282020,Source2,TX,2016,0,0.07345919758796311,0,0,0
A-4257373,Source1,CA,2022,0,0.06541571163592706,0,0,0
A-620639,Source2,CA,2022,0,0.0821491855283577,0,0,0
A-7244188,Source1,CA,2020,0,0.23445267817800347,1,0,1
A-4582177,Source1,CA,,0,0.05700972070583323,0,0,0
A-982149,Source2,CA,2021,0,0.19163665211279146,1,0,1
A-2471,Source2,CA,2016,0,0.09151525115695067,0,0,0
A-6194574,Source1,TX,2021,0,0.07093682798205315,0,0,0
A-4148912,Source1,TX,2022,0,0.047998499450211424,0,0,0
A-822015,Source2,CA,2021,0,0.20379271167545898,1,0,1
A-7245021,Source1,CA,2020,0,0.26461477975957465,1,0,1
A-6142038,Source1,CA,2021,0,0.17375828403926846,0,0,0
A-7751109,Source1,CA,2019,0,0.027483898075233677,0,0,0
A-3256829,Source2,CA,2017,0,0.3683498616143474,1,0,1
A-7112686,Source1,CA,2020,0,0.27354714306185596,1,0,1
A-7634982,Source1,CA,2018,0,0.3220256922766765,1,0,1
A-5343047,Source1,CA,2022,0,0.09535346111031606,0,0,0
A-4574479,Source1,TX,2022,0,0.08627222746039306,0,0,0
A-1761199,Source2,TX,2019,1,0.14099992538940348,0,1,0
A-465096,Source2,CA,2017,1,0.4709821746108787,1,0,0
A-7244183,Source1,CA,2020,0,0.05914931426692331,0,0,0
A-5651046,Source1,CA,2021,0,0.26915076828367246,1,0,1
A-1834283,Source2,CA,2019,1,0.20259479286809584,1,0,0
A-25661,Source2,CA,2016,1,0.3516614674569854,1,0,0
A-3759602,Source1,CA,2022,0,0.05331394257475068,0,0,0
A-929538,Source2,CA,2021,1,0.1819693705506023,1,0,0
A-1474643,Source2,TX,2020,0,0.08982128390226027,0,0,0
A-7226413,Source1,CA,2020,0,0.04994599818231741,0,0,0
A-7348394,Source1,CA,2019,0,0.0679824977849634,0,0,0
A-75959,Source2,CA,2016,1,0.3528169783933738,1,0,0
A-2215585,Source2,CA,2019,0,0.2354027483437371,1,0,1
A-732985,Source2,CA,2022,0,0.06237361742555046,0,0,0
A-6371962,Source1,CA,2021,0,0.13225289851708513,0,0,0
A-5123540,Source1,CA,2023,0,0.12010871671533599,0,0,0
A-1101071,Source2,TX,2021,1,0.29493181175654304,1,0,0
A-6756727,Source1,TX,2020,0,0.35782433110967576,1,0,1
A-5696431,Source1,CA,2021,0,0.08623045298467194,0,0,0
A-2876910,Source2,TX,2018,0,0.17981638152329132,0,0,0
A-6824615,Source1,CA,2020,0,0.021598246380149122,0,0,0
A-7207743,Source1,CA,2020,0,0.09041523865422782,0,0,0
A-4566390,Source1,CA,2022,0,0.08396992759175527,0,0,0
A-6849951,Source1,TX,2020,0,0.12223419963071991,0,0,0
A-3340181,Source2,TX,2017,0,0.41421131182464377,1,0,1
A-2686588,Source2,TX,2018,1,0.3269383442806939,1,0,0
A-2365246,Source2,CA,2019,0,0.28968976385738576,1,0,1
A-1415976,Source2,CA,2020,0,0.1492338461188441,0,0,0
A-903009,Source2,CA,2021,0,0.1366461779564438,0,0,0
A-7254232,Source1,CA,2020,0,0.07013222023019076,0,0,0
A-2343390,Source2,TX,2019,1,0.30367250615732705,1,0,0
A-4285667,Source1,CA,,0,0.04859184608041526,0,0,0
A-634842,Source2,CA,2022,0,0.1711255173361732,0,0,0
A-80243,Source2,CA,2016,0,0.04288346717320737,0,0,0
A-4878277,Source1,TX,,0,0.09003535199990391,0,0,0
A-1324466,Source2,CA,2020,1,0.2424667762310763,1,0,0
A-3367541,Source2,CA,2017,0,0.15450914026858328,0,0,0
A-7295545,Source1,CA,2019,0,0.057504012611086106,0,0,0
A-1303573,Source2,CA,2020,0,0.17575426891784338,0,0,0
A-2703464,Source2,TX,2018,0,0.37468704140746584,1,0,1
A-4579180,Source1,TX,2022,0,0.08021589070997585,0,0,0
A-5933474,Source1,CA,2021,0,0.03709945338612001,0,0,0
A-6876030,Source1,CA,2020,0,0.09107741673281966,0,0,0
A-3707369,Source1,CA,2022,0,0.03242732758571547,0,0,0
A-5484028,Source1,CA,2021,0,0.0513823529893133,0,0,0
A-1531238,Source2,CA,2020,0,0.12058672997707817,0,0,0
A-1438933,Source2,CA,2020,1,0.10165401884796015,0,1,0
A-497160,Source2,CA,2017,1,0.3645200010650945,1,0,0
A-1615025,Source3,CA,2020,0,0.08244227846683752,0,0,0
A-2627544,Source2,CA,2018,0,0.15998229538070116,0,0,0
A-4354905,Source1,CA,2022,0,0.06736798672540947,0,0,0
A-6578171,Source1,TX,2020,0,0.0867408471555395,0,0,0
A-4302847,Source1,TX,,0,0.06199947963430319,0,0,0
A-4166085,Source1,CA,,0,0.06700711811201257,0,0,0
A-2583475,Source2,CA,2018,0,0.11606541193679568,0,0,0
A-1993882,Source2,CA,2019,1,0.20683281648020307,1,0,0
A-1232270,Source2,CA,2020,0,0.06362567550725139,0,0,0
A-5050676,Source1,CA,2022,0,0.16370776208681842,0,0,0
A-2858377,Source2,CA,2018,1,0.3890850390179978,1,0,0
A-1403015,Source2,TX,2020,1,0.2603051372498998,1,0,0
A-4512147,Source1,CA,2022,0,0.09176538180740916,0,0,0
A-6855711,Source1,CA,2020,0,0.29692620480761056,1,0,1
A-5306710,Source1,TX,,0,0.08227991055176578,0,0,0
A-3921717,Source1,CA,2022,0,0.28225133845599504,1,0,1
A-4865288,Source1,CA,2023,0,0.3074651997746679,1,0,1
A-4637111,Source1,TX,2022,0,0.03123450691632393,0,0,0
A-4129342,Source1,CA,2022,0,0.13508720792573684,0,0,0
A-1738461,Source2,TX,2019,0,0.3026872541466176,1,0,1
A-2882373,Source2,CA,2018,1,0.24873806158248263,1,0,0
A-2716328,Source2,CA,2018,0,0.18020660349383463,0,0,0
A-4431545,Source1,CA,2022,0,0.06175972644750766,0,0,0
A-2467360,Source2,TX,2018,0,0.11155148492468117,0,0,0
A-3712930,Source1,CA,,0,0.07436655771826058,0,0,0
A-4824795,Source1,CA,,0,0.09955301716746631,0,0,0
A-5449797,Source1,CA,2022,0,0.13020723657061894,0,0,0
A-5520114,Source1,CA,2021,0,0.034682498993256705,0,0,0
A-519021,Source2,CA,2022,0,0.17986238297322726,0,0,0
A-7704860,Source1,TX,2019,1,0.2597133616814726,1,0,0
A-4883196,Source1,CA,,0,0.04383959069735337,0,0,0
A-655261,Source2,CA,2022,0,0.36101874493401104,1,0,1
A-3325236,Source2,CA,2017,0,0.3118125841937017,1,0,1
A-4999553,Source1,CA,2022,0,0.075643346085015,0,0,0
A-714280,Source2,TX,2022,0,0.05493303362683728,0,0,0
A-6360130,Source1,CA,2021,0,0.13923392283938563,0,0,0
A-4113836,Source1,CA,2022,0,0.253592820358575,1,0,1
A-2319520,Source2,TX,2019,1,0.3797152720021171,1,0,0
A-950335,Source2,TX,2021,0,0.12161146144953601,0,0,0
A-3926422,Source1,CA,,0,0.025941481786326038,0,0,0
A-6778630,Source1,TX,2020,0,0.2106446629577281,1,0,1
A-6621421,Source1,TX,2020,0,0.21704085806467352,1,0,1
A-4335176,Source1,CA,2022,0,0.0644508210194151,0,0,0
A-1404303,Source2,TX,2020,1,0.10285125823857384,0,1,0
A-340810,Source2,CA,2017,1,0.36465016844217857,1,0,0
A-45374,Source2,CA,2016,1,0.27577201259982964,1,0,0
A-6783148,Source1,CA,2020,0,0.0559470617514707,0,0,0
A-3911974,Source1,CA,2022,0,0.2927736617094506,1,0,1
A-3347296,Source2,CA,2017,0,0.3883315975879985,1,0,1
A-393895,Source2,TX,2017,0,0.24418701120842515,1,0,1
A-3020742,Source2,TX,2018,0,0.39536040513528603,1,0,1
A-6734588,Source1,CA,2020,0,0.04248057357197082,0,0,0
A-7611301,Source1,TX,2018,0,0.08509119442463693,0,0,0
A-7270818,Source1,CA,2020,0,0.25424630465206144,1,0,1
A-7047256,Source1,CA,2020,0,0.1974995722420624,1,0,1
A-6286992,Source1,CA,2021,0,0.28646533008725505,1,0,1
A-5118301,Source1,CA,,0,0.10575367540141671,0,0,0
A-4580960,Source1,TX,,0,0.09953250392459148,0,0,0
A-5215578,Source1,CA,2022,0,0.05912942387348823,0,0,0
A-6000170,Source1,CA,2021,0,0.05515277145957126,0,0,0
A-59147,Source2,CA,2016,0,0.11361764881623737,0,0,0
A-5072155,Source1,CA,2022,0,0.11943397664254207,0,0,0
A-6003307,Source1,CA,2021,0,0.05966510705329622,0,0,0
A-4845980,Source1,TX,2022,0,0.3082039721715405,1,0,1
A-4089162,Source1,CA,2022,0,0.0866907457444023,0,0,0
A-5396256,Source1,CA,2022,0,0.23366926613966718,1,0,1
A-7208802,Source1,CA,2020,0,0.28090975675459495,1,0,1
A-4246326,Source1,TX,,0,0.1410263873312642,0,0,0
A-1655893,Source2,CA,2020,1,0.12588926028217834,0,1,0
A-5620932,Source1,CA,2021,0,0.12862697857063768,0,0,0
A-437092,Source2,CA,2017,0,0.30974768053106555,1,0,1
A-2237764,Source2,TX,2019,0,0.3074300215242188,1,0,1
A-7035062,Source1,CA,2020,0,0.19653523159114666,1,0,1
A-2547115,Source2,TX,2018,0,0.07052740583680443,0,0,0
A-7560271,Source1,TX,2018,0,0.3813187314924348,1,0,1
A-5150012,Source1,CA,2022,0,0.09213160589965359,0,0,0
A-6400522,Source1,CA,2021,0,0.04096940719704688,0,0,0
A-2215789,Source2,CA,2019,1,0.18391582553865327,1,0,0
A-4789670,Source1,CA,,0,0.1529931648544946,1,0,1
A-5700644,Source1,CA,2021,0,0.04169168145728587,0,0,0
A-7364293,Source1,CA,2019,0,0.2935378376544909,1,0,1
A-1958219,Source2,TX,2019,0,0.09814144449854742,0,0,0
A-1102628,Source2,TX,2021,0,0.17505109355381288,1,0,1
A-1747135,Source3,CA,2019,0,0.02324570381704993,0,0,0
A-1770913,Source2,TX,2019,0,0.05516151673064251,0,0,0
A-6258004,Source1,CA,2021,0,0.08738934276762728,0,0,0
A-3423292,Source1,CA,2016,0,0.2690802212567651,1,0,1
A-1826358,Source2,CA,2019,1,0.06918521873488905,0,1,0
A-6132741,Source1,TX,2021,0,0.10421472343923506,0,0,0
A-3777897,Source1,CA,2022,0,0.3635486146469721,1,0,1
A-1606924,Source2,CA,2020,1,0.21847568335447817,1,0,0
A-6552209,Source1,CA,2021,0,0.04061879732441809,0,0,0
A-4374389,Source1,TX,2023,0,0.11781520550558292,0,0,0
A-1600443,Source2,CA,2020,1,0.1036602293070967,0,1,0
A-5169530,Source1,TX,2022,0,0.2061659867466099,1,0,1
A-4148294,Source1,CA,2023,0,0.18752681477724506,1,0,1
A-4531094,Source1,CA,2022,0,0.07295968226369674,0,0,0
A-4143259,Source1,CA,,0,0.20906409596591852,1,0,1
A-5729006,Source1,CA,2021,0,0.14017656815550888,0,0,0
A-5681247,Source1,CA,2021,0,0.21064485980144143,1,0,1
A-5227610,Source1,CA,,0,0.05956898098491557,0,0,0
A-781563,Source2,CA,2021,1,0.15327197835962417,0,1,0
A-1759350,Source2,CA,2019,1,0.22346448431201904,1,0,0
A-7263754,Source1,CA,2020,0,0.07950913110282601,0,0,0
A-6985457,Source1,CA,2020,0,0.22071193780707993,1,0,1
A-2227786,Source2,CA,2019,1,0.34922685383093255,1,0,0
A-7759241,Source1,CA,2019,0,0.12450232459159716,0,0,0
A-3394481,Source2,CA,2017,1,0.37833465158906776,1,0,0
A-3769677,Source1,CA,2022,0,0.07132855633530916,0,0,0
A-7149990,Source1,CA,2020,1,0.06072346349460959,0,1,0
A-6233174,Source1,CA,2021,0,0.14196042563666614,0,0,0
A-3170043,Source2,TX,2017,0,0.06374850848601797,0,0,0
A-3697747,Source1,CA,2023,0,0.1531000973907229,0,0,0
A-6435991,Source1,CA,2021,0,0.050870480127712,0,0,0
A-1015653,Source2,CA,2021,0,0.07381223138074675,0,0,0
A-7039502,Source1,CA,2020,0,0.1158934424587104,0,0,0
A-302686,Source2,TX,2016,0,0.06666799480494942,0,0,0
A-4527724,Source1,TX,2022,0,0.11884969873905556,0,0,0
A-353438,Source2,CA,2017,1,0.44590258443266517,1,0,0
A-7261738,Source1,CA,2020,0,0.2248970855545651,1,0,1
A-4276913,Source1,TX,2023,0,0.10257634679310815,0,0,0
A-3439428,Source1,TX,2016,1,0.4482900981783319,1,0,0
A-347321,Source2,CA,2017,0,0.30856105589575333,1,0,1
A-4470756,Source1,CA,2022,0,0.08018632690976947,0,0,0
A-7106614,Source1,CA,2020,0,0.12063169692650885,0,0,0
A-1305795,Source2,CA,2020,0,0.11903804968997375,0,0,0
A-3540570,Source1,CA,2016,0,0.35731217037328955,1,0,1
A-6646870,Source1,CA,2020,0,0.048160540035259325,0,0,0
A-4140152,Source1,CA,2022,0,0.22560898566885257,1,0,1
A-2070043,Source2,CA,2019,0,0.11499077705323942,0,0,0
A-5022403,Source1,CA,,0,0.04544315745166927,0,0,0
A-299999,Source2,TX,2016,1,0.320442812647066,1,0,0
A-2585372,Source2,TX,2018,0,0.15472869628385824,0,0,0
A-3140012,Source2,CA,2017,0,0.0648282868498971,0,0,0
A-1454923,Source3,CA,2020,1,0.16922689591167944,0,1,0
A-7688884,Source1,CA,2017,0,0.34490690217581904,1,0,1
A-5635777,Source1,CA,,0,0.08178221069655432,0,0,0
A-5653478,Source1,CA,,0,0.02943386188609739,0,0,0
A-6307473,Source1,CA,2021,0,0.08205425677332326,0,0,0
A-2451330,Source2,TX,2018,0,0.06284331116800003,0,0,0
A-753400,Source2,CA,2022,0,0.03367765128074052,0,0,0
A-3430119,Source1,TX,2017,0,0.13321903186207024,0,0,0
A-4823428,Source1,CA,,0,0.08065926560877368,0,0,0
A-4248018,Source1,CA,2022,0,0.3198648191642697,1,0,1
A-2943307,Source2,CA,2018,1,0.3214134693050344,1,0,0
A-92936,Source2,CA,2016,1,0.43000805190612273,1,0,0
A-3250468,Source2,TX,2017,0,0.3350458455621811,1,0,1
A-1947914,Source2,TX,2019,0,0.039081753019533844,0,0,0
A-53033,Source2,CA,2016,0,0.3147485536006906,1,0,1
A-4062202,Source1,CA,,0,0.0525002792864445,0,0,0
A-2266576,Source2,CA,2019,1,0.27774732126969626,1,0,0
A-7295408,Source1,CA,2019,0,0.11254234680762107,0,0,0
A-401974,Source2,CA,2017,0,0.1590647432337669,0,0,0
A-3622779,Source1,CA,2017,0,0.1988438341562084,1,0,1
A-6398521,Source1,CA,2021,0,0.025706655905708514,0,0,0
A-2860603,Source2,CA,2018,1,0.25871845590602427,1,0,0
A-438564,Source2,CA,2017,0,0.25628040803236884,1,0,1
A-4594585,Source1,CA,2022,0,0.03821676448728182,0,0,0
A-4475655,Source1,CA,2022,0,0.12243119145959813,0,0,0
A-4104825,Source1,TX,2022,0,0.33315761698575647,1,0,1
A-868333,Source2,TX,2021,0,0.05440330036201256,0,0,0
A-108139,Source2,CA,2016,0,0.3577483367590283,1,0,1
A-3528744,Source1,CA,2016,0,0.38908532556793307,1,0,1
A-5637141,Source1,TX,,0,0.09400482148228442,0,0,0
A-4902429,Source1,CA,2022,0,0.043788065699070164,0,0,0
A-7066742,Source1,CA,2020,0,0.23789090800405632,1,0,1
A-7145942,Source1,CA,2020,0,0.0921524498094472,0,0,0
A-7248924,Source1,CA,2020,0,0.11172649195212189,0,0,0
A-888455,Source2,CA,2021,0,0.2922785775753651,1,0,1
A-7347588,Source1,CA,2019,0,0.20101907000368388,1,0,1
A-1089446,Source2,CA,2021,1,0.1092815646864749,0,1,0
A-58442,Source2,CA,2016,1,0.3272269054276795,1,0,0
A-6991696,Source1,CA,2020,0,0.2055606154841679,1,0,1
A-3590718,Source1,CA,2017,0,0.38826185213560627,1,0,1
A-5765457,Source1,CA,2021,0,0.03723927470312151,0,0,0
A-2891996,Source2,CA,2018,1,0.25715002419234567,1,0,0
A-81431,Source2,CA,2016,0,0.33640242898974426,1,0,1
A-290220,Source2,TX,2016,0,0.061858341355374546,0,0,0
A-6630160,Source1,CA,2020,0,0.137438038253817,0,0,0
A-6790952,Source1,CA,2020,0,0.042214985110327764,0,0,0
A-6353709,Source1,CA,2021,0,0.08415236113951688,0,0,0
A-2813701,Source2,CA,2018,0,0.036625732619694595,0,0,0
A-1826199,Source2,TX,2019,0,0.04675602851294535,0,0,0
A-5902619,Source1,CA,2021,0,0.08496306501021073,0,0,0
A-5216534,Source1,CA,2022,0,0.24968881782437888,1,0,1
A-7409257,Source1,CA,2019,0,0.2801128169216727,1,0,1
A-4453746,Source1,CA,2022,0,0.36240767417775493,1,0,1
A-38921,Source2,CA,2016,1,0.2752672577611254,1,0,0
A-7502750,Source1,TX,2018,0,0.29207714286674785,1,0,1
A-7024681,Source1,TX,2020,1,0.24288655186462269,1,0,0
A-2347571,Source2,CA,2019,0,0.4141742455008468,1,0,1
A-5585329,Source1,CA,,0,0.0892806172510335,0,0,0
A-10410,Source2,CA,2017,0,0.3656152697802317,1,0,1
A-4096171,Source1,CA,,0,0.04352895902553847,0,0,0
A-5045852,Source1,CA,2023,0,0.12753221260303899,0,0,0
A-6785414,Source1,TX,,0,0.07668135187933288,0,0,0
A-82877,Source2,CA,2016,1,0.39712626973476856,1,0,0
A-873034,Source2,CA,2021,0,0.07275656147098561,0,0,0
A-5688649,Source1,TX,2021,0,0.08532325196051613,0,0,0
A-2103682,Source2,TX,2019,0,0.09962085162491659,0,0,0
A-7326967,Source1,CA,2019,0,0.25479843777442596,1,0,1
A-1401296,Source2,TX,2020,0,0.08062695536529378,0,0,0
A-487694,Source2,TX,2017,1,0.10641724464129687,0,1,0
A-2327794,Source2,CA,2019,0,0.3123869732952806,1,0,1
A-6036089,Source1,CA,2021,0,0.037141417409213916,0,0,0
A-351678,Source2,CA,2017,1,0.42982604938112534,1,0,0
A-1495352,Source2,CA,2020,0,0.12596717858155615,0,0,0
A-7098624,Source1,CA,2020,0,0.11117479076131395,0,0,0
A-5291427,Source1,CA,2022,0,0.03565445321315364,0,0,0
A-1178708,Source2,CA,2021,1,0.056306706847858115,0,1,0
A-2130313,Source2,CA,2019,1,0.10352769774611478,0,1,0
A-4753670,Source1,TX,,0,0.0945941780361752,0,0,0
A-6702470,Source1,TX,2020,0,0.08126345761098291,0,0,0
A-336999,Source2,CA,2017,0,0.19530805147780836,1,0,1
A-2789253,Source2,CA,2018,0,0.4399402269183127,1,0,1
A-336566,Source2,CA,2017,0,0.364662362136689,1,0,1
A-23321,Source2,CA,2016,1,0.3993928391511498,1,0,0
A-494444,Source2,CA,2017,1,0.3667685523098986,1,0,0
A-65721,Source2,CA,2017,0,0.08289119807336955,0,0,0
A-101270,Source2,CA,2016,1,0.3911208062129831,1,0,0
A-7007436,Source1,CA,2020,0,0.2762287663294544,1,0,1
A-2377269,Source2,CA,2018,1,0.28752907212187506,1,0,0
A-2615458,Source2,CA,2018,0,0.3153739349479764,1,0,1
A-5889190,Source1,CA,2021,0,0.254132778674218,1,0,1
A-7164813,Source1,CA,2020,0,0.25836993866909214,1,0,1
A-7162175,Source1,CA,2020,0,0.15435430753549922,0,0,0
A-3133118,Source2,CA,2017,1,0.08833486103879598,0,1,0
A-6082459,Source1,CA,2021,0,0.23786228006847807,1,0,1
A-5165925,Source1,CA,2023,0,0.25963765602094624,1,0,1
A-3890594,Source1,TX,,0,0.09676816480765807,0,0,0
A-3281559,Source2,TX,2017,1,0.3644023269502409,1,0,0
A-7212008,Source1,CA,2020,0,0.28939830308823755,1,0,1
A-7649567,Source1,TX,2017,1,0.17746764496168366,0,1,0
A-5390480,Source1,CA,2022,0,0.1944752493331967,1,0,1
A-6165199,Source1,CA,,0,0.1813436425680141,1,0,1
A-5411857,Source1,TX,2022,0,0.19328495046050012,1,0,1
A-7229464,Source1,CA,2020,0,0.2599926810413357,1,0,1
A-7056806,Source1,CA,2020,0,0.04817363033145282,0,0,0
A-4416275,Source1,CA,2022,0,0.05628018507640655,0,0,0
A-4850763,Source1,CA,2022,0,0.132690902037973,0,0,0
A-489731,Source2,TX,2017,1,0.3488804388156368,1,0,0
A-2778328,Source2,CA,2018,1,0.20569735381393106,1,0,0
A-6961705,Source1,CA,2020,0,0.06962075415279068,0,0,0
A-6324833,Source1,CA,2021,0,0.08841555074601583,0,0,0
A-5796287,Source1,CA,2021,0,0.09221278975963516,0,0,0
A-14411,Source2,CA,2016,0,0.40031929542248984,1,0,1
A-5493274,Source1,CA,2021,0,0.05504204843389347,0,0,0
A-819695,Source2,CA,2021,0,0.1767690362580387,0,0,0
A-4169688,Source1,CA,2022,0,0.20004460292763387,1,0,1
A-3758368,Source1,CA,2022,0,0.08203797152003747,0,0,0
A-951700,Source2,CA,2021,1,0.17584794530665726,1,0,0
A-3527737,Source1,CA,2016,0,0.07873642515406387,0,0,0
A-2300655,Source2,CA,2019,0,0.12311238695485187,0,0,0
A-4406677,Source1,CA,2022,0,0.09996567675957509,0,0,0
A-4883565,Source1,CA,,0,0.08518876802358183,0,0,0
A-6707564,Source1,TX,2020,0,0.05952994200084312,0,0,0
A-280769,Source2,TX,2016,0,0.21722629175228106,1,0,1
A-7086380,Source1,CA,2020,0,0.367084086423165,1,0,1
A-1095926,Source2,TX,2021,1,0.06501627275380242,0,1,0
A-335207,Source2,TX,2017,1,0.36100481885835956,1,0,0
A-295167,Source2,TX,2016,0,0.4214615673686044,1,0,1
A-3059247,Source2,CA,2018,0,0.21765129367777486,1,0,1
A-5584361,Source1,TX,2021,0,0.24383887164709347,1,0,1
A-6612310,Source1,CA,2020,0,0.1434755033219695,0,0,0
A-7247830,Source1,TX,2020,1,0.13841392267017547,0,1,0
A-5184596,Source1,CA,,0,0.1218253238066831,0,0,0
A-1893443,Source2,CA,2019,1,0.10896362179254182,0,1,0
A-4661505,Source1,CA,,0,0.035284917415999525,0,0,0
A-6900803,Source1,CA,2020,0,0.08260261970386837,0,0,0
A-68855,Source2,CA,2016,0,0.3654112969205906,1,0,1
A-2872240,Source2,CA,2018,0,0.5209677837610038,1,0,1
A-1004776,Source2,CA,2021,0,0.08529402158513769,0,0,0
A-5336601,Source1,CA,,0,0.04220010311611681,0,0,0
A-316221,Source2,CA,2017,0,0.2992236929175328,1,0,1
A-5340610,Source1,CA,2022,0,0.11282007318400859,0,0,0
A-5385194,Source1,CA,,0,0.05202876118227486,0,0,0
A-6460289,Source1,CA,2021,0,0.23386912897482018,1,0,1
A-8486,Source2,CA,2016,0,0.04349245268986142,0,0,0
A-3753593,Source1,CA,,0,0.029080276839566467,0,0,0
A-21268,Source2,CA,2016,0,0.30102346214171194,1,0,1
A-4526366,Source1,CA,2023,0,0.21809746517114897,1,0,1
A-3312614,Source3,CA,2017,1,0.3106248819139664,1,0,0
A-5343025,Source1,CA,2022,0,0.3069310513046288,1,0,1
A-5584844,Source1,CA,2021,0,0.1280190593519244,0,0,0
A-6866592,Source1,CA,2020,0,0.05107873870094385,0,0,0
A-1807867,Source2,TX,2019,0,0.11128663234937616,0,0,0
A-1135942,Source2,CA,2021,0,0.054741556369094634,0,0,0
A-7658465,Source1,TX,2017,0,0.29552789320261375,1,0,1
A-1000813,Source2,TX,2021,0,0.07389442482515343,0,0,0
A-7256117,Source1,CA,2020,0,0.10809593907475404,0,0,0
A-2007899,Source2,TX,2019,0,0.06968323917255932,0,0,0
A-5839550,Source1,CA,2021,0,0.04213536481953305,0,0,0
A-261952,Source2,TX,2016,1,0.2722283855529961,1,0,0
A-2662680,Source2,TX,2018,0,0.3745197213153369,1,0,1
A-5892152,Source1,TX,2021,0,0.06437008441060338,0,0,0
A-1725091,Source2,TX,2019,0,0.057848911459188856,0,0,0
A-2665513,Source2,CA,2018,0,0.21260528026147946,1,0,1
A-1043224,Source2,CA,2021,0,0.1780984356956377,1,0,1
A-7064715,Source1,TX,2020,0,0.2209505318171446,1,0,1
A-7132967,Source1,CA,2020,1,0.08806769126300995,0,1,0
A-52299,Source2,CA,2016,1,0.20708569830244153,1,0,0
A-808469,Source2,CA,2021,1,0.1502658890249835,0,1,0
A-4819512,Source1,TX,2022,0,0.1108895073472052,0,0,0
A-2609975,Source2,CA,2018,0,0.42221331656392086,1,0,1
A-1930861,Source2,TX,2019,0,0.24374388942414735,1,0,1
A-6335542,Source1,CA,2021,0,0.11462243305921785,0,0,0
A-6716568,Source1,CA,2020,0,0.08863383850417077,0,0,0
A-6470879,Source1,CA,2021,0,0.03294031811826957,0,0,0
A-2743216,Source2,TX,2018,0,0.12479937666790106,0,0,0
A-5528834,Source1,CA,2021,0,0.06128099575023495,0,0,0
A-7665155,Source1,CA,2017,0,0.42078873642395287,1,0,1
A-5188559,Source1,CA,2022,0,0.0422833785430763,0,0,0
A-267312,Source2,TX,2016,1,0.2879242821821467,1,0,0
A-4490398,Source1,CA,2022,0,0.07796648104642223,0,0,0
A-4166595,Source1,CA,2022,0,0.3171125063785137,1,0,1
A-6824184,Source1,TX,2020,0,0.08057598032617433,0,0,0
A-1689461,Source2,TX,2019,0,0.17845668131526676,1,0,1
A-408526,Source2,CA,2017,1,0.11476705496662251,0,1,0
A-4882244,Source1,CA,2022,0,0.1228491921006589,0,0,0
A-3234450,Source2,CA,2017,0,0.08621697257407746,0,0,0
A-85451,Source2,CA,2016,0,0.05994349933422004,0,0,0
A-510634,Source2,TX,2017,0,0.3787456953252491,1,0,1
A-7109900,Source1,CA,2020,0,0.32730848153436165,1,0,1
A-7229896,Source1,CA,2020,0,0.0707064683557121,0,0,0
A-1727318,Source2,TX,2019,0,0.1454790944243011,0,0,0
A-6179063,Source1,CA,2021,0,0.25881135211687956,1,0,1
A-4361776,Source1,CA,2022,0,0.054951539003871154,0,0,0
A-6315408,Source1,TX,2021,0,0.13522457598531842,0,0,0
A-385126,Source2,TX,2017,0,0.31110526897761803,1,0,1
A-1651564,Source3,CA,2020,0,0.11741554870438684,0,0,0
A-4726255,Source1,CA,,0,0.027348008458651825,0,0,0
A-2103813,Source2,TX,2019,1,0.25024281848833696,1,0,0
A-6943729,Source1,CA,2020,0,0.1065412642215868,0,0,0
A-438916,Source2,CA,2017,0,0.27344724929022884,1,0,1
A-7323590,Source1,CA,2019,0,0.09266005848285042,0,0,0
A-732399,Source2,CA,2022,0,0.0732106762628858,0,0,0
A-4225418,Source1,CA,2022,0,0.34196501395533496,1,0,1
A-338875,Source2,CA,2017,0,0.2758441917494051,1,0,1
A-1553964,Source2,TX,2020,0,0.06714266703469444,0,0,0
A-2728770,Source2,TX,2018,1,0.3565665327400454,1,0,0
A-2579865,Source2,TX,2018,1,0.1577467961044679,0,1,0
A-6381138,Source1,CA,2021,0,0.036692588581799045,0,0,0
A-7467427,Source1,TX,2019,0,0.2823521785595609,1,0,1
A-1163486,Source2,CA,2021,0,0.06113534577681303,0,0,0
A-7237607,Source1,CA,2020,0,0.2619320257530351,1,0,1
A-5532417,Source1,TX,2021,0,0.2464525592524412,1,0,1
A-3774107,Source1,CA,2022,0,0.30599013605393044,1,0,1
A-2319709,Source2,CA,2019,1,0.1419219370757832,0,1,0
A-3325091,Source2,CA,2017,0,0.31526210864827603,1,0,1
A-4920661,Source1,CA,2022,0,0.11601331620852384,0,0,0
A-5865669,Source1,CA,2021,0,0.06149370438147743,0,0,0
A-6168506,Source1,CA,2021,0,0.3394762852645659,1,0,1
A-2984633,Source2,TX,2018,0,0.15847687535294247,0,0,0
A-7720581,Source1,CA,2019,0,0.20588439378241946,1,0,1
A-1650826,Source2,TX,2020,1,0.10660731061017739,0,1,0
A-5006005,Source1,CA,,0,0.08423596109911041,0,0,0
A-721097,Source2,TX,2022,1,0.2909337496826573,1,0,0
A-3440091,Source1,TX,2016,1,0.36592609041683366,1,0,0
A-7395460,Source1,CA,2019,0,0.16379722222824727,0,0,0
A-3811180,Source1,CA,2022,0,0.23837130328111816,1,0,1
A-4853188,Source1,TX,2022,0,0.16460599878338686,0,0,0
A-3145546,Source2,CA,2017,1,0.29915015367010545,1,0,0
A-3415933,Source1,CA,2016,0,0.3117866904292287,1,0,1
A-5593911,Source1,CA,2021,0,0.1524282121742385,0,0,0
A-3783330,Source1,CA,2022,0,0.1327667718380614,0,0,0
A-2822996,Source2,TX,2018,0,0.40960377251404384,1,0,1
A-5030184,Source1,CA,,0,0.19593343493509513,1,0,1
A-5027207,Source1,CA,2023,0,0.3818640635010119,1,0,1
A-5855233,Source1,CA,2021,0,0.1951380959845476,1,0,1
A-12221,Source2,CA,2017,0,0.11229825323046982,0,0,0
A-1998014,Source2,CA,2019,0,0.04016108584739368,0,0,0
A-4558002,Source1,TX,,0,0.06990338379402655,0,0,0
A-1170886,Source2,CA,2021,0,0.290369219141443,1,0,1
A-351514,Source2,CA,2017,0,0.1817564493950655,1,0,1
A-3545754,Source1,CA,2016,0,0.3882682821857709,1,0,1
A-4635699,Source1,CA,2022,0,0.13179454532084092,0,0,0
A-2632205,Source2,CA,2018,0,0.38137340260698266,1,0,1
A-7082198,Source1,CA,2020,0,0.0905839839694742,0,0,0
A-7625709,Source1,CA,2018,0,0.2616923597831721,1,0,1
A-2752992,Source2,CA,2018,1,0.4435729454404271,1,0,0
A-6538082,Source1,CA,2021,0,0.0544414701136256,0,0,0
A-3788734,Source1,CA,2022,0,0.09985694904083423,0,0,0
A-1617041,Source2,CA,2020,0,0.27137003889937816,1,0,1
A-6400792,Source1,CA,2021,0,0.06044932624785067,0,0,0
A-1374512,Source2,TX,2020,0,0.24210369773264917,1,0,1
A-5844493,Source1,CA,,0,0.028875367239050292,0,0,0
A-4549449,Source1,TX,2022,0,0.24261184801618088,1,0,1
A-3421548,Source1,CA,2016,0,0.36646139211017864,1,0,1
A-7363608,Source1,CA,2019,0,0.06826226465734991,0,0,0
A-7248371,Source1,CA,2020,0,0.2372139300103367,1,0,1
A-3075242,Source2,CA,2018,0,0.22673390459342038,1,0,1
A-1052525,Source2,CA,2021,0,0.11804696830886674,0,0,0
A-338243,Source2,CA,2017,0,0.28664002323072524,1,0,1
A-4544345,Source1,CA,,0,0.18028001825406978,1,0,1
A-4838522,Source1,CA,2022,0,0.17962619457861223,0,0,0
A-4314181,Source1,CA,2023,0,0.06047757302481057,0,0,0
A-7184697,Source1,CA,2020,0,0.06774615134790854,0,0,0
A-1387946,Source2,CA,2020,1,0.2667620930029792,1,0,0
A-2460760,Source2,CA,2018,0,0.3231336227142253,1,0,1
A-5377538,Source1,CA,,0,0.0738928604319989,0,0,0
A-6534761,Source1,CA,2021,0,0.09008708088325533,0,0,0
A-18008,Source2,CA,2016,1,0.3996294743178904,1,0,0
A-4132977,Source1,TX,2023,0,0.21570833501869274,1,0,1
A-3010221,Source2,CA,2018,1,0.295002943138017,1,0,0
A-1684740,Source3,CA,2019,0,0.029437341464629157,0,0,0
A-1039724,Source2,TX,2021,0,0.05104158872068134,0,0,0
A-1332150,Source2,CA,2020,1,0.07511818620217256,0,1,0
A-6630935,Source1,CA,2020,0,0.10047592839790695,0,0,0
A-766093,Source2,CA,2021,0,0.1618914550896443,0,0,0
A-3543,Source2,CA,2016,0,0.08476249140843303,0,0,0
A-1401474,Source2,TX,2020,0,0.07626108247453109,0,0,0
A-6540662,Source1,CA,2021,0,0.11606868237472805,0,0,0
A-1169395,Source2,CA,2021,1,0.2281617960387793,1,0,0
A-3852056,Source1,CA,2022,0,0.19029996862130763,1,0,1
A-3819120,Source1,TX,2022,0,0.034880536285209145,0,0,0
A-7033657,Source1,CA,2020,0,0.15666101334650712,0,0,0
A-5612833,Source1,CA,2021,0,0.05463254943719113,0,0,0
A-114690,Source2,CA,2016,1,0.3733633598752218,1,0,0
A-5930469,Source1,CA,2021,0,0.09310715874731967,0,0,0
A-22321,Source2,CA,2016,1,0.33851690408644974,1,0,0
A-5032631,Source1,CA,2022,0,0.26396572926222656,1,0,1
A-387081,Source2,TX,2017,0,0.2254263713897715,1,0,1
A-6417525,Source1,CA,2021,0,0.06915030669006321,0,0,0
A-16411,Source2,CA,2016,1,0.36491032333950063,1,0,0
A-1774030,Source3,CA,2019,0,0.11026104899480256,0,0,0
A-6561967,Source1,CA,2021,0,0.04956166720475179,0,0,0
A-6642217,Source1,TX,2020,0,0.08471929473681497,0,0,0
A-3543211,Source1,CA,2016,0,0.3726776959032446,1,0,1
A-7754518,Source1,CA,2019,1,0.2601426036718738,1,0,0
A-6612371,Source1,CA,2020,0,0.055993408593333474,0,0,0
A-5448866,Source1,CA,2022,0,0.21980868810219228,1,0,1
A-3250557,Source2,TX,2017,0,0.30698000161514993,1,0,1
A-3438025,Source1,TX,2016,1,0.35430926901218457,1,0,0
A-1159971,Source2,CA,2021,1,0.05010391665361704,0,1,0
A-1779322,Source2,CA,2019,0,0.06872763556797515,0,0,0
A-1569511,Source2,CA,2020,0,0.26219959372120216,1,0,1
A-66321,Source2,CA,2016,1,0.5227962169838057,1,0,0
A-1751381,Source2,CA,2019,0,0.25493974237322786,1,0,1
A-58121,Source2,CA,2016,1,0.3179733811511243,1,0,0
A-3556735,Source1,TX,2017,1,0.2615261748196983,1,0,0
A-6406297,Source1,CA,2021,0,0.09386393460181494,0,0,0
A-4295346,Source1,CA,2022,0,0.08892881647382792,0,0,0
A-4917740,Source1,CA,2022,0,0.3609435661777588,1,0,1
A-102211,Source2,CA,2016,1,0.1415131068516094,0,1,0
A-1049299,Source2,CA,2021,0,0.054004620461345756,0,0,0
A-6214251,Source1,CA,2021,0,0.08351344618379414,0,0,0
A-1402718,Source2,TX,2020,1,0.19471982057007536,1,0,0
A-783160,Source2,CA,2021,1,0.08700981433174972,0,1,0
A-6946428,Source1,CA,2020,0,0.2477634903015936,1,0,1
A-6869287,Source1,CA,2020,0,0.12855571572740654,0,0,0
A-3552313,Source1,CA,2016,0,0.4414363483572263,1,0,1
A-7238191,Source1,CA,2020,0,0.2568619620117357,1,0,1
A-463366,Source2,CA,2017,0,0.2936826537898698,1,0,1
A-578428,Source2,CA,2022,1,0.31042289082059327,1,0,0
A-2927424,Source2,TX,2018,0,0.3027784045096104,1,0,1
A-1898158,Source2,CA,2019,0,0.3169251210550582,1,0,1
A-6383580,Source1,CA,2021,0,0.08241308704614363,0,0,0
A-6465832,Source1,CA,2021,0,0.05866303980858508,0,0,0
A-4818880,Source1,CA,2022,0,0.3168890033098887,1,0,1
A-1657267,Source2,TX,2020,0,0.07693118571146848,0,0,0
A-2341769,Source2,CA,2019,1,0.2785394760876024,1,0,0
A-3236736,Source2,TX,2017,0,0.3579958138496192,1,0,1
A-6478462,Source1,TX,,0,0.05142139330066188,0,0,0
A-1135735,Source2,TX,2021,1,0.27279620906414415,1,0,0
A-285888,Source2,TX,2016,0,0.34162720166465155,1,0,1
A-2016714,Source2,CA,2019,0,0.14683755500815723,0,0,0
A-7355385,Source1,CA,2019,0,0.06868388910134697,0,0,0
A-5289913,Source1,CA,2022,0,0.23530665781912133,1,0,1
A-3791515,Source1,TX,,0,0.04204906660266681,0,0,0
A-7576683,Source1,CA,2018,0,0.21571878221511837,1,0,1
A-6327592,Source1,CA,2021,0,0.1694143207175847,0,0,0
A-7241934,Source1,CA,2020,0,0.06783149974175079,0,0,0
A-3422221,Source1,CA,2016,0,0.04468738570061194,0,0,0
A-7284097,Source1,CA,2020,0,0.12464615325438273,0,0,0
A-1135977,Source2,CA,2021,0,0.12414677022032909,0,0,0
A-4801791,Source1,CA,2022,0,0.34938082869915316,1,0,1
A-6159340,Source1,CA,2021,0,0.052336037263080684,0,0,0
A-2900906,Source2,CA,2018,1,0.0652898902488057,0,1,0
A-1334003,Source2,CA,2020,1,0.15573143483587562,0,1,0
A-7531791,Source1,CA,2018,0,0.05612243271921201,0,0,0
A-3041427,Source2,TX,2018,0,0.17450101427891362,1,0,1
A-1678394,Source2,CA,2020,0,0.04981471475685668,0,0,0
A-6249071,Source1,TX,2021,0,0.22932642505722192,1,0,1
A-6423903,Source1,CA,2021,0,0.06381432388856649,0,0,0
A-4892053,Source1,TX,2022,0,0.07829430981065041,0,0,0
A-3082297,Source2,CA,2018,0,0.3046949013408347,1,0,1
A-1259604,Source2,TX,2020,0,0.1589290847962334,0,0,0
A-4069659,Source1,CA,2022,0,0.06781627393032602,0,0,0
A-6090835,Source1,CA,2021,0,0.2021838411530917,1,0,1
A-5320644,Source1,CA,,0,0.1727213798682873,1,0,1
A-2663050,Source2,CA,2018,1,0.08988378005805124,0,1,0
A-4842523,Source1,CA,2023,0,0.20361811330599724,1,0,1
A-2162903,Source2,CA,2019,0,0.08444118743416693,0,0,0
A-7146220,Source1,CA,2020,0,0.1577909799442287,1,0,1
A-6595754,Source1,CA,2020,0,0.20381139791145678,1,0,1
A-2729967,Source2,CA,2018,1,0.37074054837322723,1,0,0
A-7357503,Source1,CA,2019,0,0.044645408192629146,0,0,0
A-5291081,Source1,CA,2022,0,0.06543577598068968,0,0,0
A-6421877,Source1,TX,2021,0,0.14992106033723251,0,0,0
A-5083219,Source1,CA,,0,0.08567471583428853,0,0,0
A-5006999,Source1,TX,,0,0.028925176181675127,0,0,0
A-1722525,Source2,TX,2019,1,0.29061455489031474,1,0,0
A-6445450,Source1,TX,2021,0,0.12676106630972112,0,0,0
A-3652709,Source1,CA,,0,0.060125153347661255,0,0,0
A-727878,Source2,CA,2022,1,0.05105804636584819,0,1,0
A-2240732,Source2,CA,2019,0,0.3134244414365207,1,0,1
A-1864572,Source2,TX,2019,0,0.12210908430559306,0,0,0
A-5662438,Source1,CA,,0,0.05574631680854632,0,0,0
A-2965794,Source2,TX,2018,0,0.15398765647838614,0,0,0
A-1183370,Source2,CA,2021,0,0.29503404466441063,1,0,1
A-518997,Source2,CA,2022,1,0.11568281132734967,0,1,0
A-7353080,Source1,CA,2019,0,0.14690929142609216,0,0,0
A-5381074,Source1,CA,2022,0,0.24578499679613652,1,0,1
A-3375505,Source2,TX,2017,0,0.14753652404138745,0,0,0
A-5194403,Source1,CA,,0,0.02831576478274702,0,0,0
A-1874752,Source2,TX,2019,1,0.249212126845379,1,0,0
A-3332318,Source2,CA,2017,1,0.2688425929781559,1,0,0
A-54123,Source2,CA,2016,0,0.39728408475295496,1,0,1
A-5621145,Source1,CA,2021,0,0.137113696130307,0,0,0
A-3190775,Source2,CA,2017,1,0.36965880122174904,1,0,0
A-3276671,Source2,CA,2017,1,0.4178004029486927,1,0,0
A-3548446,Source1,CA,2016,1,0.4063731082915969,1,0,0
A-4807908,Source1,CA,2022,0,0.16062565027024717,0,0,0
A-270231,Source2,TX,2017,0,0.3861264699543,1,0,1
A-84205,Source2,CA,2016,1,0.4076990293213624,1,0,0
A-7531571,Source1,CA,2018,0,0.3544163016128311,1,0,1
A-1687318,Source2,CA,2019,0,0.0836017434262917,0,0,0
A-5510543,Source1,CA,2021,0,0.2499744519093796,1,0,1
A-6795953,Source1,CA,2020,0,0.1038435560824886,0,0,0
A-6918393,Source1,CA,2020,0,0.39198166354203007,1,0,1
A-5899572,Source1,CA,2021,0,0.09162460306037204,0,0,0
A-7353951,Source1,CA,2019,0,0.3158300159219092,1,0,1
A-7378248,Source1,CA,2019,0,0.06091838546600723,0,0,0
A-5000592,Source1,CA,2022,0,0.13223538081983138,0,0,0
A-3219123,Source2,CA,2017,0,0.21032714114929946,1,0,1
A-6156115,Source1,CA,2021,0,0.11854352257367558,0,0,0
A-3527298,Source1,CA,2016,0,0.4295527463228,1,0,1
A-7487764,Source1,CA,2018,0,0.35873503574321974,1,0,1
A-1252229,Source2,CA,2020,1,0.05980529076404593,0,1,0
A-4574127,Source1,TX,2022,0,0.12382158681301791,0,0,0
A-4220167,Source1,TX,2022,0,0.18977529380740987,1,0,1
A-1765244,Source3,CA,2019,0,0.13307561054649195,0,0,0
A-6708914,Source1,CA,2020,0,0.16608275605207018,0,0,0
A-6387489,Source1,TX,2021,0,0.2541726511892793,1,0,1
A-7727219,Source1,CA,2019,0,0.1293403750014068,0,0,0
A-6034949,Source1,CA,2021,0,0.12145315511082315,0,0,0
A-2756984,Source2,TX,2018,0,0.32431463299627633,1,0,1
A-6601832,Source1,TX,2020,0,0.3856787798990677,1,0,1
A-4241614,Source1,CA,2022,0,0.061619341850093365,0,0,0
A-1178929,Source2,CA,2021,0,0.1482192954611556,0,0,0
A-7648608,Source1,TX,2017,1,0.25882120004711767,1,0,0
A-39813,Source2,CA,2016,1,0.33922463724077867,1,0,0
A-3436932,Source1,TX,2016,1,0.46353452544560103,1,0,0
A-2332107,Source2,TX,2019,0,0.3637877954896164,1,0,1
A-1758750,Source2,TX,2019,0,0.24718457984098463,1,0,1
A-5669115,Source1,CA,2021,0,0.12324168367576602,0,0,0
A-1614382,Source2,TX,2020,0,0.13190251212710508,0,0,0
A-16798,Source2,CA,2016,0,0.41851642438503384,1,0,1
A-2067185,Source2,CA,2019,1,0.21814917407687853,1,0,0
A-2263659,Source2,CA,2019,1,0.044166613067598094,0,1,0
A-5274729,Source1,CA,2022,0,0.16135126128989116,0,0,0
A-2741749,Source2,CA,2018,0,0.08355784575547201,0,0,0
A-5924267,Source1,CA,2021,0,0.07004934188866736,0,0,0
A-3214372,Source2,TX,2017,0,0.2901686201563168,1,0,1
A-1418457,Source2,CA,2020,0,0.0769360857699248,0,0,0
A-85400,Source2,CA,2016,1,0.4044520206461358,1,0,0
A-269458,Source2,TX,2017,1,0.38408244448320805,1,0,0
A-2191713,Source2,CA,2019,1,0.2713372689964265,1,0,0
A-1496387,Source2,CA,2020,0,0.03440525444236905,0,0,0
A-5630174,Source1,CA,2021,0,0.0799165924175313,0,0,0
A-6928583,Source1,CA,2020,0,0.1478525597400781,0,0,0
A-7169194,Source1,TX,2020,1,0.15130592048291128,0,1,0
A-30040,Source2,CA,2016,0,0.16056572248922063,0,0,0
A-6188908,Source1,CA,,0,0.058751254303271584,0,0,0
A-5674827,Source1,CA,2021,0,0.14566037791032782,0,0,0
A-1414649,Source2,CA,2020,0,0.18284255412338352,0,0,0
A-2333315,Source2,CA,2019,0,0.10875570500984277,0,0,0
A-4674349,Source1,CA,2022,0,0.11818655835689688,0,0,0
A-5193628,Source1,CA,,0,0.06719020358172,0,0,0
A-4579833,Source1,CA,2022,0,0.04352595571065561,0,0,0
A-1966019,Source2,TX,2019,0,0.18069192569242626,0,0,0
A-4759710,Source1,CA,2022,0,0.1968272872097871,1,0,1
A-659328,Source2,TX,2022,1,0.18569820711748886,1,0,0
A-6612806,Source1,CA,2020,0,0.05805336675574678,0,0,0
A-2650853,Source2,TX,2018,0,0.34320212213423984,1,0,1
A-6734265,Source1,CA,2020,0,0.17497522259737383,0,0,0
A-1347842,Source2,CA,2020,0,0.1275430881096799,0,0,0
A-4963096,Source1,CA,2022,0,0.22709222273230725,1,0,1
A-1405865,Source2,TX,2020,1,0.23802370858694372,1,0,0
A-3899761,Source1,CA,2023,0,0.2531445090421486,1,0,1
A-1117034,Source2,CA,2021,0,0.030378923630626324,0,0,0
A-866816,Source2,CA,2021,0,0.06977132388599565,0,0,0
A-6513546,Source1,CA,2021,0,0.11578375820940132,0,0,0
A-3550102,Source1,CA,2016,1,0.34168846622967997,1,0,0
A-98239,Source2,CA,2016,1,0.22595638694050707,1,0,0
A-486405,Source2,TX,2017,0,0.21019480841690127,1,0,1
A-860453,Source2,CA,2021,0,0.03711256693529949,0,0,0
A-964538,Source3,TX,2021,0,0.026521224132873993,0,0,0
A-4433117,Source1,TX,2022,0,0.07165371155102353,0,0,0
A-7662575,Source1,TX,2017,1,0.31422477886024686,1,0,0
A-2106295,Source2,TX,2019,1,0.12875089444636323,0,1,0
A-5534567,Source1,CA,2021,0,0.03357135405775991,0,0,0
A-1482444,Source2,TX,2020,0,0.04524699860261467,0,0,0
A-7124345,Source1,CA,2020,0,0.14931480902163918,1,0,1
A-3147673,Source2,TX,2017,0,0.07586630157189514,0,0,0
A-388438,Source2,TX,2017,0,0.13815019238869847,0,0,0
A-4272160,Source1,TX,2022,0,0.29258958417104947,1,0,1
A-2079403,Source2,CA,2019,0,0.058090021160909014,0,0,0
A-2892061,Source2,CA,2018,1,0.29879483208743185,1,0,0
A-3783599,Source1,CA,2022,0,0.07145457799559603,0,0,0
A-4073466,Source1,CA,,0,0.08229600020281953,0,0,0
A-2189027,Source2,CA,2019,1,0.11597461746938706,0,1,0
A-6205504,Source1,CA,2021,0,0.10002553766881368,0,0,0
A-276787,Source2,TX,2016,0,0.06419971650163211,0,0,0
A-768317,Source2,CA,2021,1,0.03506128665859085,0,1,0
A-6450190,Source1,CA,,0,0.031936640633277134,0,0,0
A-7132122,Source1,TX,2020,1,0.17951856276039882,0,1,0
A-4344032,Source1,CA,2021,0,0.15409251391739684,0,0,0
A-4802511,Source1,TX,2022,0,0.08432237839241576,0,0,0
A-3539901,Source1,CA,2016,0,0.35356554421424785,1,0,1
A-27010,Source2,CA,2016,1,0.3254392680311276,1,0,0
A-3328359,Source2,CA,2017,0,0.1889480963064098,1,0,1
A-4071793,Source1,CA,2022,0,0.053236088673349516,0,0,0
A-1021591,Source2,CA,2021,1,0.13818727534475833,0,1,0
A-6437832,Source1,CA,2021,0,0.07030786129371888,0,0,0
A-1637832,Source3,CA,2020,0,0.3026687804962987,1,0,1
A-3534001,Source1,CA,2016,0,0.3787775777934784,1,0,1
A-1828693,Source2,TX,2019,0,0.04836094272381637,0,0,0
A-6964530,Source1,CA,2020,0,0.050620301923581565,0,0,0
A-5275332,Source1,TX,2022,0,0.24814172522300196,1,0,1
A-6637154,Source1,CA,2020,0,0.25843395382802337,1,0,1
A-5999725,Source1,CA,2021,0,0.05484054025631353,0,0,0
A-6745381,Source1,CA,2020,0,0.07891298122583414,0,0,0
A-3154376,Source2,TX,2017,0,0.20852837385198977,1,0,1
A-4081620,Source1,CA,2022,0,0.1812889301451027,1,0,1
A-3553029,Source1,CA,2016,0,0.23535375406245818,1,0,1
A-2456753,Source2,TX,2018,1,0.2610821975884744,1,0,0
A-34633,Source2,CA,2016,0,0.30170718457215323,1,0,1
A-6533933,Source1,TX,2021,0,0.05006736776449443,0,0,0
A-2127900,Source2,CA,2019,1,0.19858495255140313,1,0,0
A-4141308,Source1,CA,2023,0,0.2735791690369682,1,0,1
A-2502467,Source2,CA,2018,1,0.33278181401758483,1,0,0
A-4599451,Source1,CA,,0,0.04747043665192098,0,0,0
A-6387894,Source1,CA,2021,0,0.15985031947681114,0,0,0
A-5469285,Source1,CA,,0,0.06432535474293392,0,0,0
A-1082330,Source2,CA,2021,0,0.09101384955969904,0,0,0
A-815594,Source2,CA,2021,1,0.22045179109707677,1,0,0
A-6641220,Source1,CA,2020,0,0.13457699299727255,0,0,0
A-7303536,Source1,CA,2019,0,0.12268897644852923,0,0,0
A-7246989,Source1,CA,2020,0,0.03204517702073588,0,0,0
A-99724,Source2,CA,2016,0,0.3175838696658239,1,0,1
A-7326571,Source1,CA,2019,0,0.09032513781388116,0,0,0
A-3661936,Source1,CA,2023,0,0.06799435081922275,0,0,0
A-5896850,Source1,CA,2021,0,0.1719272554931134,0,0,0
A-2819464,Source2,CA,2018,1,0.12364633232768367,0,1,0
A-803700,Source2,TX,2021,0,0.2722022466761158,1,0,1
A-1824817,Source2,CA,2019,0,0.1825284449957408,1,0,1
A-4538689,Source1,CA,,0,0.039316732699387374,0,0,0
A-5054569,Source1,CA,2022,0,0.1020624657389581,0,0,0
A-7665527,Source1,TX,2017,0,0.2886209218773294,1,0,1
A-1419875,Source2,CA,2020,1,0.17992726278443377,1,0,0
A-1915133,Source2,TX,2019,1,0.13049632329225505,0,1,0
A-114644,Source2,CA,2016,1,0.39949892427204287,1,0,0
A-3020280,Source2,TX,2018,0,0.3208574144948168,1,0,1
A-2304193,Source2,CA,2019,1,0.4019162408622704,1,0,0
A-28841,Source2,CA,2016,0,0.2883521635217957,1,0,1
A-7222546,Source1,CA,2020,0,0.09790927397876012,0,0,0
A-3860189,Source1,CA,2022,0,0.20207688874819102,1,0,1
A-3218158,Source2,TX,2017,1,0.3460322731574058,1,0,0
A-1038265,Source2,CA,2021,0,0.1742635954794987,0,0,0
A-436728,Source2,CA,2017,1,0.37150436502001644,1,0,0
A-4576954,Source1,CA,,0,0.02717658990627886,0,0,0
A-4332123,Source1,CA,,0,0.14535496570337753,0,0,0
A-7328598,Source1,CA,2019,0,0.03621972714293107,0,0,0
A-2323076,Source2,CA,2019,0,0.33818872610079925,1,0,1
A-3621801,Source1,CA,2017,0,0.38114396272156637,1,0,1
A-4907410,Source1,CA,2022,0,0.09430097171158938,0,0,0
A-5677195,Source1,CA,2021,0,0.1217934595206216,0,0,0
A-3177654,Source2,CA,2017,1,0.31265004128737445,1,0,0
A-4987797,Source1,TX,2022,0,0.3605502041699825,1,0,1
A-7181395,Source1,CA,2020,0,0.036744660165320145,0,0,0
A-7305380,Source1,CA,2019,0,0.04417166568646055,0,0,0
A-1266337,Source2,TX,2020,1,0.0982041442179658,0,1,0
A-431998,Source2,TX,2017,0,0.03318532662764821,0,0,0
A-5971351,Source1,TX,,0,0.06387770694041825,0,0,0
A-2762247,Source2,TX,2018,0,0.09615189893780972,0,0,0
A-3214718,Source2,TX,2017,0,0.13870883121444894,0,0,0
A-3149293,Source2,CA,2017,1,0.32782216237630046,1,0,0
A-5998191,Source1,CA,2021,0,0.0432382589110009,0,0,0
A-5395822,Source1,TX,2022,0,0.27205045934309896,1,0,1
A-9971,Source2,CA,2017,0,0.15405333808735078,0,0,0
A-966614,Source2,CA,2021,0,0.3044865614087653,1,0,1
A-285339,Source2,TX,2016,1,0.46473435476276953,1,0,0
A-7236575,Source1,CA,2020,0,0.02907375922594521,0,0,0
A-1931881,Source2,CA,2019,1,0.17041097212295844,0,1,0
A-3648561,Source1,CA,2017,0,0.30396833452073035,1,0,1
A-2341940,Source2,CA,2019,0,0.38414108125313673,1,0,1
A-3196497,Source2,CA,2017,1,0.3556543148620985,1,0,0
A-7663362,Source1,CA,2017,0,0.3859452794717546,1,0,1
A-3159454,Source2,TX,2017,0,0.1041528090754669,0,0,0
A-493568,Source2,CA,2017,0,0.32165355041543914,1,0,1
A-4428434,Source1,CA,2022,0,0.1660915616277024,1,0,1
A-5420245,Source1,CA,2022,0,0.1334772115475406,0,0,0
A-1667957,Source2,CA,2020,0,0.09055560929913868,0,0,0
A-780115,Source2,CA,2021,0,0.14750438750361902,0,0,0
A-3868260,Source1,CA,,0,0.042494319257268806,0,0,0
A-50244,Source2,CA,2016,1,0.416151664353115,1,0,0
A-2873770,Source2,TX,2018,1,0.23420298531445286,1,0,0
A-5010855,Source1,CA,2022,0,0.0636312030864214,0,0,0
A-3922800,Source1,CA,2022,0,0.044790289139388526,0,0,0
A-3927618,Source1,TX,2022,0,0.05167585171874247,0,0,0
A-4926935,Source1,CA,2022,0,0.07518790397593864,0,0,0
A-3905543,Source1,CA,,0,0.10537871033964834,0,0,0
A-3834374,Source1,CA,2022,0,0.08247054531083582,0,0,0
A-2033774,Source2,CA,2019,0,0.10046739913348816,0,0,0
A-315473,Source2,CA,2017,1,0.3402514824319794,1,0,0
A-6397241,Source1,CA,2021,0,0.26810362203847793,1,0,1
A-7360911,Source1,CA,2019,0,0.06317207043553404,0,0,0
A-19998,Source2,CA,2016,0,0.2364900099455783,1,0,1
A-4227977,Source1,CA,2022,0,0.08350998746420932,0,0,0
A-3273958,Source2,CA,2017,1,0.22898124873962694,1,0,0
A-1278839,Source2,TX,2020,0,0.28315833022243475,1,0,1
A-2634742,Source3,CA,2018,1,0.3463247255742734,1,0,0
A-3429361,Source1,TX,2017,1,0.25210692289333125,1,0,0
A-4940948,Source1,CA,,0,0.05691985791266892,0,0,0
A-4474750,Source1,CA,2022,0,0.0843293325288269,0,0,0
A-4271447,Source1,CA,2022,0,0.06552942013449295,0,0,0
A-4341786,Source1,CA,2022,0,0.13199079112846718,0,0,0
A-2210122,Source2,CA,2019,1,0.12926056858756052,0,1,0
A-5690107,Source1,CA,2021,0,0.11723797435722169,0,0,0
A-103841,Source2,CA,2016,1,0.29505272228970797,1,0,0
A-7117443,Source1,CA,2020,0,0.06572592406052155,0,0,0
A-5904718,Source1,TX,,0,0.09271865060491405,0,0,0
A-5980653,Source1,CA,2021,0,0.12241517689545736,0,0,0
A-3550709,Source1,CA,2016,0,0.04354010082259967,0,0,0
A-297566,Source2,TX,2016,0,0.07872658444981862,0,0,0
A-7368652,Source1,CA,2019,0,0.08392208271942185,0,0,0
A-7610618,Source1,CA,2018,0,0.33997533623867565,1,0,1
A-6218246,Source1,TX,,0,0.0892185538488803,0,0,0
A-3177124,Source2,TX,2017,0,0.09135970556836909,0,0,0
A-277774,Source2,TX,2016,1,0.31995512770906476,1,0,0
A-6332360,Source1,TX,2021,0,0.09720388262415394,0,0,0
A-755585,Source2,TX,2022,0,0.19486766127777333,1,0,1
A-6271986,Source1,CA,2021,0,0.2649395376696715,1,0,1
A-4911952,Source1,CA,,0,0.021439241875891142,0,0,0
A-5788883,Source1,CA,2021,0,0.18354904967420202,1,0,1
A-6772541,Source1,CA,2020,0,0.033083305094204866,0,0,0
A-5468200,Source1,CA,,0,0.17031756627137623,1,0,1
A-525641,Source2,TX,2022,1,0.14636244685156347,0,1,0
A-2271139,Source2,TX,2019,0,0.25015021962234785,1,0,1
A-6959479,Source1,CA,2020,0,0.045904353276502455,0,0,0
A-6860256,Source1,TX,2020,0,0.15150906738105813,0,0,0
A-98722,Source2,CA,2016,0,0.10253392191917965,0,0,0
A-2083182,Source2,CA,2019,0,0.03810212905586664,0,0,0
A-676772,Source2,CA,2022,0,0.0842382839866213,0,0,0
A-2820989,Source2,CA,2018,1,0.33949489925043774,1,0,0
A-1713117,Source2,CA,2019,0,0.15154022874750603,0,0,0
A-7385673,Source1,CA,2019,0,0.190159070706309,0,0,0
A-3161886,Source2,TX,2017,0,0.3334672143983669,1,0,1
A-4728894,Source1,TX,2022,0,0.17805427234567345,0,0,0
A-5773616,Source1,CA,,0,0.21195303780836966,1,0,1
A-1950608,Source3,CA,2019,1,0.1073033563991416,0,1,0
A-2517017,Source2,CA,2018,1,0.09151714946797374,0,1,0
A-114540,Source2,CA,2016,1,0.30465598368097513,1,0,0
A-727887,Source2,CA,2022,0,0.1545078243834704,0,0,0
A-86551,Source2,CA,2016,0,0.34284882181167997,1,0,1
A-7042117,Source1,CA,2020,0,0.04849756178571171,0,0,0
A-4241375,Source1,TX,2022,0,0.16963818741459005,0,0,0
A-6848603,Source1,CA,2020,0,0.08860627359139753,0,0,0
A-3201624,Source2,TX,2017,0,0.21528088304812892,1,0,1
A-4820761,Source1,CA,2023,0,0.13995503991397373,0,0,0
A-6878647,Source1,CA,2020,0,0.13639381875669,0,0,0
A-7314884,Source1,CA,2019,0,0.3343256328786726,1,0,1
A-93846,Source2,CA,2016,1,0.29447617414195537,1,0,0
A-2785963,Source2,TX,2018,0,0.22206849560996855,1,0,1
A-5794979,Source1,CA,2021,0,0.05452043460170157,0,0,0
A-3387356,Source2,TX,2017,0,0.2154626715029448,1,0,1
A-488646,Source2,TX,2017,1,0.3969156144185325,1,0,0
A-1460464,Source2,CA,2020,0,0.40931820327506585,1,0,1
A-6438309,Source1,CA,2021,0,0.036434575083401706,0,0,0
A-556420,Source2,TX,2022,1,0.207935843317521,1,0,0
A-2171577,Source2,CA,2019,0,0.22066848734057612,1,0,1
A-4382403,Source1,CA,2023,0,0.12152760474690247,0,0,0
A-1173965,Source2,CA,2021,0,0.08118962351859325,0,0,0
A-452734,Source2,TX,2017,1,0.17130182109850595,0,1,0
A-1716943,Source2,CA,2019,1,0.15649460232676418,0,1,0
A-269793,Source2,TX,2017,0,0.11368895307731593,0,0,0
A-7344413,Source1,CA,2019,0,0.119959754325309,0,0,0
A-6483738,Source1,CA,2021,0,0.06533941126949822,0,0,0
A-602924,Source2,TX,2022,0,0.22791669615908794,1,0,1
A-2519629,Source2,CA,2018,0,0.38020333319499544,1,0,1
A-1293949,Source2,CA,2020,1,0.14798908362131233,0,1,0
A-29417,Source2,CA,2016,0,0.35652579812324986,1,0,1
A-5476247,Source1,CA,2021,0,0.32135339469200663,1,0,1
A-2823555,Source2,CA,2018,0,0.39108727936972826,1,0,1
A-6448706,Source1,CA,2021,0,0.3017783385857727,1,0,1
A-5498418,Source1,TX,,0,0.032616338982384536,0,0,0
A-6806478,Source1,CA,2020,0,0.06161504990143405,0,0,0
A-1101043,Source2,TX,2021,0,0.03409422650439746,0,0,0
A-852869,Source2,TX,2021,1,0.24501063007946206,1,0,0
A-2322382,Source2,TX,2019,1,0.337568523031045,1,0,0
A-64439,Source2,CA,2017,1,0.15776502830822337,0,1,0
A-270022,Source2,TX,2017,0,0.15062472777472805,0,0,0
A-3179788,Source2,CA,2017,0,0.34384430604715394,1,0,1
A-3419145,Source1,CA,2016,0,0.3789631489251687,1,0,1
A-7041939,Source1,CA,2020,0,0.10524824473463008,0,0,0
A-2065879,Source2,TX,2019,0,0.16141352291917516,0,0,0
A-4211071,Source1,TX,2023,0,0.14776476468962405,0,0,0
A-5676150,Source1,CA,2021,0,0.04226227764082291,0,0,0
A-3660144,Source1,CA,2023,0,0.0739935855425444,0,0,0
A-7002129,Source1,CA,2020,0,0.03442206237233959,0,0,0
A-4666790,Source1,CA,2023,0,0.045571106724005064,0,0,0
A-2766804,Source2,CA,2018,0,0.4534252654661769,1,0,1
A-7323757,Source1,CA,2019,0,0.06530665049860725,0,0,0
A-1054830,Source2,TX,2021,0,0.1255926734686048,0,0,0
A-267718,Source2,TX,2017,1,0.2517036746538358,1,0,0
A-16851,Source2,CA,2016,0,0.3234235282690416,1,0,1
A-3801516,Source1,TX,2022,0,0.2694804122417702,1,0,1
A-2671594,Source2,CA,2018,1,0.28346766143251517,1,0,0
A-4399398,Source1,CA,2022,0,0.041901395656529374,0,0,0
A-3980447,Source1,CA,2022,0,0.3693727387109793,1,0,1
A-4892459,Source1,CA,2022,0,0.25326751057629926,1,0,1
A-19950,Source2,CA,2016,1,0.3894007226307432,1,0,0
A-6883560,Source1,TX,2020,0,0.12640436930460242,0,0,0
A-5716251,Source1,CA,,0,0.05643302069723215,0,0,0
A-333725,Source2,TX,2017,0,0.3355563971428965,1,0,1
A-2942292,Source2,TX,2018,0,0.19719691461970604,1,0,1
A-1619267,Source3,CA,2020,0,0.08064496644695332,0,0,0
A-5166518,Source1,CA,2022,0,0.060960841937142,0,0,0
A-4559959,Source1,TX,,0,0.06887930753829603,0,0,0
A-4965953,Source1,CA,2022,0,0.059781899709163845,0,0,0
A-1422719,Source2,TX,2020,0,0.2831504090435357,1,0,1
A-4398109,Source1,CA,2022,0,0.20794974336308875,1,0,1
A-7572200,Source1,CA,2018,0,0.4082142199025669,1,0,1
A-345122,Source2,CA,2017,1,0.3253846009356468,1,0,0
A-3282317,Source2,CA,2017,1,0.09537577469156193,0,1,0
A-3905238,Source1,CA,,0,0.0505672846858302,0,0,0
A-7287052,Source1,CA,2019,0,0.12034525698765916,0,0,0
A-6933520,Source1,TX,2020,0,0.10120682995472852,0,0,0
A-4223231,Source1,CA,2022,0,0.2367283702255718,1,0,1
A-934180,Source2,CA,2021,0,0.10191194366084255,0,0,0
A-2957872,Source2,TX,2018,0,0.20118617718774184,1,0,1
A-2288876,Source2,TX,2019,0,0.180518036412507,1,0,1
A-485296,Source2,TX,2017,0,0.39466974990895665,1,0,1
A-4839645,Source1,TX,2022,0,0.2187837293895225,1,0,1
A-431717,Source2,TX,2017,1,0.3738713449387979,1,0,0
A-2760030,Source2,CA,2018,0,0.08610823489097022,0,0,0
A-6262107,Source1,CA,2021,0,0.04572688270345872,0,0,0
A-6625223,Source1,CA,2020,0,0.3368307289064075,1,0,1
A-6277057,Source1,CA,,0,0.057647358424437224,0,0,0
A-3032710,Source2,CA,2018,0,0.12314017061619664,0,0,0
A-4056843,Source1,CA,2023,0,0.06358639108914961,0,0,0
A-6621501,Source1,CA,2020,0,0.06579154532863499,0,0,0
A-3423119,Source1,CA,2016,1,0.247959909714942,1,0,0
A-5470563,Source1,CA,2021,0,0.15524679671397384,0,0,0
A-4438494,Source1,CA,,0,0.06068730235940619,0,0,0
A-5340071,Source1,CA,2022,0,0.10627636057692395,0,0,0
A-6607388,Source1,CA,2020,0,0.0599160363493491,0,0,0
A-5384055,Source1,CA,,0,0.08841317529639602,0,0,0
A-5218336,Source1,CA,,0,0.15578964305338958,0,0,0
A-6520474,Source1,TX,2021,0,0.038267410326314984,0,0,0
A-6373460,Source1,TX,,0,0.04131565449043005,0,0,0
A-7694273,Source1,CA,2017,0,0.29648734327014875,1,0,1
A-7493994,Source1,TX,2018,1,0.4129178272475458,1,0,0
A-895103,Source2,CA,2021,0,0.2966113315791502,1,0,1
A-4792490,Source1,CA,2022,0,0.150816706084447,0,0,0
A-296861,Source2,TX,2016,0,0.36302493431047006,1,0,1
A-2615251,Source2,CA,2018,0,0.21482219937856223,1,0,1
A-7642283,Source1,CA,2017,0,0.28596923896537974,1,0,1
A-7349595,Source1,CA,2019,0,0.3255639454947299,1,0,1
A-3640219,Source1,TX,2017,1,0.40292601307119186,1,0,0
A-607034,Source2,CA,2022,1,0.10753800285305881,0,1,0
A-3588174,Source1,CA,2017,0,0.2172572363619493,1,0,1
A-2451933,Source2,CA,2018,0,0.3149042340997241,1,0,1
A-4163692,Source1,CA,2023,0,0.18748627795369907,1,0,1
A-6919374,Source1,CA,2020,0,0.056118566938784455,0,0,0
A-531244,Source2,TX,2022,0,0.15468159448991414,0,0,0
A-4653995,Source1,CA,2022,0,0.27391478257643653,1,0,1
A-829202,Source2,TX,2021,1,0.21221023082774085,1,0,0
A-2097043,Source2,CA,2019,1,0.16357477679987964,0,1,0
A-1715872,Source3,CA,2019,0,0.058930719799178924,0,0,0
A-2877385,Source2,CA,2018,0,0.3684282958556648,1,0,1
A-885364,Source2,TX,2021,0,0.06253041156941515,0,0,0
A-4285964,Source1,CA,,0,0.21136053203885,1,0,1
A-4891360,Source1,CA,2022,0,0.18339118910510194,1,0,1
A-100231,Source2,CA,2016,1,0.32363210780053026,1,0,0
A-23592,Source2,CA,2016,0,0.3303993846864254,1,0,1
A-5271064,Source1,TX,,0,0.02159711688744393,0,0,0
A-4394455,Source1,CA,,0,0.022677777567538148,0,0,0
A-2992030,Source2,CA,2018,1,0.33325634277623445,1,0,0
A-4859364,Source1,CA,2022,0,0.12343531912002811,0,0,0
A-4841368,Source1,CA,2022,0,0.15061665243699263,0,0,0
A-7265761,Source1,CA,2020,0,0.31932091503471083,1,0,1
A-7291175,Source1,CA,2019,0,0.051330553203662574,0,0,0
A-5867756,Source1,TX,2021,0,0.28538162163496905,1,0,1
A-348221,Source2,CA,2017,1,0.38171954921794177,1,0,0
A-5598497,Source1,CA,2021,0,0.2919776615754041,1,0,1
A-6353499,Source1,CA,2021,0,0.10893856550327345,0,0,0
A-6646043,Source1,CA,2020,0,0.1489643944471173,0,0,0
A-7355421,Source1,CA,2019,0,0.08066686115600871,0,0,0
A-8610,Source2,CA,2016,0,0.2942588852215794,1,0,1
A-1458714,Source3,CA,2020,0,0.20404008588863348,1,0,1
A-953069,Source2,CA,2021,0,0.23975891807765679,1,0,1
A-1000902,Source2,TX,2021,0,0.04374813796999337,0,0,0
A-396853,Source2,CA,2017,0,0.06254788860289937,0,0,0
A-1468666,Source2,TX,2020,0,0.10410147065365886,0,0,0
A-1662296,Source3,CA,2020,1,0.2536575678337235,1,0,0
A-6691491,Source1,CA,2020,0,0.045664618462401343,0,0,0
A-7118495,Source1,CA,2020,0,0.11742202148687353,0,0,0
A-4580378,Source1,CA,2022,0,0.30079795927401476,1,0,1
A-5084557,Source1,TX,,0,0.029287582800770613,0,0,0
A-6784105,Source1,CA,2020,0,0.0679905612129241,0,0,0
A-64763,Source2,CA,2017,0,0.33386460506375654,1,0,1
A-3242953,Source2,CA,2017,1,0.373600501495586,1,0,0
A-3105970,Source2,CA,2017,1,0.43378935014955705,1,0,0
A-4740262,Source1,TX,2022,0,0.3116887744925347,1,0,1
A-2454571,Source2,CA,2018,0,0.27627228195215603,1,0,1
A-7150014,Source1,CA,2020,0,0.07667266914722627,0,0,0
A-659113,Source3,CA,2022,0,0.1360596214568019,0,0,0
A-6102625,Source1,TX,,0,0.2157656903658479,1,0,1
A-3528304,Source1,CA,2016,0,0.27634686993327995,1,0,1
A-4277152,Source1,CA,2022,0,0.061283333404541965,0,0,0
A-3551339,Source1,CA,2016,0,0.4192484266622897,1,0,1
A-1988475,Source2,CA,2019,0,0.13359112967789497,0,0,0
A-3900347,Source1,CA,2023,0,0.06863502686126562,0,0,0
A-755848,Source2,TX,2022,0,0.06315239634384176,0,0,0
A-7419705,Source1,CA,2019,0,0.25024254912748745,1,0,1
A-2417993,Source2,CA,2018,0,0.2833150714466135,1,0,1
A-3524776,Source1,CA,2016,0,0.24568748396413637,1,0,1
A-3010387,Source2,CA,2018,0,0.18511131729866248,1,0,1
A-6935358,Source1,CA,2020,0,0.0773893026994887,0,0,0
A-5290547,Source1,CA,2022,0,0.0781817847179124,0,0,0
A-2243145,Source2,CA,2019,0,0.2731861533518293,1,0,1
A-578383,Source2,TX,2022,1,0.17931930468654994,0,1,0
A-7408689,Source1,CA,2019,0,0.35254474489707854,1,0,1
A-6720906,Source1,TX,2020,0,0.11221654169816467,0,0,0
A-6072392,Source1,CA,2021,0,0.04715762812410266,0,0,0
A-5372695,Source1,CA,2022,0,0.10615231999875682,0,0,0
A-6650144,Source1,CA,2020,0,0.03583542152126895,0,0,0
A-666830,Source2,TX,2022,0,0.04092116518397856,0,0,0
A-3183317,Source2,CA,2017,1,0.08661324189989036,0,1,0
A-7679116,Source1,TX,2017,1,0.22346448431201904,1,0,0
A-2255985,Source2,TX,2019,0,0.3120520387324382,1,0,1
A-5067473,Source1,CA,2022,0,0.10103821144848564,0,0,0
A-1484946,Source2,TX,2020,0,0.16468790860964766,0,0,0
A-1364652,Source2,CA,2020,0,0.17418182306490665,1,0,1
A-2093359,Source2,TX,2019,0,0.05704606526276299,0,0,0
A-6869269,Source1,TX,2020,0,0.1622132082100613,0,0,0
A-1466445,Source2,CA,2020,0,0.18845867311033943,1,0,1
A-5738141,Source1,CA,2021,0,0.08580663784542691,0,0,0
A-7124060,Source1,CA,2020,0,0.19606599690736218,1,0,1
A-6328579,Source1,CA,2021,0,0.04911833686785274,0,0,0
A-4251482,Source1,CA,2022,0,0.12572745960451961,0,0,0
A-385512,Source2,TX,2017,1,0.15932279718902395,0,1,0
A-5258332,Source1,CA,2022,0,0.09684462239861473,0,0,0
A-5035426,Source1,CA,2022,0,0.09200514472118144,0,0,0
A-6501544,Source1,CA,2021,0,0.05134644578125611,0,0,0
A-4860656,Source1,TX,2022,0,0.06618850136039525,0,0,0
A-5619382,Source1,CA,2021,0,0.2705627607948389,1,0,1
A-3190374,Source2,CA,2017,0,0.12200849426975144,0,0,0
A-7404151,Source1,CA,2019,0,0.0528362871760785,0,0,0
A-4224382,Source1,CA,2023,0,0.0516113627922752,0,0,0
A-1163210,Source2,TX,2021,0,0.07665962383000859,0,0,0
A-941681,Source2,TX,2021,1,0.34286991970764624,1,0,0
A-6831224,Source1,CA,2020,0,0.19077509491402972,1,0,1
A-1039921,Source2,CA,2021,0,0.2944621451455468,1,0,1
A-695487,Source3,CA,2022,1,0.27180091249913674,1,0,0
A-5534315,Source1,TX,2021,0,0.17498836996495756,0,0,0
A-2522798,Source2,CA,2018,1,0.32375227541654655,1,0,0
A-4696280,Source1,CA,,0,0.15591423020194528,0,0,0
A-3530709,Source1,CA,2017,1,0.32582887352624473,1,0,0
A-1131954,Source3,CA,2021,0,0.061975729457922554,0,0,0
A-7674135,Source1,CA,2017,0,0.426642523744456,1,0,1
A-4483388,Source1,CA,2022,0,0.1518532879529684,0,0,0
A-274972,Source2,TX,2016,0,0.35830921037084756,1,0,1
A-93205,Source2,CA,2016,0,0.08948022743226172,0,0,0
A-5255756,Source1,CA,2022,0,0.2476613545413716,1,0,1
A-3925976,Source1,CA,,0,0.027036228273771955,0,0,0
A-863995,Source3,CA,2021,0,0.06703172057548742,0,0,0
A-4721843,Source1,CA,2022,0,0.057609930095162486,0,0,0
A-711292,Source2,CA,2022,0,0.07232914770165237,0,0,0
A-7573596,Source1,CA,2018,0,0.2810292480977248,1,0,1
A-7159110,Source1,CA,2020,0,0.11042259743325986,0,0,0
A-7127265,Source1,CA,2020,1,0.3377547661669935,1,0,0
A-1779363,Source3,CA,2019,1,0.15578964305338958,0,1,0
A-450397,Source2,TX,2017,0,0.08747028765203424,0,0,0
A-4966648,Source1,CA,2022,0,0.23049566426230844,1,0,1
A-1831604,Source2,CA,2019,1,0.04749582693477296,0,1,0
A-4128176,Source1,TX,,0,0.021579597434154215,0,0,0
A-6075673,Source1,CA,2021,0,0.1278053474002437,0,0,0
A-7497127,Source1,TX,2018,1,0.4086025704187966,1,0,0
A-1773669,Source2,TX,2019,0,0.17808904018784447,1,0,1
A-1517717,Source3,CA,2020,0,0.2627724951835242,1,0,1
A-2037813,Source2,CA,2019,0,0.14365103070696872,0,0,0
A-1526156,Source2,TX,2020,0,0.050618327833007584,0,0,0
A-1724736,Source2,TX,2019,0,0.06594963741171808,0,0,0
A-3321308,Source2,TX,2017,1,0.18446748524830617,0,1,0
A-1068048,Source2,CA,2021,0,0.2640548880014848,1,0,1
A-3711299,Source1,CA,,0,0.03981709340357934,0,0,0
A-3608150,Source1,CA,2017,0,0.06204196143354057,0,0,0
A-1261896,Source2,CA,2020,0,0.26461477975957465,1,0,1
A-957289,Source2,CA,2021,0,0.24335570219637087,1,0,1
A-1483283,Source3,CA,2020,1,0.102412691125319,0,1,0
A-1378,Source2,CA,2016,0,0.38681620409615736,1,0,1
A-3546935,Source1,CA,2016,1,0.5245226892846336,1,0,0
A-4747568,Source1,CA,2022,0,0.11815255232964077,0,0,0
A-3150599,Source2,CA,2017,1,0.3547556026928392,1,0,0
A-4919028,Source1,TX,2023,0,0.22428510704221855,1,0,1
A-5561116,Source1,CA,2021,0,0.313535358021148,1,0,1
A-2639875,Source2,CA,2018,0,0.2348795289404409,1,0,1
A-7259379,Source1,CA,2020,0,0.09792221962516354,0,0,0
A-70155,Source2,CA,2016,1,0.39199670973837225,1,0,0
A-1159955,Source2,CA,2021,1,0.090620909473663,0,1,0
A-5270,Source2,CA,2016,0,0.10636284829359643,0,0,0
A-1125123,Source2,CA,2021,0,0.23150721643396457,1,0,1
A-1933386,Source2,TX,2019,0,0.15013362176249634,0,0,0
A-991793,Source2,TX,2021,1,0.20369968269014138,1,0,0
A-5629780,Source1,CA,2021,0,0.08878613042506066,0,0,0
A-5108736,Source1,TX,2022,0,0.09817176356811709,0,0,0
A-5604989,Source1,CA,2021,0,0.12979677678670173,0,0,0
A-6492495,Source1,CA,2021,0,0.05168232742734384,0,0,0
A-6794033,Source1,TX,2020,0,0.04992233465332147,0,0,0
A-6620502,Source1,TX,2020,0,0.1339303856027818,0,0,0
A-4467844,Source1,CA,2023,0,0.2903855389985502,1,0,1
A-5100490,Source1,TX,2022,0,0.13197277083963618,0,0,0
A-278350,Source2,TX,2016,0,0.08995008732443623,0,0,0
A-4649956,Source1,TX,2022,1,0.08544973371370593,0,1,0
A-3679508,Source1,CA,2023,0,0.10824953994560733,0,0,0
A-4761442,Source1,CA,2022,0,0.09136620054031172,0,0,0
A-903984,Source2,TX,2021,1,0.15010823656636182,0,1,0
A-7230405,Source1,CA,2020,0,0.042166528143329815,0,0,0
A-6207934,Source1,TX,2021,0,0.050922258526967065,0,0,0
A-5912286,Source1,CA,2021,0,0.14262905356132347,0,0,0
A-6544085,Source1,CA,,0,0.05093597828812765,0,0,0
A-2124340,Source2,CA,2019,0,0.14799000547154742,0,0,0
A-1606914,Source2,CA,2020,1,0.08313858920942632,0,1,0
A-1378870,Source2,TX,2020,0,0.13812427228562135,0,0,0
A-2341665,Source2,CA,2019,0,0.3273535576008712,1,0,1
A-7238341,Source1,CA,2020,0,0.07965049074472944,0,0,0
A-279327,Source2,TX,2016,1,0.37902045956606817,1,0,0
A-5908623,Source1,CA,2021,0,0.10356190947454694,0,0,0
A-6021396,Source1,CA,2021,0,0.09369726471555131,0,0,0
A-1122379,Source2,CA,2021,0,0.07554781534612184,0,0,0
A-661710,Source3,CA,2022,1,0.14103502359173087,0,1,0
A-975773,Source2,CA,2021,0,0.11652576960053043,0,0,0
A-6108069,Source1,CA,,0,0.036881107080585965,0,0,0
A-7299481,Source1,CA,2019,0,0.13710867770621,0,0,0
A-5309515,Source1,CA,2022,0,0.26461477975957465,1,0,1
A-2816475,Source2,CA,2018,0,0.17322083353444578,1,0,1
A-1670055,Source3,CA,2020,1,0.21239384190910365,1,0,0
A-2331718,Source2,TX,2019,0,0.08077272307314129,0,0,0
A-2935963,Source2,TX,2018,0,0.07469300226736363,0,0,0
A-4369194,Source1,CA,,0,0.06025001863280739,0,0,0
A-4242275,Source1,CA,2022,0,0.29032270157392287,1,0,1
A-3315394,Source2,TX,2017,0,0.2713120657478787,1,0,1
A-1687320,Source2,CA,2019,0,0.15540336833377547,0,0,0
A-7159785,Source1,CA,2020,0,0.24296759686433603,1,0,1
A-68229,Source2,CA,2016,1,0.3879756684781402,1,0,0
A-5735818,Source1,CA,2021,0,0.09426987426740688,0,0,0
A-3829193,Source1,CA,2022,0,0.15870283538010554,0,0,0
A-3073629,Source2,TX,2018,0,0.06393932553356074,0,0,0
A-3932342,Source1,CA,2022,0,0.08292653432840404,0,0,0
A-304243,Source2,TX,2016,0,0.3626546494393122,1,0,1
A-1265373,Source2,CA,2020,0,0.26420006691410525,1,0,1
A-7222817,Source1,CA,2020,0,0.08308636059177735,0,0,0
A-3636721,Source1,CA,2017,0,0.4079608699371181,1,0,1
A-5316565,Source1,TX,2022,0,0.1310584516222471,0,0,0
A-5243619,Source1,CA,2022,0,0.24447794332759548,1,0,1
A-997265,Source2,CA,2021,0,0.1229961648418775,0,0,0
A-462147,Source2,CA,2017,0,0.33485437128672585,1,0,1
A-7415244,Source1,CA,2019,0,0.3300198965208347,1,0,1
A-4238352,Source1,CA,2023,0,0.06491052632219815,0,0,0
A-1604672,Source2,CA,2020,0,0.12660110437441163,0,0,0
A-7673558,Source1,TX,2017,1,0.31748792929849995,1,0,0
A-484236,Source2,TX,2017,0,0.3685332373612848,1,0,1
A-5293725,Source1,CA,2022,0,0.226227997825527,1,0,1
A-2289259,Source2,CA,2019,0,0.1288772935929655,0,0,0
A-284699,Source2,TX,2016,0,0.06829940550976775,0,0,0
A-6766056,Source1,CA,2020,0,0.07188185788172113,0,0,0
A-5737271,Source1,CA,2021,0,0.07960607986513332,0,0,0
A-4846496,Source1,CA,2022,0,0.28556149578794604,1,0,1
A-4333308,Source1,CA,2023,0,0.06728543928767458,0,0,0
A-38383,Source2,CA,2016,0,0.05901989429629406,0,0,0
A-2122239,Source2,TX,2019,0,0.05343249942032104,0,0,0
A-344857,Source2,CA,2017,1,0.4128486684826108,1,0,0
A-7539495,Source1,CA,2018,1,0.3020722850935049,1,0,0
A-1611615,Source3,CA,2020,1,0.07822120750937914,0,1,0
A-1529276,Source3,CA,2020,1,0.10546244627700027,0,1,0
A-5515619,Source1,CA,2021,0,0.0459464858372543,0,0,0
A-1849507,Source2,CA,2019,0,0.031409542448415276,0,0,0
A-3273345,Source2,CA,2017,0,0.36705054986039604,1,0,1
A-5505138,Source1,CA,2021,0,0.28041638981063677,1,0,1
A-7654715,Source1,TX,2017,1,0.3387482882289602,1,0,0
A-4915532,Source1,TX,,0,0.09767455596487612,0,0,0
A-5014134,Source1,CA,2022,0,0.28400741640589,1,0,1
A-303527,Source2,TX,2016,0,0.2982817311470149,1,0,1
A-5791179,Source1,TX,2021,0,0.4774386097069689,1,0,1
A-408664,Source2,CA,2017,1,0.147640880646335,0,1,0
A-4566885,Source1,TX,2022,0,0.2486107312564978,1,0,1
A-6957148,Source1,CA,2020,0,0.05567011720264052,0,0,0
A-5379630,Source1,CA,2022,0,0.15560207991082292,0,0,0
A-2572232,Source2,CA,2018,1,0.313719682337376,1,0,0
A-7399345,Source1,CA,2019,0,0.29666834868038044,1,0,1
A-7766428,Source1,CA,2019,0,0.2748479295581506,1,0,1
A-5720234,Source1,CA,2021,0,0.08242488848197929,0,0,0
A-3334162,Source2,TX,2017,0,0.26167147806181346,1,0,1
A-3004131,Source2,TX,2018,1,0.13892036343749084,0,1,0
A-6606575,Source1,CA,2020,0,0.06392915018168063,0,0,0
A-7571534,Source1,CA,2018,0,0.17922349412410038,0,0,0
A-3965433,Source1,CA,2022,0,0.10242729078694061,0,0,0
A-4299866,Source1,CA,2022,0,0.16452846241933142,0,0,0
A-950083,Source2,CA,2021,0,0.26515580940639666,1,0,1
A-6726213,Source1,CA,2020,0,0.0631107754196507,0,0,0
A-3079795,Source2,CA,2018,1,0.25676479689717085,1,0,0
A-6290679,Source1,CA,2021,0,0.12330360438883722,0,0,0
A-5380661,Source1,CA,2022,0,0.07499512833356184,0,0,0
A-1509616,Source3,CA,2020,1,0.13476462018532862,0,1,0
A-6953850,Source1,CA,2020,0,0.06094063749497332,0,0,0
A-3943229,Source1,CA,,0,0.20776388055647713,1,0,1
A-2732073,Source2,TX,2018,0,0.17807872594650592,1,0,1
A-6000413,Source1,TX,2021,0,0.18379695592534295,1,0,1
A-5840270,Source1,CA,2021,0,0.06955517530103364,0,0,0
A-1834175,Source2,CA,2019,0,0.13010410890630494,0,0,0
A-6657132,Source1,CA,2020,0,0.1436434235592163,0,0,0
A-3424978,Source1,TX,2016,0,0.25381477998891727,1,0,1
A-1768477,Source2,CA,2019,1,0.05904766692504197,0,1,0
A-5070845,Source1,CA,2023,0,0.04979307830775655,0,0,0
A-5030401,Source1,CA,,0,0.08139774609557117,0,0,0
A-3420280,Source1,CA,2016,1,0.3579714573327541,1,0,0
A-6317594,Source1,TX,2021,0,0.1617455347330699,0,0,0
A-1633690,Source2,TX,2020,1,0.11994837570336417,0,1,0
A-7111301,Source1,CA,2020,0,0.28174792152236494,1,0,1
A-1235184,Source2,TX,2020,0,0.06878981082749763,0,0,0
A-4345822,Source1,CA,2022,0,0.10178683911857585,0,0,0
A-2701626,Source2,CA,2018,0,0.07488452261578096,0,0,0
A-263206,Source2,TX,2016,0,0.05653717068169173,0,0,0
A-3638154,Source1,CA,2017,1,0.24178615128480865,1,0,0
A-4200229,Source1,CA,2023,0,0.17835146133377588,1,0,1
A-7336125,Source1,CA,2019,0,0.19844624565581742,1,0,1
A-6814008,Source1,CA,2020,0,0.059154559248445794,0,0,0
A-3611397,Source1,TX,2017,0,0.30023930265908866,1,0,1
A-1202590,Source2,CA,2021,0,0.05384366472846015,0,0,0
A-81119,Source2,CA,2016,1,0.06987629733968588,0,1,0
A-5964018,Source1,CA,2021,0,0.1748017541074634,0,0,0
A-4895603,Source1,TX,2022,0,0.1734433516189296,0,0,0
A-7219546,Source1,CA,2020,0,0.03202537111891605,0,0,0
A-56502,Source2,CA,2016,0,0.37608088031096043,1,0,1
A-6413527,Source1,CA,2021,0,0.10358745615955627,0,0,0
A-1502818,Source2,TX,2020,0,0.34627358559548044,1,0,1
A-7281913,Source1,CA,2020,1,0.04858154469194244,0,1,0
A-6519030,Source1,CA,2021,0,0.04155846687240947,0,0,0
A-5705826,Source1,CA,,0,0.042067570274768575,0,0,0
A-4710210,Source1,CA,2022,0,0.1628532546399816,0,0,0
A-3034885,Source2,TX,2018,0,0.230616276154843,1,0,1
A-6335156,Source1,CA,2021,0,0.16351622470430247,0,0,0
A-6770720,Source1,CA,2020,0,0.04304753983070657,0,0,0
A-6420882,Source1,TX,2021,0,0.3214168591548501,1,0,1
A-2493641,Source2,CA,2018,0,0.15395843081557994,0,0,0
A-7395583,Source1,CA,2019,0,0.24949848243010292,1,0,1
A-7184947,Source1,CA,2020,0,0.15194668880936546,0,0,0
A-1013871,Source2,CA,2021,0,0.08737551791886984,0,0,0
A-7384925,Source1,CA,2019,0,0.055526787157154825,0,0,0
A-335305,Source2,TX,2017,0,0.07630876322286285,0,0,0
A-6554892,Source1,CA,2021,0,0.07782765796405687,0,0,0
A-3924260,Source1,CA,,0,0.022717467902861062,0,0,0
A-2134033,Source2,TX,2019,0,0.2642178291391198,1,0,1
A-2929987,Source2,TX,2018,1,0.1576845109992545,0,1,0
A-5495843,Source1,CA,2021,0,0.06997805176921815,0,0,0
A-6921833,Source1,CA,2020,0,0.06608527462460785,0,0,0
A-31956,Source2,CA,2016,0,0.062275836820911444,0,0,0
A-517208,Source2,CA,2022,0,0.11624003224440912,0,0,0
A-3907521,Source1,CA,2022,0,0.11866461942188684,0,0,0
A-305727,Source2,TX,2016,0,0.38583066791480175,1,0,1
A-2191150,Source2,TX,2019,0,0.04799327855791172,0,0,0
A-4933683,Source1,CA,2022,0,0.2030563485449274,1,0,1
A-3890815,Source1,CA,,0,0.16551018928887382,1,0,1
A-1389216,Source2,CA,2020,0,0.1731946961025455,0,0,0
A-6400804,Source1,CA,2021,0,0.09281956651007096,0,0,0
A-5641731,Source1,TX,2021,0,0.12225051863370426,0,0,0
A-4368000,Source1,CA,,0,0.0840343063308496,0,0,0
A-4557056,Source1,TX,,0,0.03638960087098342,0,0,0
A-2184427,Source2,CA,2019,1,0.08155969529291406,0,1,0
A-460798,Source2,CA,2017,1,0.42705661622953867,1,0,0
A-3796738,Source1,CA,2022,0,0.15038544983595503,0,0,0
A-647459,Source2,CA,2022,0,0.35087525901272965,1,0,1
A-286901,Source2,TX,2016,1,0.34435083173748643,1,0,0
A-4117139,Source1,CA,,0,0.13969415963123843,0,0,0
A-1860369,Source2,CA,2019,1,0.08307282087472675,0,1,0
A-21834,Source2,CA,2016,1,0.4408217263061676,1,0,0
A-28447,Source2,CA,2016,0,0.3629705622002363,1,0,1
A-5558556,Source1,CA,,0,0.032984446029481765,0,0,0
A-5972356,Source1,CA,2021,0,0.22709882412613203,1,0,1
A-5248106,Source1,CA,,0,0.0415202042005106,0,0,0
A-5904262,Source1,TX,2021,0,0.17216350275152853,0,0,0
A-3385039,Source2,CA,2017,0,0.47209977638124573,1,0,1
A-5691226,Source1,TX,2021,0,0.14581287479164104,0,0,0
A-7036782,Source1,CA,2020,0,0.07623458896554017,0,0,0
A-5127815,Source1,CA,,0,0.02327380913705317,0,0,0
A-5677348,Source1,TX,2021,0,0.23564302506292592,1,0,1
A-458768,Source2,CA,2017,1,0.3773603219163203,1,0,0
A-6376551,Source1,CA,2021,0,0.12945142584198716,0,0,0
A-1483705,Source2,CA,2020,0,0.17186052326247478,0,0,0
A-6189980,Source1,CA,,0,0.08226310053786233,0,0,0
A-6991660,Source1,CA,2020,1,0.1981204824319747,1,0,0
A-4138968,Source1,CA,2022,0,0.1654012326129038,0,0,0
A-450316,Source2,TX,2017,0,0.04808665694039348,0,0,0
A-6851517,Source1,TX,2020,0,0.10508386498739213,0,0,0
A-2737840,Source2,CA,2018,0,0.3857165440908535,1,0,1
A-6820097,Source1,CA,2020,0,0.05688667739109691,0,0,0
A-4238455,Source1,CA,2022,0,0.29423520650810786,1,0,1
A-3647982,Source1,CA,2017,1,0.47404872315534086,1,0,0
A-497708,Source2,CA,2017,1,0.4112009683849157,1,0,0
A-6335439,Source1,CA,2021,0,0.129757362882937,0,0,0
A-7682420,Source1,CA,2017,0,0.29826028285036604,1,0,1
A-1899122,Source3,CA,2019,0,0.3265797663369803,1,0,1
A-1808945,Source2,CA,2019,0,0.04931295254904544,0,0,0
A-984723,Source2,TX,2021,0,0.1369224772406657,0,0,0
A-5299985,Source1,TX,2022,0,0.03430346660212732,0,0,0
A-5658414,Source1,CA,2021,0,0.13505337267889778,0,0,0
A-3804134,Source1,CA,2023,0,0.05517041941832157,0,0,0
A-98856,Source2,CA,2016,1,0.35119872259196805,1,0,0
A-2727049,Source2,CA,2018,1,0.3755331152440454,1,0,0
A-3205183,Source2,TX,2017,0,0.350942121238148,1,0,1
A-7416739,Source1,CA,2019,0,0.1436972097089975,0,0,0
A-1994055,Source2,CA,2019,0,0.13917663836149358,0,0,0
A-5355483,Source1,CA,2022,0,0.046551440693654314,0,0,0
A-4700236,Source1,CA,,0,0.1372955907049703,0,0,0
A-3861630,Source1,CA,2022,0,0.07180600474508145,0,0,0
A-4362117,Source1,CA,2022,0,0.02752702057560335,0,0,0
A-5334604,Source1,TX,2022,0,0.12237821152064488,0,0,0
A-94732,Source2,CA,2016,0,0.3529128471304127,1,0,1
A-4313149,Source1,CA,2022,0,0.2669872986692604,1,0,1
A-5159787,Source1,CA,2022,0,0.10662156962497352,0,0,0
A-83554,Source2,CA,2016,1,0.41472128092485444,1,0,0
A-4110924,Source1,CA,2023,0,0.06702507046885012,0,0,0
A-3565016,Source1,CA,2017,0,0.36611202904983936,1,0,1
A-486224,Source2,TX,2017,0,0.37448873810127725,1,0,1
A-2005589,Source2,TX,2019,0,0.1316241336512361,0,0,0
A-4416904,Source1,TX,2022,0,0.29729917420179885,1,0,1
A-930369,Source2,CA,2021,1,0.1020224281780842,0,1,0
A-5544379,Source1,CA,2021,0,0.06314428512892648,0,0,0
A-94385,Source2,CA,2016,0,0.34209305863813144,1,0,1
A-3903498,Source1,TX,2023,0,0.13997129730707336,0,0,0
A-5629495,Source1,CA,2021,0,0.28090975675459495,1,0,1
A-5495458,Source1,TX,2021,0,0.06249372854655246,0,0,0
A-6657537,Source1,CA,2020,0,0.0489461805406765,0,0,0
A-2517114,Source2,CA,2018,0,0.5000483814852211,1,0,1
A-7106047,Source1,CA,2020,0,0.2447475967055414,1,0,1
A-4042596,Source1,CA,2022,0,0.09029688106852883,0,0,0
A-6737957,Source1,CA,2020,0,0.15225735678118194,0,0,0
A-813957,Source2,CA,2021,1,0.11604125457018896,0,1,0
A-495949,Source2,CA,2017,1,0.4306505379369283,1,0,0
A-6144554,Source1,CA,2021,0,0.1851268036301486,1,0,1
A-6724714,Source1,TX,2020,0,0.3556986070084435,1,0,1
A-7612959,Source1,TX,2018,0,0.24336112095757656,1,0,1
A-5220478,Source1,TX,2022,0,0.06715487240610585,0,0,0
A-2037577,Source2,CA,2019,0,0.1398018963614523,0,0,0
A-5915832,Source1,CA,2021,0,0.1528488166546405,0,0,0
A-4554123,Source1,CA,,0,0.047569006121603516,0,0,0
A-847998,Source2,TX,2021,0,0.12338807556289659,0,0,0
A-7389089,Source1,CA,2019,0,0.25327682711174776,1,0,1
A-2205522,Source2,CA,2019,1,0.31781900961332,1,0,0
A-5496412,Source1,CA,2021,0,0.11376479961117322,0,0,0
A-1624579,Source2,TX,2020,0,0.04482328035310744,0,0,0
A-4189646,Source1,CA,2022,0,0.14368765391463734,0,0,0
A-950115,Source2,CA,2021,0,0.13990690909623443,0,0,0
A-3435902,Source1,TX,2016,0,0.2413211412143176,1,0,1
A-4095436,Source1,CA,,0,0.0296729544566172,0,0,0
A-7046871,Source1,CA,2020,1,0.06082287449688464,0,1,0
A-1962538,Source2,TX,2019,0,0.14605616122665033,0,0,0
A-5582899,Source1,CA,2021,0,0.2595117755364289,1,0,1
A-947619,Source2,TX,2021,1,0.13518026396661398,0,1,0
A-3943427,Source1,TX,,0,0.0853871651435463,0,0,0
A-1424305,Source2,TX,2020,0,0.33122891629251955,1,0,1
A-4370,Source2,CA,2016,1,0.21051979779007413,1,0,0
A-489942,Source2,TX,2017,1,0.18270783569584265,0,1,0
A-1592644,Source2,CA,2020,1,0.1493979972351836,0,1,0
A-81193,Source2,CA,2016,1,0.09672382290689803,0,1,0
A-7337869,Source1,CA,2019,0,0.1438121536682468,0,0,0
A-3658754,Source1,TX,2023,0,0.05464256754989022,0,0,0
A-1589700,Source2,TX,2020,0,0.3413985583360333,1,0,1
A-2909896,Source2,CA,2018,1,0.36846690945715527,1,0,0
A-397154,Source2,CA,2017,0,0.17030466924713955,0,0,0
A-6354402,Source1,CA,2021,0,0.061696568468524594,0,0,0
A-2010199,Source2,TX,2019,0,0.1479128277941131,0,0,0
A-1673770,Source2,TX,2020,1,0.0360134665385273,0,1,0
A-4351049,Source1,CA,2022,0,0.2911652412408257,1,0,1
A-4056851,Source1,CA,2022,0,0.07341517955552233,0,0,0
A-5689792,Source1,CA,2021,0,0.11316601473430583,0,0,0
A-6394435,Source1,CA,2021,0,0.29353677163180164,1,0,1
A-5381204,Source1,CA,2022,0,0.2825711153798244,1,0,1
A-90150,Source2,CA,2016,0,0.2398050593632008,1,0,1
A-7114816,Source1,CA,2020,0,0.044348438747594573,0,0,0
A-3214753,Source2,TX,2017,0,0.14614548732713972,0,0,0
A-348170,Source2,CA,2017,1,0.169424811700712,0,1,0
A-3327385,Source2,TX,2017,0,0.34780938059072364,1,0,1
A-1480743,Source2,TX,2020,0,0.06152744197049671,0,0,0
A-6027705,Source1,CA,2021,0,0.07457489830604595,0,0,0
A-487168,Source2,TX,2017,0,0.051658201634247225,0,0,0
A-5500866,Source1,CA,2021,0,0.16713564332745934,0,0,0
A-1946138,Source2,CA,2019,1,0.10367868436110264,0,1,0
A-2244576,Source2,TX,2019,1,0.3076964383709849,1,0,0
A-7067041,Source1,CA,2020,0,0.07411269812039813,0,0,0
A-6347624,Source1,TX,2021,0,0.03543808157436305,0,0,0
A-6786175,Source1,CA,,0,0.043614762818896445,0,0,0
A-794243,Source2,CA,2021,1,0.1822045649933503,0,1,0
A-6285917,Source1,CA,2021,0,0.06470472958528156,0,0,0
A-5751825,Source1,CA,2021,0,0.18993882062093487,1,0,1
A-4210977,Source1,TX,2022,0,0.2513861592805276,1,0,1
A-2018809,Source2,CA,2019,1,0.2907087046492719,1,0,0
A-7335702,Source1,CA,2019,0,0.025306898703648384,0,0,0
A-22937,Source2,CA,2016,0,0.07813431740339913,0,0,0
A-4150480,Source1,TX,2022,0,0.1504324299792484,0,0,0
A-5100631,Source1,CA,2022,0,0.04769067787074913,0,0,0
A-4551736,Source1,TX,2022,0,0.19327749350712634,1,0,1
A-1438437,Source2,TX,2020,1,0.19435688920619618,1,0,0
A-2833349,Source2,TX,2018,1,0.23555421205532517,1,0,0
A-7373766,Source1,CA,2019,0,0.10755936716690633,0,0,0
A-56506,Source2,CA,2016,0,0.24861191541250705,1,0,1
A-429632,Source2,TX,2017,0,0.1649595465938703,0,0,0
A-2759981,Source2,CA,2018,1,0.290436233723952,1,0,0
A-4517963,Source1,TX,2022,0,0.07897983278566956,0,0,0
A-6286329,Source1,CA,2021,0,0.22810443598871713,1,0,1
A-7435062,Source1,CA,2019,0,0.3102805926617042,1,0,1
A-1868969,Source3,CA,2019,0,0.11688952368535584,0,0,0
A-3223765,Source2,TX,2017,0,0.3702273993956708,1,0,1
A-1254015,Source2,CA,2020,1,0.0442879318495901,0,1,0
A-2209691,Source2,TX,2019,1,0.3061814309728647,1,0,0
A-277034,Source2,TX,2016,1,0.4284651898883989,1,0,0
A-458400,Source2,CA,2017,1,0.36606897555833784,1,0,0
A-4413258,Source1,CA,2022,0,0.09033223889716571,0,0,0
A-2056906,Source2,CA,2019,0,0.02571236573189638,0,0,0
A-1716059,Source3,CA,2019,1,0.058054442193332015,0,1,0
A-3418803,Source1,CA,2016,0,0.34081675386633814,1,0,1
A-3145774,Source2,CA,2017,0,0.26045689491288576,1,0,1
A-6172138,Source1,CA,2021,0,0.28297743892935223,1,0,1
A-48269,Source2,CA,2016,0,0.3294222511071007,1,0,1
A-2036871,Source2,TX,2019,0,0.23130889670013724,1,0,1
A-612756,Source3,CA,2022,0,0.1620099154379174,0,0,0
A-7348307,Source1,CA,2019,0,0.3104185378303542,1,0,1
A-5505384,Source1,TX,2021,0,0.0804512199570964,0,0,0
A-817546,Source2,CA,2021,0,0.1275504389428518,0,0,0
A-2773460,Source2,CA,2018,0,0.2782285651666008,1,0,1
A-7054170,Source1,CA,2020,0,0.11435716450799605,0,0,0
A-85664,Source2,CA,2016,0,0.4127927973590305,1,0,1
A-7192108,Source1,CA,2020,0,0.08325320561038833,0,0,0
A-4403272,Source1,CA,,0,0.02590531542029086,0,0,0
A-2713580,Source2,CA,2018,0,0.27174196937445433,1,0,1
A-7239913,Source1,CA,2020,0,0.2826964449803556,1,0,1
A-3543139,Source1,CA,2016,1,0.39310379521337835,1,0,0
A-7531559,Source1,CA,2018,1,0.3870979635811625,1,0,0
A-5432874,Source1,CA,,0,0.22238072338612463,1,0,1
A-6032319,Source1,CA,2021,0,0.09519051742015652,0,0,0
A-6336733,Source1,CA,2021,0,0.2775333154112086,1,0,1
A-4464535,Source1,CA,2022,0,0.30286649078649514,1,0,1
A-6130640,Source1,CA,2021,0,0.07456147128753805,0,0,0
A-7680115,Source1,TX,2017,0,0.34930616632709083,1,0,1
A-5537911,Source1,TX,2021,0,0.3142901617963314,1,0,1
A-5436175,Source1,CA,,0,0.06538550743256547,0,0,0
A-2088351,Source2,TX,2019,0,0.11462669435033493,0,0,0
A-4820977,Source1,CA,2022,0,0.23161734372633108,1,0,1
A-4584105,Source1,TX,,0,0.07974301343361927,0,0,0
A-7533659,Source1,CA,2018,1,0.1498126885853312,0,1,0
A-1048782,Source2,TX,2021,1,0.09340979551206645,0,1,0
A-6689186,Source1,CA,2020,0,0.16632226177506068,1,0,1
A-6682856,Source1,TX,2020,0,0.06484935269409495,0,0,0
A-1055239,Source2,CA,2021,1,0.15787197507868386,0,1,0
A-4322043,Source1,CA,2022,0,0.08321156123444674,0,0,0
A-1425116,Source2,TX,2020,1,0.10947843656340525,0,1,0
A-1473200,Source2,TX,2020,0,0.08358918422659466,0,0,0
A-277333,Source2,TX,2016,1,0.4397754636265506,1,0,0
A-3529750,Source1,CA,2017,0,0.38968462921236136,1,0,1
A-7219733,Source1,CA,2020,0,0.08133370846341818,0,0,0
A-4713157,Source1,CA,,0,0.06339091775714208,0,0,0
A-3318679,Source2,TX,2017,1,0.16688460638295696,1,0,0
A-2517091,Source2,CA,2018,1,0.40302895091057706,1,0,0
A-4410046,Source1,CA,2022,0,0.21979034264587677,1,0,1
A-7240293,Source1,CA,2020,0,0.1356028501578378,0,0,0
A-4063639,Source1,CA,,0,0.0460572727825127,0,0,0
A-1665175,Source2,TX,2020,1,0.19245798480398493,1,0,0
A-351632,Source2,CA,2017,0,0.36691277852901105,1,0,1
A-7121027,Source1,CA,2020,0,0.0369083810949877,0,0,0
A-2200546,Source2,CA,2019,1,0.30175449309377284,1,0,0
A-491700,Source2,CA,2017,1,0.3477714054438517,1,0,0
A-4329672,Source1,TX,2023,0,0.09694882980078584,0,0,0
A-6973057,Source1,CA,2020,0,0.0752939311177919,0,0,0
A-3769094,Source1,CA,2022,0,0.21766060701849863,1,0,1
A-4301583,Source1,CA,2022,0,0.08857520169771962,0,0,0
A-3914723,Source1,CA,2022,0,0.25391047391974747,1,0,1
A-3367103,Source2,TX,2017,0,0.19827536739385637,1,0,1
A-1097369,Source2,TX,2021,0,0.055872606513858905,0,0,0
A-3620307,Source1,CA,2017,0,0.1992982881594408,1,0,1
A-2419839,Source2,TX,2018,0,0.2876858683144111,1,0,1
A-1759211,Source3,CA,2019,0,0.06337072031092883,0,0,0
A-875193,Source2,CA,2021,0,0.278075727981066,1,0,1
A-6987699,Source1,CA,2020,0,0.08649572578811726,0,0,0
A-6856427,Source1,CA,2020,0,0.09802596309452122,0,0,0
A-3795768,Source1,CA,2022,0,0.1154011655496084,0,0,0
A-6550691,Source1,CA,2021,0,0.08891590579763724,0,0,0
A-3620404,Source1,CA,2017,0,0.31975113786733667,1,0,1
A-704560,Source2,CA,2022,1,0.23386767261871175,1,0,0
A-2801090,Source2,TX,2018,0,0.24655004447796564,1,0,1
A-3413768,Source1,CA,2016,0,0.3225013786674874,1,0,1
A-7411013,Source1,CA,2019,0,0.05452525087352551,0,0,0
A-7285900,Source1,CA,2019,0,0.22437748884964712,1,0,1
A-434359,Source2,TX,2017,0,0.12114733678756821,0,0,0
A-4681646,Source1,CA,,0,0.025075293920692333,0,0,0
A-7325915,Source1,CA,2019,0,0.13862272630152483,0,0,0
A-4955882,Source1,CA,2023,0,0.059533423212637424,0,0,0
A-1309392,Source2,TX,2020,0,0.2748703110379477,1,0,1
A-3190552,Source2,CA,2017,0,0.2962729162241514,1,0,1
A-5380608,Source1,CA,2022,0,0.04210855533413307,0,0,0
A-7029463,Source1,CA,2020,0,0.2740269455981286,1,0,1
A-7009003,Source1,CA,2020,0,0.07771804316215546,0,0,0
A-4383805,Source1,CA,2022,0,0.2787666598286028,1,0,1
A-4119344,Source1,CA,,0,0.02872788590450087,0,0,0
A-2891381,Source2,TX,2018,0,0.15983098163115766,0,0,0
A-3181100,Source2,CA,2017,1,0.46134270601457655,1,0,0
A-4435369,Source1,TX,2023,0,0.07530344352541152,0,0,0
A-4106511,Source1,CA,2022,0,0.05565020310933479,0,0,0
A-1347285,Source2,TX,2020,1,0.13590555810138874,0,1,0
A-4365652,Source1,CA,,0,0.04815164989524328,0,0,0
A-7210254,Source1,CA,2020,0,0.06115549773350657,0,0,0
A-7296258,Source1,CA,2019,0,0.16950962572139766,1,0,1
A-7149883,Source1,CA,2020,0,0.1542492086985276,0,0,0
A-5544917,Source1,CA,2021,0,0.13119252871519152,0,0,0
A-107311,Source2,CA,2016,0,0.43011006914093547,1,0,1
A-302965,Source2,TX,2016,1,0.2421396350257361,1,0,0
A-484569,Source2,TX,2017,0,0.04073632794958047,0,0,0
A-5281188,Source1,CA,2022,0,0.21990655105704698,1,0,1
A-4123178,Source1,TX,2022,0,0.1194135954631808,0,0,0
A-4290909,Source1,CA,,0,0.07139184858332379,0,0,0
A-81773,Source2,CA,2016,1,0.29283389004893723,1,0,0
A-5140958,Source1,CA,,0,0.025610771505263967,0,0,0
A-1229206,Source2,CA,2020,0,0.19805825666966864,1,0,1
A-7541660,Source1,CA,2018,0,0.3679220412315038,1,0,1
A-2943418,Source2,CA,2018,0,0.14391137406831975,0,0,0
A-6960041,Source1,CA,2020,0,0.08539037179039395,0,0,0
A-2222816,Source2,CA,2019,0,0.41843940818444203,1,0,1
A-5048412,Source1,CA,2022,0,0.29922017077730906,1,0,1
A-7386572,Source1,CA,2019,0,0.14927240884082985,0,0,0
A-6663876,Source1,CA,2020,0,0.08231329280349711,0,0,0
A-1136535,Source2,CA,2021,1,0.1446388227666267,0,1,0
A-4656724,Source1,CA,2022,0,0.28619859318927554,1,0,1
A-5046166,Source1,CA,2023,0,0.24854959600327584,1,0,1
A-1953677,Source2,CA,2019,1,0.33993367929410234,1,0,0
A-4372574,Source1,CA,2022,0,0.13437214913612164,0,0,0
A-712034,Source2,TX,2022,1,0.11350507063859223,0,1,0
A-5787834,Source1,TX,2021,0,0.140465130741096,0,0,0
A-4528476,Source1,CA,,0,0.1610869157324895,0,0,0
A-97030,Source2,CA,2016,1,0.46973787366394426,1,0,0
A-2200442,Source2,CA,2019,0,0.33066928686092856,1,0,1
A-3244948,Source3,CA,2017,0,0.12752125001428297,0,0,0
A-2091254,Source2,TX,2019,0,0.051398975085959794,0,0,0
A-3381086,Source2,TX,2017,0,0.3135752151838692,1,0,1
A-3303491,Source2,CA,2017,0,0.32076645140873883,1,0,1
A-1261828,Source2,CA,2020,0,0.3148324830670234,1,0,1
A-7329436,Source1,CA,2019,0,0.0703177867769674,0,0,0
A-5990917,Source1,CA,2021,0,0.1802074634439046,0,0,0
A-7231376,Source1,CA,2020,0,0.046658836496817346,0,0,0
A-2271403,Source2,TX,2019,0,0.1880881722922748,1,0,1
A-4848480,Source1,CA,,0,0.03180798884235525,0,0,0
A-5972197,Source1,CA,2021,0,0.06268302305797263,0,0,0
A-54332,Source2,CA,2016,0,0.3746115607487394,1,0,1
A-2565691,Source2,CA,2018,0,0.3866290980672338,1,0,1
A-5139002,Source1,CA,,0,0.045113992798290044,0,0,0
A-4059673,Source1,CA,2022,0,0.07353545984669049,0,0,0
A-385359,Source2,TX,2017,1,0.3401298101581006,1,0,0
A-5042434,Source1,CA,2022,0,0.1545753574586603,0,0,0
A-7402057,Source1,CA,2019,0,0.09367681131623105,0,0,0
A-3587927,Source1,CA,2017,0,0.1201033107593297,0,0,0
A-7086027,Source1,TX,2020,0,0.07265133592938586,0,0,0
A-5642071,Source1,CA,2021,0,0.032332884531251674,0,0,0
A-3941539,Source1,CA,2022,0,0.08954119041605972,0,0,0
A-7156843,Source1,CA,2020,0,0.13317375378078972,0,0,0
A-2101267,Source2,TX,2019,0,0.22091925595211825,1,0,1
A-4891417,Source1,CA,2023,0,0.06245925356217265,0,0,0
A-6665989,Source1,CA,2020,0,0.11161959658786347,0,0,0
A-1732132,Source3,CA,2019,0,0.15112592984582618,0,0,0
A-4680386,Source1,TX,2022,0,0.06452956213996805,0,0,0
A-7184884,Source1,CA,2020,0,0.05636078969270571,0,0,0
A-7135420,Source1,CA,2020,0,0.08753316079870405,0,0,0
A-2467646,Source2,CA,2018,0,0.2784099649999093,1,0,1
A-265353,Source2,TX,2016,0,0.2551807376469081,1,0,1
A-4311194,Source1,TX,2022,0,0.07428404292232527,0,0,0
A-6580180,Source1,CA,2020,0,0.03890850698654025,0,0,0
A-2984328,Source2,TX,2018,0,0.3024416276304832,1,0,1
A-7370236,Source1,CA,2019,0,0.07272136824136508,0,0,0
A-5856303,Source1,CA,2021,0,0.12503372466011675,0,0,0
A-6590,Source2,CA,2016,0,0.35107597629796666,1,0,1
A-5649642,Source1,CA,2021,0,0.06619629907237909,0,0,0
A-7309319,Source1,CA,2019,0,0.06997266823006046,0,0,0
A-6926084,Source1,CA,2020,0,0.03505109816597603,0,0,0
A-5302858,Source1,CA,2022,0,0.211857665262211,1,0,1
A-4401717,Source1,CA,,0,0.04022460628321029,0,0,0
A-6096038,Source1,CA,2021,0,0.07235785762350269,0,0,0
A-7240000,Source1,CA,2020,0,0.28944292181079306,1,0,1
A-4826907,Source1,CA,,0,0.07408953728533188,0,0,0
A-5006959,Source1,CA,,0,0.02493781026711946,0,0,0
A-7244249,Source1,CA,2020,0,0.0738768406735452,0,0,0
A-1812246,Source2,TX,2019,0,0.19395715344996636,1,0,1
A-1213686,Source2,CA,2020,1,0.08594411650987711,0,1,0
A-1063051,Source2,TX,2021,1,0.426648700784244,1,0,0
A-489757,Source2,TX,2017,0,0.4197038146421722,1,0,1
A-7259402,Source1,CA,2020,0,0.05131925480256856,0,0,0
A-3345805,Source2,TX,2017,0,0.1366442819373875,0,0,0
A-2645644,Source2,TX,2018,1,0.4019290853810512,1,0,0
A-3550741,Source1,CA,2016,0,0.3150757176856579,1,0,1
A-80912,Source2,CA,2016,1,0.39175545870399187,1,0,0
A-4208385,Source1,TX,2022,0,0.04816306746498403,0,0,0
A-1236760,Source2,TX,2020,0,0.08541529471504555,0,0,0
A-1240812,Source2,TX,2020,1,0.14023459405462907,0,1,0
A-21116,Source2,CA,2016,1,0.3295035891088355,1,0,0
A-5180140,Source1,CA,2022,0,0.15038550528480443,0,0,0
A-1421120,Source2,TX,2020,0,0.1857024799661327,1,0,1
A-1623306,Source2,CA,2020,0,0.05816081945924436,0,0,0
A-4869583,Source1,CA,2023,0,0.1311084307555169,0,0,0
A-3422190,Source1,CA,2016,0,0.09060974572088068,0,0,0
A-4706264,Source1,CA,2022,0,0.06957554621799861,0,0,0
A-3206724,Source2,CA,2017,1,0.4050104501943004,1,0,0
A-2454568,Source2,CA,2018,0,0.33933874073132014,1,0,1
A-7402274,Source1,CA,2019,0,0.2500096012850169,1,0,1
A-1183505,Source2,CA,2021,0,0.08384136464871847,0,0,0
A-2511450,Source2,TX,2018,0,0.16263851073334368,0,0,0
A-54117,Source2,CA,2016,0,0.33205120574795743,1,0,1
A-1213824,Source2,CA,2020,0,0.0762880724815817,0,0,0
A-7400645,Source1,CA,2019,0,0.14079569162867428,0,0,0
A-3432181,Source1,TX,2016,0,0.32295031495779636,1,0,1
A-1715009,Source2,TX,2019,0,0.06851411556705668,0,0,0
A-2658036,Source2,CA,2018,1,0.3864979136789433,1,0,0
A-4501962,Source1,CA,2022,0,0.09389891216371331,0,0,0
A-4610601,Source1,CA,2023,0,0.06845807035678278,0,0,0
A-3327409,Source2,TX,2017,0,0.19954988927348927,1,0,1
A-5444381,Source1,CA,2022,0,0.07631059643299921,0,0,0
A-3327249,Source2,TX,2017,1,0.35855596632652736,1,0,0
A-7004277,Source1,TX,2020,1,0.09652395082947299,0,1,0
A-7351108,Source1,CA,2019,0,0.033166766755075336,0,0,0
A-7726646,Source1,CA,2019,0,0.047225655761779686,0,0,0
A-5188269,Source1,CA,2023,0,0.06582073570952496,0,0,0
A-3785561,Source1,CA,2022,0,0.08147288008987374,0,0,0
A-7707100,Source1,CA,2019,0,0.09809527422670931,0,0,0
A-268047,Source2,TX,2017,0,0.029057822818936718,0,0,0
A-7355529,Source1,CA,2019,0,0.24959657947654793,1,0,1
A-6560449,Source1,CA,2021,0,0.07968011702390779,0,0,0
A-1094982,Source2,TX,2021,0,0.3474837537415977,1,0,1
A-6014450,Source1,CA,2021,0,0.08811250875156842,0,0,0
A-3255759,Source2,TX,2017,1,0.3880206959784395,1,0,0
A-1907056,Source3,CA,2019,0,0.05247086855153034,0,0,0
A-5749269,Source1,CA,2021,0,0.031573763874244556,0,0,0
A-2275826,Source2,CA,2019,0,0.28736701344558757,1,0,1
A-7635584,Source1,CA,2018,0,0.28769541672375093,1,0,1
A-42349,Source2,CA,2016,0,0.08483766612782494,0,0,0
A-4299642,Source1,TX,2022,0,0.031736887224147775,0,0,0
A-3318307,Source2,TX,2017,0,0.39758933478362113,1,0,1
A-1855246,Source2,TX,2019,0,0.0934515718858844,0,0,0
A-5315168,Source1,CA,,0,0.14691103282928858,1,0,1
A-347136,Source2,CA,2017,0,0.3486316764994846,1,0,1
A-6773728,Source1,CA,2020,0,0.04278602681905556,0,0,0
A-6535583,Source1,CA,2021,0,0.059452572102049975,0,0,0
A-4984921,Source1,CA,,0,0.052734733136830234,0,0,0
A-4978131,Source1,CA,2022,0,0.04924361850156951,0,0,0
A-2924207,Source2,CA,2018,0,0.23164951540190995,1,0,1
A-6533074,Source1,TX,2021,0,0.32561820409096837,1,0,1
A-2543753,Source2,TX,2018,0,0.11148065310615048,0,0,0
A-1172334,Source2,TX,2021,0,0.024001424141742923,0,0,0
A-6247196,Source1,TX,,0,0.02620602124778426,0,0,0
A-6861003,Source1,CA,2020,0,0.07974858034501085,0,0,0
A-3623445,Source1,CA,2017,1,0.3579557226637044,1,0,0
A-4799706,Source1,TX,2022,0,0.12904092812018675,0,0,0
A-3193531,Source2,CA,2017,0,0.39252345857101106,1,0,1
A-4805823,Source1,TX,,0,0.047018214107890983,0,0,0
A-2210348,Source2,CA,2019,1,0.2803328221483275,1,0,0
A-5443410,Source1,CA,2022,0,0.07941508872798067,0,0,0
A-1007299,Source2,CA,2021,0,0.12154996348383325,0,0,0
A-1544272,Source2,TX,2020,0,0.06326950614941325,0,0,0
A-2031547,Source2,CA,2019,0,0.1254067480372307,0,0,0
A-7208915,Source1,CA,2020,0,0.04382473473203131,0,0,0
A-2470639,Source2,CA,2018,0,0.17524099530089784,0,0,0
A-4680162,Source1,CA,2023,0,0.136932968946176,0,0,0
A-7214821,Source1,CA,2020,0,0.03626465784583771,0,0,0
A-5289575,Source1,CA,,0,0.06789360860379758,0,0,0
A-2796004,Source2,TX,2018,0,0.05442536303563032,0,0,0
A-2571881,Source2,TX,2018,1,0.3886368839084355,1,0,0
A-4620210,Source1,CA,2022,0,0.08192660292684754,0,0,0
A-4663635,Source1,CA,2022,0,0.04223850632312879,0,0,0
A-5550618,Source1,CA,2021,0,0.195774545167496,1,0,1
A-1041248,Source2,TX,2021,0,0.029029221258028193,0,0,0
A-4704951,Source1,CA,,0,0.025147755832250818,0,0,0
A-7225699,Source1,CA,2020,0,0.03691294893360491,0,0,0
A-4658183,Source1,CA,2023,0,0.14762993854250872,0,0,0
A-290745,Source2,TX,2016,0,0.3663005870557986,1,0,1
A-5519738,Source1,CA,2021,0,0.23933205555078524,1,0,1
A-2697130,Source2,CA,2018,0,0.2947641042265084,1,0,1
A-7101661,Source1,CA,2020,0,0.10238981036496275,0,0,0
A-7642375,Source1,CA,2017,0,0.2999712320693014,1,0,1
A-3140173,Source2,CA,2017,0,0.06118237859453145,0,0,0
A-2552383,Source2,CA,2018,0,0.349024244239938,1,0,1
A-6180538,Source1,TX,2021,0,0.18526708380541773,1,0,1
A-6145818,Source1,CA,2021,0,0.1328456788855824,0,0,0
A-2849704,Source2,CA,2018,1,0.11809806251456845,0,1,0
A-7274706,Source1,CA,2020,0,0.15630342217238372,0,0,0
A-295828,Source2,TX,2016,0,0.2373736768750352,1,0,1
A-1808914,Source2,CA,2019,1,0.2958283205674593,1,0,0
A-3736910,Source1,CA,,0,0.02797974344543866,0,0,0
A-1734451,Source2,CA,2019,1,0.17258004571024285,0,1,0
A-8369,Source2,CA,2016,1,0.14184143293635348,0,1,0
A-6842924,Source1,CA,2020,0,0.10375850132196429,0,0,0
A-1981727,Source2,CA,2019,0,0.1439786738311902,0,0,0
A-5145698,Source1,CA,2022,0,0.04189188095830944,0,0,0
A-6759366,Source1,CA,2020,0,0.05120838386941684,0,0,0
A-3414709,Source1,CA,2016,0,0.36424882197368025,1,0,1
A-4088747,Source1,CA,2022,0,0.12057200440361104,0,0,0
A-2589904,Source2,CA,2018,0,0.10282315870050118,0,0,0
A-1939010,Source3,CA,2019,0,0.05782280609525916,0,0,0
A-6426860,Source1,TX,2021,0,0.08850451075013142,0,0,0
A-4541680,Source1,CA,2022,0,0.28631296609709184,1,0,1
A-4563633,Source1,CA,,0,0.04183585803245628,0,0,0
A-7071753,Source1,CA,2020,1,0.10645826213387548,0,1,0
A-2634839,Source2,CA,2018,1,0.34523318859811253,1,0,0
A-1860324,Source3,CA,2019,0,0.08318099754246062,0,0,0
A-6234811,Source1,CA,2021,0,0.31508635482997793,1,0,1
A-40144,Source2,CA,2016,1,0.39902474887715467,1,0,0
A-4882098,Source1,CA,2022,0,0.04957832616597445,0,0,0
A-5646773,Source1,TX,2021,0,0.2632684087408438,1,0,1
A-5393815,Source1,CA,,0,0.1315701808369045,0,0,0
A-6644456,Source1,CA,2020,0,0.05461112752900112,0,0,0
A-3689451,Source1,CA,2023,0,0.17499577677180445,1,0,1
A-6729894,Source1,CA,2020,0,0.12516835394365772,0,0,0
A-4808579,Source1,CA,2022,0,0.13553604959966303,0,0,0
A-7623142,Source1,TX,2018,1,0.33187610596569395,1,0,0
A-7349969,Source1,CA,2019,0,0.2819787679649358,1,0,1
A-4916891,Source1,CA,,0,0.07888626358965602,0,0,0
A-7286806,Source1,CA,2019,0,0.1853485048563286,1,0,1
A-7317455,Source1,CA,2019,0,0.10126406222131128,0,0,0
A-1530604,Source2,TX,2020,0,0.1717535812781581,0,0,0
A-1249328,Source2,CA,2020,0,0.04395220863663141,0,0,0
A-539273,Source2,CA,2022,1,0.2586191509575995,1,0,0
A-531577,Source2,TX,2022,1,0.2513589984409047,1,0,0
A-4794351,Source1,TX,2022,0,0.3170464732254318,1,0,1
A-4155299,Source1,CA,2022,0,0.09585459779721049,0,0,0
A-4998640,Source1,CA,2022,0,0.1842516023007027,0,0,0
A-3896983,Source1,CA,2023,0,0.12952314892290834,0,0,0
A-2801929,Source2,CA,2018,1,0.3358982173757569,1,0,0
A-6790691,Source1,CA,2020,0,0.06453277429939012,0,0,0
A-28932,Source2,CA,2016,1,0.39077488516128617,1,0,0
A-495698,Source2,CA,2017,0,0.366469492452824,1,0,1
A-1069443,Source2,TX,2021,0,0.16059443074719892,0,0,0
A-7405237,Source1,CA,2019,0,0.08871772981531922,0,0,0
A-6691103,Source1,CA,2020,0,0.13538911065375853,0,0,0
A-1273831,Source2,TX,2020,0,0.2267341475745012,1,0,1
A-2643092,Source2,TX,2018,0,0.2806496354565398,1,0,1
A-5383681,Source1,CA,2022,0,0.030338700978262766,0,0,0
A-2597711,Source2,CA,2018,0,0.3710658104712152,1,0,1
A-2205577,Source2,CA,2019,0,0.21194593192536315,1,0,1
A-344136,Source2,CA,2017,1,0.16006105589100594,0,1,0
A-272383,Source2,TX,2017,0,0.14355988890679444,0,0,0
A-6598721,Source1,CA,2020,0,0.04589960674366812,0,0,0
A-6707655,Source1,CA,2020,0,0.0631417574720213,0,0,0
A-7062349,Source1,CA,2020,0,0.09658326681907434,0,0,0
A-7656931,Source1,CA,2017,0,0.33359438202580805,1,0,1
A-4368772,Source1,CA,,0,0.05611253939530729,0,0,0
A-7531628,Source1,CA,2018,0,0.282467310621767,1,0,1
A-4416988,Source1,CA,2023,0,0.042836231891567454,0,0,0
A-3160131,Source2,CA,2017,0,0.3253537306561718,1,0,1
A-5560511,Source1,CA,2021,0,0.04749758707889403,0,0,0
A-7313728,Source1,CA,2019,0,0.3254991280815337,1,0,1
A-4673831,Source1,CA,2023,0,0.27832868154063484,1,0,1
A-2885078,Source2,CA,2018,0,0.3177166788400367,1,0,1
A-6007619,Source1,CA,2021,0,0.030779521433980488,0,0,0
A-3538427,Source1,CA,2016,0,0.21141837029243585,1,0,1
A-4552,Source2,CA,2016,0,0.31799260283766134,1,0,1
A-3607449,Source1,CA,2017,0,0.30063302795156077,1,0,1
A-1877258,Source2,TX,2019,0,0.22941820883759084,1,0,1
A-7179253,Source1,CA,2020,0,0.05723327873637006,0,0,0
A-5025479,Source1,CA,2022,0,0.0885550338119597,0,0,0
A-1079079,Source2,CA,2021,1,0.09192656892438662,0,1,0
A-2914652,Source2,TX,2018,0,0.3256750137826827,1,0,1
A-904416,Source2,CA,2021,0,0.0920272538789019,0,0,0
A-6521314,Source1,CA,,0,0.04684467613462169,0,0,0
A-836786,Source2,TX,2021,0,0.10309171929816004,0,0,0
A-3268479,Source2,CA,2017,1,0.15478929471507713,0,1,0
A-20687,Source2,CA,2016,0,0.3961159796346053,1,0,1
A-2112786,Source2,TX,2019,1,0.12362165485537113,0,1,0
A-2904099,Source2,CA,2018,1,0.40526173068587273,1,0,0
A-4669566,Source1,CA,2022,0,0.26075012441866413,1,0,1
A-5361257,Source1,CA,,0,0.026880066340809118,0,0,0
A-4912251,Source1,TX,,0,0.03492642895801322,0,0,0
A-2118605,Source2,CA,2019,0,0.07515384242467979,0,0,0
A-1544474,Source2,TX,2020,0,0.07251300192294974,0,0,0
A-3783505,Source1,CA,2022,0,0.06088660317606236,0,0,0
A-111459,Source2,CA,2016,1,0.3732656091510343,1,0,0
A-7376343,Source1,CA,2019,0,0.10821242428967488,0,0,0
A-3313634,Source2,CA,2017,1,0.36027768621694883,1,0,0
A-3960484,Source1,CA,2022,0,0.11803262748989748,0,0,0
A-4800557,Source1,CA,2022,0,0.1000659416899043,0,0,0
A-4316429,Source1,CA,2023,0,0.10524867802306884,0,0,0
A-5199379,Source1,CA,,0,0.13934887593806947,0,0,0
A-338435,Source2,CA,2017,0,0.2718689661023869,1,0,1
A-2592621,Source2,CA,2018,0,0.410799230521082,1,0,1
A-56171,Source2,CA,2016,1,0.3660613474472356,1,0,0
A-6277106,Source1,TX,,0,0.06113832937385746,0,0,0
A-35428,Source2,CA,2016,1,0.3779604095578475,1,0,0
A-1687339,Source2,CA,2019,0,0.17373381941762925,1,0,1
A-2744154,Source2,CA,2018,1,0.06053860865352271,0,1,0
A-4983810,Source1,CA,,0,0.17431189740010994,1,0,1
A-1083702,Source2,CA,2021,1,0.0958042163188804,0,1,0
A-3677729,Source1,CA,,0,0.15578964305338958,0,0,0
A-4366434,Source1,CA,,0,0.028551598852359333,0,0,0
A-3442354,Source1,TX,2016,0,0.3296033798768886,1,0,1
A-5299533,Source1,TX,2023,0,0.15563182840343562,0,0,0
A-2300257,Source2,TX,2019,0,0.10843398820232193,0,0,0
A-6621678,Source1,TX,2020,0,0.15561598361876705,0,0,0
A-3202330,Source2,CA,2017,1,0.36109059553831624,1,0,0
A-1449695,Source2,TX,2020,0,0.053926205934804426,0,0,0
A-3260604,Source2,CA,2017,0,0.368211743565752,1,0,1
A-6294616,Source1,CA,2021,0,0.03668672997473703,0,0,0
A-2333256,Source2,CA,2019,0,0.3269674811313751,1,0,1
A-3899179,Source1,TX,2023,0,0.03257524610626435,0,0,0
A-4833670,Source1,CA,2022,0,0.2053492260870875,1,0,1
A-3433208,Source1,TX,2016,1,0.3328316693687675,1,0,0
A-6035890,Source1,CA,2021,0,0.09390844975097101,0,0,0
A-868701,Source2,CA,2021,1,0.39120092907931403,1,0,0
A-4000293,Source1,TX,2022,0,0.1480822873442948,0,0,0
A-1793082,Source2,TX,2019,0,0.049066887951552535,0,0,0
A-4920755,Source1,CA,2022,0,0.10511597505210939,0,0,0
A-5746616,Source1,CA,2021,0,0.27661665052473217,1,0,1
A-5315456,Source1,CA,,0,0.06692776304969936,0,0,0
A-7265423,Source1,CA,2020,0,0.39880658493324767,1,0,1
A-286655,Source2,TX,2016,1,0.09472992799986475,0,1,0
A-2872205,Source2,CA,2018,0,0.35662789227171465,1,0,1
A-3994786,Source1,CA,2022,0,0.0668919235314167,0,0,0
A-3211653,Source2,TX,2017,0,0.30050734570157694,1,0,1
A-5645998,Source1,TX,2021,0,0.11043015439922674,0,0,0
A-7419605,Source1,CA,2019,0,0.16885798217824663,0,0,0
A-7471655,Source1,TX,2019,1,0.3384310269097643,1,0,0
A-5851251,Source1,TX,2021,0,0.27903567616226954,1,0,1
A-3750941,Source1,CA,2022,0,0.1468543852950624,0,0,0
A-2668785,Source2,CA,2018,1,0.38584761304074133,1,0,0
A-1036390,Source2,CA,2021,0,0.12516734040377733,0,0,0
A-6424539,Source1,CA,2021,0,0.036813145284740986,0,0,0
A-3050838,Source2,CA,2018,1,0.42795155328069273,1,0,0
A-550426,Source2,CA,2022,1,0.3354227221105828,1,0,0
A-1128027,Source2,CA,2021,1,0.044983317236354,0,1,0
A-738346,Source2,CA,2022,0,0.35321742865898864,1,0,1
A-2851453,Source2,TX,2018,1,0.1933279541931497,0,1,0
A-6265832,Source1,CA,2021,0,0.06951777586551727,0,0,0
A-7621598,Source1,CA,2018,1,0.31052105993488055,1,0,0
A-842699,Source2,CA,2021,0,0.03144235843251262,0,0,0
A-5880361,Source1,TX,2021,0,0.13713458903155673,0,0,0
A-1663233,Source3,CA,2020,0,0.08757735429639439,0,0,0
A-441632,Source3,CA,2017,1,0.2825434984909815,1,0,0
A-61926,Source2,CA,2017,0,0.35490311573191413,1,0,1
A-7112561,Source1,CA,2020,0,0.06003552180030682,0,0,0
A-1496,Source2,CA,2016,1,0.40780172696633016,1,0,0
A-2515489,Source2,CA,2018,0,0.2899221730609107,1,0,1
A-6971405,Source1,TX,2020,0,0.10596580444420053,0,0,0
A-2607205,Source2,CA,2018,0,0.2950280050255564,1,0,1
A-4275675,Source1,TX,2022,0,0.034534031927877316,0,0,0
A-2179811,Source2,CA,2019,1,0.3273311209648857,1,0,0
A-352456,Source2,CA,2017,1,0.3698510240587359,1,0,0
A-6589534,Source1,CA,2020,0,0.17339287061649916,1,0,1
A-7208805,Source1,CA,2020,0,0.12445664461953418,0,0,0
A-6474168,Source1,CA,2021,0,0.08662641090717811,0,0,0
A-3690209,Source1,TX,2023,0,0.1307200306123736,0,0,0
A-5296300,Source1,CA,2022,0,0.23447707293925296,1,0,1
A-319701,Source2,CA,2017,0,0.11090018940057408,0,0,0
A-450356,Source2,TX,2017,0,0.18159780075850004,1,0,1
A-5142759,Source1,CA,,0,0.046600671281952874,0,0,0
A-7416850,Source1,CA,2019,0,0.058461893847410254,0,0,0
A-6187369,Source1,CA,2021,0,0.10838905177312001,0,0,0
A-433225,Source2,TX,2017,0,0.1779337411354453,0,0,0
A-5922789,Source1,TX,2021,0,0.14092995786300566,0,0,0
A-1286151,Source2,CA,2020,0,0.03647953472447809,0,0,0
A-4656312,Source1,CA,2022,0,0.09384832988973218,0,0,0
A-7018601,Source1,CA,2020,0,0.06582839222920889,0,0,0
A-1146891,Source2,CA,2021,0,0.04962461048232236,0,0,0
A-2925055,Source2,CA,2018,1,0.35618938463296534,1,0,0
A-5808140,Source1,CA,2021,0,0.18452099327543592,1,0,1
A-2477522,Source2,CA,2018,1,0.44939385889514494,1,0,0
A-1690189,Source2,CA,2019,1,0.0689051120728007,0,1,0
A-860624,Source2,TX,2021,1,0.17500780716080072,0,1,0
A-7692578,Source1,CA,2017,0,0.42272937028850405,1,0,1
A-1548747,Source3,CA,2020,0,0.04722608656423451,0,0,0
A-3732069,Source1,CA,2022,0,0.36502466449225196,1,0,1
A-6182396,Source1,CA,2021,0,0.1486952988915719,0,0,0
A-7764219,Source1,CA,2019,0,0.11147139182939902,0,0,0
A-2556940,Source2,TX,2018,0,0.03291796870887626,0,0,0
A-114584,Source2,CA,2016,0,0.27000543034511737,1,0,1
A-7324704,Source1,CA,2019,0,0.1287310341880375,0,0,0
A-6606321,Source1,CA,2020,0,0.04320787648381887,0,0,0
A-5377903,Source1,CA,,0,0.02777098323983169,0,0,0
A-4260936,Source1,CA,2023,0,0.044396848764054045,0,0,0
A-878036,Source2,CA,2021,1,0.2905969520105079,1,0,0
A-32661,Source2,CA,2016,0,0.42070542003541583,1,0,1
A-267911,Source2,TX,2017,0,0.32252477771595206,1,0,1
A-4990353,Source1,CA,,0,0.05106473767166927,0,0,0
A-6440804,Source1,TX,2021,0,0.10150737730410193,0,0,0
A-5175763,Source1,CA,2022,0,0.15487281186899865,0,0,0
A-3554069,Source1,CA,2016,0,0.41558850575011447,1,0,1
A-6322901,Source1,CA,2021,0,0.15578964305338958,0,0,0
A-1366297,Source2,TX,2020,1,0.11885382830477464,0,1,0
A-5642596,Source1,TX,2021,0,0.06634907613847066,0,0,0
A-2601057,Source2,CA,2018,0,0.27521698436204567,1,0,1
A-6529170,Source1,CA,2021,0,0.0589501730543399,0,0,0
A-292282,Source2,TX,2016,0,0.03501551402771562,0,0,0
A-491756,Source2,CA,2017,1,0.3456095631962194,1,0,0
A-990696,Source2,TX,2021,1,0.34342878825073186,1,0,0
A-5823328,Source1,CA,2021,0,0.0685559426200483,0,0,0
A-2100037,Source2,CA,2019,0,0.09431236829754573,0,0,0
A-5941577,Source1,CA,2021,0,0.06846934984526647,0,0,0
A-3306286,Source2,CA,2017,0,0.19205152076751383,1,0,1
A-4148243,Source1,TX,2022,0,0.06553629845233233,0,0,0
A-57039,Source2,CA,2016,0,0.23241986194761283,1,0,1
A-5088648,Source1,TX,2022,0,0.08996854657643145,0,0,0
A-6963646,Source1,CA,2020,0,0.2819338348199952,1,0,1
A-7282913,Source1,CA,2020,0,0.0548941253692868,0,0,0
A-7115572,Source1,CA,2020,0,0.28526790994346973,1,0,1
A-1404226,Source2,TX,2020,1,0.20643345163761798,1,0,0
A-6915804,Source1,CA,2020,0,0.10404252953802748,0,0,0
A-5059389,Source1,CA,2022,0,0.12584546835768232,0,0,0
A-7103102,Source1,CA,2020,0,0.33561714862204306,1,0,1
A-7205597,Source1,TX,2020,0,0.06668871425500716,0,0,0
A-6826937,Source1,CA,2020,0,0.25326751057629926,1,0,1
A-2263692,Source2,CA,2019,0,0.1627523298254035,0,0,0
A-4378433,Source1,CA,2023,0,0.06671183421789896,0,0,0
A-5772859,Source1,CA,2021,0,0.08899026955393716,0,0,0
A-2823641,Source3,CA,2018,0,0.24405790465714206,1,0,1
A-5226278,Source1,CA,,0,0.031889509304459294,0,0,0
A-6627522,Source1,CA,2020,0,0.03889276578120333,0,0,0
A-7682809,Source1,CA,2017,1,0.32329942401698486,1,0,0
A-6558715,Source1,CA,2021,0,0.05642874427879323,0,0,0
A-2259963,Source2,CA,2019,1,0.30133451424515056,1,0,0
A-107107,Source2,CA,2016,0,0.38784899781987886,1,0,1
A-5064467,Source1,CA,2022,0,0.180431376970222,1,0,1
A-6885785,Source1,TX,2020,0,0.12922962115740297,0,0,0
A-3041982,Source3,CA,2018,0,0.16698541529764052,0,0,0
A-1990538,Source2,CA,2019,1,0.11977359607132672,0,1,0
A-508206,Source2,TX,2017,0,0.43110732409955627,1,0,1
A-5174197,Source1,CA,2022,0,0.04479830203392377,0,0,0
A-497190,Source2,CA,2017,0,0.27468559002807014,1,0,1
A-271617,Source2,TX,2017,0,0.3916826502327294,1,0,1
A-2732934,Source2,CA,2018,0,0.4043160623315858,1,0,1
A-457859,Source3,CA,2017,1,0.33095463529973557,1,0,0
A-6402406,Source1,TX,2021,0,0.13852694079716232,0,0,0
A-7632256,Source1,TX,2018,1,0.3328340369220091,1,0,0
A-6639525,Source1,CA,2020,0,0.14444223614439208,0,0,0
A-736319,Source2,CA,2022,0,0.039386841544259935,0,0,0
A-515346,Source3,TX,2022,0,0.24827044160983341,1,0,1
A-3908599,Source1,CA,2022,0,0.2065661850614675,1,0,1
A-3544047,Source1,CA,2016,0,0.41290949360553475,1,0,1
A-4571389,Source1,CA,2022,0,0.14082374345088328,0,0,0
A-4188302,Source1,CA,2022,0,0.18018519706224173,1,0,1
A-1172624,Source2,CA,2021,1,0.3146707422014751,1,0,0
A-5381807,Source1,CA,2022,0,0.05271908770315127,0,0,0
A-352593,Source2,CA,2017,0,0.4263418517710054,1,0,1
A-6037478,Source1,CA,2021,0,0.19689367752228923,1,0,1
A-3231063,Source2,CA,2017,1,0.20929706279269852,1,0,0
A-5191676,Source1,CA,2022,0,0.2518927450261384,1,0,1
A-4479945,Source1,CA,2022,0,0.11546568632384716,0,0,0
A-5307207,Source1,CA,,0,0.15946739062026238,1,0,1
A-7273197,Source1,CA,2020,0,0.07971643347254793,0,0,0
A-394307,Source2,TX,2017,0,0.19449022836175148,1,0,1
A-1515610,Source2,CA,2020,1,0.13463126102314912,0,1,0
A-6013938,Source1,CA,2021,0,0.20821382073468894,1,0,1
A-7379730,Source1,CA,2019,0,0.09813894759927531,0,0,0
A-628421,Source2,TX,2022,1,0.1890883888732056,1,0,0
A-7345772,Source1,CA,2019,0,0.2292913655989608,1,0,1
A-2564992,Source2,TX,2018,1,0.3642619469362743,1,0,0
A-1978811,Source2,CA,2019,0,0.21226476262383268,1,0,1
A-776505,Source2,CA,2021,0,0.042854985003263554,0,0,0
A-3253314,Source2,TX,2017,1,0.4178181174631308,1,0,0
A-290265,Source2,TX,2016,1,0.30092690138623773,1,0,0
A-975772,Source2,CA,2021,0,0.20919275129834736,1,0,1
A-430864,Source2,TX,2017,0,0.18890451333159414,1,0,1
A-3930879,Source1,CA,2022,0,0.044162923107900175,0,0,0
A-3525065,Source1,CA,2016,0,0.30359970386108304,1,0,1
A-1088791,Source2,TX,2021,1,0.16986226946193667,1,0,0
A-1464501,Source2,CA,2020,1,0.11118040893148473,0,1,0
A-7659653,Source1,TX,2017,0,0.3506056215379505,1,0,1
A-3215785,Source2,TX,2017,0,0.44900906901910753,1,0,1
A-6514352,Source1,CA,2021,0,0.04570295344762639,0,0,0
A-1038242,Source2,CA,2021,0,0.26870816468854364,1,0,1
A-15747,Source2,CA,2016,0,0.07113080865704505,0,0,0
A-1590035,Source2,CA,2020,0,0.04983894863463188,0,0,0
A-2460311,Source2,TX,2018,0,0.27114654675638306,1,0,1
A-5094942,Source1,CA,2022,0,0.10818167618186578,0,0,0
A-7521307,Source1,CA,2018,0,0.34860341855691945,1,0,1
A-4326821,Source1,TX,2022,0,0.0997802646182466,0,0,0
A-3144772,Source2,TX,2017,1,0.27535825033100986,1,0,0
A-517889,Source2,TX,2022,1,0.09502851769095305,0,1,0
A-2552489,Source2,CA,2018,0,0.32377463357151115,1,0,1
A-6382436,Source1,CA,2021,0,0.2705231471658306,1,0,1
A-7044101,Source1,CA,2020,0,0.13650274248375208,0,0,0
A-3333,Source2,CA,2016,0,0.08248419825880089,0,0,0
A-1918373,Source3,CA,2019,0,0.14351218763264778,0,0,0
A-5448395,Source1,CA,2022,0,0.050671872307411325,0,0,0
A-5022970,Source1,CA,2022,0,0.1441424088086463,0,0,0
A-76345,Source2,CA,2016,1,0.5234903571135694,1,0,0
A-5454815,Source1,TX,,0,0.07800891356576053,0,0,0
A-7218760,Source1,CA,2020,0,0.0804660058052025,0,0,0
A-7618025,Source1,CA,2018,0,0.3062524801243109,1,0,1
A-3872595,Source1,TX,,0,0.08176634380769084,0,0,0
A-6080212,Source1,CA,,0,0.026088401453853393,0,0,0
A-6506722,Source1,CA,2021,0,0.10194601778028337,0,0,0
A-6338234,Source1,TX,2021,0,0.12681083947924118,0,0,0
A-579620,Source2,CA,2022,0,0.26338319770367824,1,0,1
A-3308213,Source2,TX,2017,0,0.05289461879882492,0,0,0
A-1763713,Source2,TX,2019,1,0.032174037134763016,0,1,0
A-897017,Source2,CA,2021,0,0.03490134667064321,0,0,0
A-988400,Source2,CA,2021,1,0.10551173203424691,0,1,0
A-4529003,Source1,CA,,0,0.03133254289948397,0,0,0
A-1110061,Source2,CA,2021,0,0.26799437563314893,1,0,1
A-454653,Source2,CA,2017,0,0.3567716408885755,1,0,1
A-4803526,Source1,CA,2022,0,0.22236484007838886,1,0,1
A-3878585,Source1,TX,2022,0,0.11989727104684056,0,0,0
A-6055413,Source1,TX,2021,0,0.1770444446775556,0,0,0
A-828006,Source2,TX,2021,1,0.13733556577451553,0,1,0
A-2508970,Source2,CA,2018,0,0.32847238939871143,1,0,1
A-3768035,Source1,CA,2022,0,0.2791811754852279,1,0,1
A-7299807,Source1,CA,2019,0,0.055725194079934016,0,0,0
A-7130045,Source1,CA,2020,0,0.07980535219179036,0,0,0
A-5902505,Source1,CA,2021,0,0.12286801718471536,0,0,0
A-495513,Source2,CA,2017,0,0.43690272696205684,1,0,1
A-1795449,Source2,CA,2019,1,0.11486283167519376,0,1,0
A-7191921,Source1,CA,2020,0,0.06484731977799921,0,0,0
A-3792835,Source1,CA,,0,0.11225900803614439,0,0,0
A-80721,Source2,CA,2016,0,0.28983460619377127,1,0,1
A-3010139,Source2,CA,2018,1,0.20902032019311095,1,0,0
A-647512,Source2,CA,2022,1,0.29291895587710376,1,0,0
A-3609874,Source1,CA,2017,0,0.3066548774819314,1,0,1
A-811588,Source2,CA,2021,0,0.06297796158776617,0,0,0
A-5596138,Source1,CA,2021,0,0.40501422138001314,1,0,1
A-7474634,Source1,CA,2018,0,0.2749010292331873,1,0,1
A-6927032,Source1,CA,2020,0,0.3264021797601785,1,0,1
A-4581317,Source1,CA,,0,0.13952694779854674,0,0,0
A-7029669,Source1,CA,2020,0,0.34628361235259775,1,0,1
A-4059196,Source1,CA,2022,1,0.16893753588859944,0,1,0
A-7343210,Source1,CA,2019,0,0.13354049522613623,0,0,0
A-6303535,Source1,CA,2021,0,0.09506693270826985,0,0,0
A-6242208,Source1,CA,2021,0,0.07171163805154661,0,0,0
A-3245087,Source2,CA,2017,1,0.3526931802410701,1,0,0
A-4976236,Source1,CA,2022,0,0.07337301370092138,0,0,0
A-350467,Source2,CA,2017,1,0.2874310974880835,1,0,0
A-332646,Source2,TX,2017,0,0.3497974354008166,1,0,1
A-6960235,Source1,CA,2020,0,0.14810843658065692,0,0,0
A-5747120,Source1,CA,2021,0,0.06687236724724191,0,0,0
A-5186884,Source1,CA,2023,0,0.1829632092439204,1,0,1
A-3946585,Source1,TX,2022,0,0.07971265481897163,0,0,0
A-3620694,Source1,CA,2017,0,0.3192258461569672,1,0,1
A-5120563,Source1,CA,2022,0,0.24681511644389698,1,0,1
A-1293306,Source2,TX,2020,0,0.20434254644388822,1,0,1
A-3426305,Source1,TX,2016,0,0.04899726530899171,0,0,0
A-440435,Source2,CA,2017,1,0.3497047419730676,1,0,0
A-4979816,Source1,CA,,0,0.07231160067448103,0,0,0
A-6452716,Source1,CA,2021,0,0.13709367126967345,0,0,0
A-6753003,Source1,CA,2020,0,0.047532381434226285,0,0,0
A-303124,Source2,TX,2016,0,0.3218292756362823,1,0,1
A-3751958,Source1,CA,2022,0,0.12815712774069168,0,0,0
A-5058445,Source1,CA,2022,0,0.19392612697704686,1,0,1
A-1973596,Source2,CA,2019,0,0.14580766917968466,0,0,0
A-1758369,Source2,TX,2019,0,0.04184745502473895,0,0,0
A-110378,Source2,CA,2016,1,0.18441556195650002,0,1,0
A-5351439,Source1,CA,2022,0,0.05474964539365525,0,0,0
A-5487410,Source1,TX,,0,0.08197275448992544,0,0,0
A-2789263,Source2,CA,2018,1,0.4466743499904826,1,0,0
A-455306,Source2,CA,2017,1,0.32000485562918485,1,0,0
A-7637683,Source1,CA,2018,0,0.06515092268443509,0,0,0
A-20479,Source2,CA,2016,1,0.324174397336903,1,0,0
A-3416424,Source1,CA,2016,0,0.23784911761490238,1,0,1
A-2130260,Source2,CA,2019,0,0.27302438602010126,1,0,1
A-536836,Source2,CA,2022,1,0.13690045114949276,0,1,0
A-1682241,Source3,CA,2019,0,0.070288544484189,0,0,0
A-1077752,Source2,TX,2021,1,0.13646037079753012,0,1,0
A-7629740,Source1,CA,2018,0,0.3599556675223327,1,0,1
A-7181496,Source1,CA,2020,0,0.15687251710732317,0,0,0
A-5956351,Source1,CA,,0,0.18999765192024864,1,0,1
A-5659184,Source1,TX,2021,0,0.24275068723879772,1,0,1
A-3898484,Source1,CA,2023,0,0.27433410738000485,1,0,1
A-2415250,Source2,CA,2018,1,0.2629227541308009,1,0,0
A-5829884,Source1,CA,2021,0,0.056564762369442564,0,0,0
A-3570116,Source1,TX,2017,1,0.4934447010827797,1,0,0
A-6956765,Source1,CA,2020,0,0.0359729408675663,0,0,0
A-4848425,Source1,CA,,0,0.15533527625304114,0,0,0
A-7563753,Source1,CA,2018,0,0.366063677104278,1,0,1
A-4713028,Source1,CA,,0,0.05816922658842812,0,0,0
A-4427155,Source1,CA,2022,0,0.06673501687742761,0,0,0
A-289798,Source2,TX,2016,0,0.1973334872516591,1,0,1
A-4920421,Source1,CA,2022,0,0.07876792449894683,0,0,0
A-7250679,Source1,CA,2020,0,0.047884410037906486,0,0,0
A-6907484,Source1,CA,2020,0,0.07542919323220999,0,0,0
A-6372050,Source1,CA,2021,0,0.26077597819093523,1,0,1
A-3952478,Source1,CA,2022,0,0.15388459937038057,0,0,0
A-4462379,Source1,CA,2022,0,0.2648374503800734,1,0,1
A-6809494,Source1,CA,2020,0,0.05515935502776344,0,0,0
A-5134619,Source1,CA,2022,0,0.2490847377741292,1,0,1
A-6820740,Source1,CA,2020,0,0.2890849734839896,1,0,1
A-6769032,Source1,TX,2020,0,0.04343593858406901,0,0,0
A-4909297,Source1,TX,,0,0.06955711469894761,0,0,0
A-4454915,Source1,CA,2022,0,0.052299766833619366,0,0,0
A-4103493,Source1,CA,2022,0,0.07103239463148496,0,0,0
A-2843408,Source2,CA,2018,1,0.2850762117811422,1,0,0
A-3893233,Source1,CA,2023,0,0.10483774782200084,0,0,0
A-6450068,Source1,CA,,0,0.029827113672624323,0,0,0
A-389451,Source2,TX,2017,0,0.3672378431671721,1,0,1
A-2923993,Source2,CA,2018,0,0.0656699990935494,0,0,0
A-4634296,Source1,CA,,0,0.031674128890490094,0,0,0
A-7222683,Source1,CA,2020,0,0.04291387566692473,0,0,0
A-1338640,Source2,TX,2020,0,0.1459895464454129,0,0,0
A-1353645,Source2,CA,2020,0,0.07767838206207545,0,0,0
A-1547820,Source3,CA,2020,0,0.14757985512838062,0,0,0
A-4975526,Source1,CA,2022,0,0.2741399320164535,1,0,1
A-2627477,Source2,CA,2018,1,0.46541279876726616,1,0,0
A-7568788,Source1,CA,2018,0,0.352149086893474,1,0,1
A-3229368,Source2,TX,2017,0,0.406525396730285,1,0,1
A-4195939,Source1,TX,,0,0.10311423068736769,0,0,0
A-4077034,Source1,CA,,0,0.07182056282159306,0,0,0
A-7167070,Source1,CA,2020,0,0.04904161387827029,0,0,0
A-7601510,Source1,TX,2018,1,0.30073621326528066,1,0,0
A-2646581,Source2,CA,2018,0,0.2683600812230845,1,0,1
A-641646,Source2,CA,2022,0,0.11044641697186601,0,0,0
A-1602370,Source2,CA,2020,1,0.043404320793123494,0,1,0
A-2090691,Source2,TX,2019,0,0.02687816342293798,0,0,0
A-6297377,Source1,CA,2021,0,0.14851155687015333,0,0,0
A-4167464,Source1,CA,2023,0,0.13140869359547655,0,0,0
A-1923791,Source2,TX,2019,0,0.11889561348829573,0,0,0
A-4459413,Source1,CA,2022,0,0.06276250556248786,0,0,0
A-35936,Source2,CA,2016,1,0.3420567297996121,1,0,0
A-3367584,Source2,CA,2017,0,0.19980575376957582,1,0,1
A-7302482,Source1,CA,2019,0,0.05495869962352904,0,0,0
A-1324093,Source2,TX,2020,0,0.05222399954811015,0,0,0
A-6711754,Source1,CA,2020,0,0.2671142001214176,1,0,1
A-5395649,Source1,TX,2022,0,0.3542617682442585,1,0,1
A-5211904,Source1,CA,,0,0.1774786182172732,1,0,1
A-1931938,Source2,CA,2019,0,0.04236103097848628,0,0,0
A-6996968,Source1,CA,2020,0,0.15912629983755916,0,0,0
A-81470,Source2,CA,2016,0,0.3014386432200877,1,0,1
A-886136,Source2,TX,2021,0,0.07029629173138305,0,0,0
A-4799667,Source1,CA,2022,0,0.06362222423318682,0,0,0
A-6909323,Source1,CA,2020,0,0.06622085635416522,0,0,0
A-5060661,Source1,TX,2022,0,0.11256208390894966,0,0,0
A-397888,Source2,CA,2017,1,0.3697453231988745,1,0,0
A-3332173,Source2,CA,2017,1,0.284282144732055,1,0,0
A-6026846,Source1,CA,2021,0,0.13216791161008085,0,0,0
A-5849312,Source1,CA,,0,0.04442412761790804,0,0,0
A-7299848,Source1,CA,2019,0,0.11366057553767786,0,0,0
A-5559429,Source1,CA,2021,0,0.045274418323476416,0,0,0
A-6082204,Source1,CA,2021,0,0.04272818113469226,0,0,0
A-6961763,Source1,CA,2020,0,0.030432079943556588,0,0,0
A-7587049,Source1,TX,2018,1,0.21886033240819983,1,0,0
A-3902073,Source1,CA,2022,0,0.04974367504662069,0,0,0
A-4167574,Source1,CA,2022,0,0.1281141458468482,0,0,0
A-6493234,Source1,TX,2021,0,0.26840300524238103,1,0,1
A-456067,Source3,CA,2017,1,0.06490614717428136,0,1,0
A-6323890,Source1,CA,2021,0,0.12234482626701271,0,0,0
A-3621485,Source1,CA,2017,0,0.2982696359701681,1,0,1
A-5047361,Source1,CA,2022,0,0.14632349757548885,0,0,0
A-3420828,Source1,CA,2016,0,0.41819066608251204,1,0,1
A-2333352,Source2,CA,2019,0,0.37525982308599726,1,0,1
A-4670591,Source1,CA,2022,0,0.06542418543548448,0,0,0
A-4116450,Source1,TX,,0,0.031173872797306067,0,0,0
A-3037839,Source2,TX,2018,1,0.2991715928529023,1,0,0
A-55745,Source2,CA,2016,1,0.29136936385298134,1,0,0
A-7575742,Source1,CA,2018,0,0.36414058433282204,1,0,1
A-1440210,Source2,CA,2020,0,0.15495725637356988,0,0,0
A-5633263,Source1,CA,2021,0,0.11699519357806029,0,0,0
A-6544222,Source1,CA,,0,0.11010064511468629,0,0,0
A-6355080,Source1,CA,2021,0,0.06055175165218631,0,0,0
A-1517719,Source2,CA,2020,1,0.1412230306724644,0,1,0
A-2130199,Source2,CA,2019,1,0.23073178311042186,1,0,0
A-7637478,Source1,TX,2018,1,0.33241910767072047,1,0,0
A-4017285,Source1,CA,2023,0,0.06227575677822126,0,0,0
A-2014322,Source2,TX,2019,0,0.26770625165616063,1,0,1
A-1485212,Source3,CA,2020,0,0.1997797186215767,1,0,1
A-7033573,Source1,CA,2020,0,0.19917488135731992,1,0,1
A-1909588,Source2,CA,2019,1,0.052745578200447216,0,1,0
A-351220,Source2,CA,2017,0,0.4089935405761862,1,0,1
A-56984,Source2,CA,2016,1,0.34542946005709896,1,0,0
A-5712134,Source1,CA,2021,0,0.099264401399631,0,0,0
A-2406535,Source2,TX,2018,0,0.14303097598638917,0,0,0
A-4479804,Source1,CA,2022,0,0.0680109674669321,0,0,0
A-5836332,Source1,CA,2021,0,0.08242455144288971,0,0,0
A-6547175,Source1,CA,2021,0,0.07963413889840965,0,0,0
A-9417,Source2,CA,2017,0,0.21894280273591787,1,0,1
A-6813112,Source1,CA,2020,0,0.05976085820920542,0,0,0
A-6807906,Source1,CA,2020,0,0.1398868164157397,0,0,0
A-6222016,Source1,CA,2021,0,0.12222012388805417,0,0,0
A-299427,Source2,TX,2016,0,0.12659758832379805,0,0,0
A-5694253,Source1,CA,2021,0,0.14213024814579114,0,0,0
A-4860369,Source1,CA,2022,0,0.06899758936052826,0,0,0
A-7246183,Source1,CA,2020,0,0.06732758955980418,0,0,0
A-5504555,Source1,CA,2021,0,0.33253491208880176,1,0,1
A-1681560,Source2,CA,2019,0,0.07580452719078333,0,0,0
A-5248944,Source1,CA,2022,0,0.24321955009489482,1,0,1
A-7743432,Source1,TX,2019,0,0.21635657360070581,1,0,1
A-1918486,Source3,CA,2019,1,0.26864322044893685,1,0,0
A-282464,Source2,TX,2016,0,0.32148814800260406,1,0,1
A-3983488,Source1,CA,,0,0.17090398203847773,1,0,1
A-1550907,Source3,CA,2020,0,0.23394755393559605,1,0,1
A-338080,Source2,CA,2017,0,0.25365960130542997,1,0,1
A-5577437,Source1,CA,2021,0,0.1595654804750711,0,0,0
A-5533782,Source1,TX,2021,0,0.3019614638886835,1,0,1
A-6970483,Source1,CA,2020,0,0.25514819826925195,1,0,1
A-2202449,Source2,TX,2019,0,0.282007146539599,1,0,1
A-964439,Source3,CA,2021,0,0.04164567218072693,0,0,0
A-460111,Source2,CA,2017,1,0.4595975969058886,1,0,0
A-6690600,Source1,TX,2020,0,0.07985581520219878,0,0,0
A-2244918,Source2,TX,2019,0,0.107644985941969,0,0,0
A-6473764,Source1,CA,2021,0,0.032651550996591824,0,0,0
A-7183636,Source1,CA,2020,0,0.07292962155362204,0,0,0
A-16609,Source2,CA,2016,0,0.3380948723474375,1,0,1
A-2700984,Source2,TX,2018,0,0.21658383326052957,1,0,1
A-50261,Source2,CA,2016,0,0.4723046543780304,1,0,1
A-5839204,Source1,TX,2021,0,0.2122741678679167,1,0,1
A-4530813,Source1,CA,2022,0,0.09313149726979046,0,0,0
A-6850829,Source1,TX,2020,0,0.03173074231569302,0,0,0
A-4895117,Source1,CA,2022,0,0.13897333773165294,0,0,0
A-6895791,Source1,CA,2020,0,0.09007301976906174,0,0,0
A-4350119,Source1,CA,,0,0.043093552333991265,0,0,0
A-4074198,Source1,CA,,0,0.05244443021532765,0,0,0
A-3090099,Source3,CA,2018,1,0.2954783364802099,1,0,0
A-3911945,Source1,CA,2022,0,0.044584506672826194,0,0,0
A-2391040,Source2,TX,2018,0,0.17398906212845325,0,0,0
A-3680085,Source1,CA,2023,0,0.04883783265864298,0,0,0
A-4468736,Source1,CA,2023,0,0.29651573560114597,1,0,1
A-5312471,Source1,CA,2022,0,0.16139861422620527,0,0,0
A-5064777,Source1,CA,2022,0,0.08469899470456457,0,0,0
A-522639,Source3,TX,2022,0,0.24936054302129249,1,0,1
A-4695394,Source1,TX,,0,0.053657328430205396,0,0,0
A-2716989,Source2,CA,2018,1,0.2326407399626021,1,0,0
A-30423,Source2,CA,2016,0,0.2774985405605784,1,0,1
A-508369,Source2,TX,2017,0,0.06490219368897333,0,0,0
A-2120819,Source2,CA,2019,0,0.057761721869609275,0,0,0
A-452115,Source2,TX,2017,0,0.048836950978492055,0,0,0
A-6062958,Source1,CA,2021,0,0.08697303324004693,0,0,0
A-5619782,Source1,TX,2021,0,0.18228968356758704,0,0,0
A-6496748,Source1,CA,2021,0,0.06039942413354504,0,0,0
A-3382212,Source2,CA,2017,1,0.4082958108680298,1,0,0
A-5122459,Source1,CA,,0,0.05211748187653505,0,0,0
A-1520096,Source2,TX,2020,1,0.10659024812284863,0,1,0
A-861443,Source2,TX,2021,0,0.20814200518643394,1,0,1
A-6597982,Source1,CA,2020,0,0.09964893769180001,0,0,0
A-3621593,Source1,CA,2017,0,0.3685652199964785,1,0,1
A-4852346,Source1,CA,2021,0,0.03228928189816167,0,0,0
A-1461877,Source2,TX,2020,0,0.051401908347920175,0,0,0
A-3274434,Source2,CA,2017,0,0.41938960038265094,1,0,1
A-2748931,Source2,CA,2018,0,0.288237659304827,1,0,1
A-2313442,Source2,TX,2019,0,0.05431038763746824,0,0,0
A-6645706,Source1,CA,2020,0,0.07105484407528918,0,0,0
A-7352970,Source1,CA,2019,0,0.08898261918704144,0,0,0
A-2704627,Source3,CA,2018,1,0.48925458787370824,1,0,0
A-2362760,Source2,CA,2019,1,0.345377878706029,1,0,0
A-6786094,Source1,CA,,0,0.02532124163081472,0,0,0
A-2927598,Source2,TX,2018,0,0.052116583744782584,0,0,0
A-4195985,Source1,CA,,0,0.0869262715840586,0,0,0
A-387233,Source2,TX,2017,0,0.3434652761711761,1,0,1
A-6478380,Source1,CA,,0,0.021597415855034625,0,0,0
A-5971484,Source1,CA,,0,0.14839593981256463,0,0,0
A-5193617,Source1,CA,,0,0.03208793782324013,0,0,0
A-1645275,Source2,CA,2020,0,0.23746501197636732,1,0,1
A-7101540,Source1,CA,2020,0,0.24931341644451846,1,0,1
A-3540986,Source1,CA,2016,0,0.28798306011380326,1,0,1
A-49483,Source2,CA,2016,0,0.12541893653212316,0,0,0
A-4075070,Source1,CA,2023,0,0.10181685808392855,0,0,0
A-7532385,Source1,CA,2018,0,0.44259654969031237,1,0,1
A-1375027,Source2,CA,2020,0,0.1327870611210839,0,0,0
A-7379604,Source1,CA,2019,0,0.11115727346747155,0,0,0
A-1056678,Source2,TX,2021,0,0.33469165018686076,1,0,1
A-3224678,Source2,CA,2017,1,0.3205696597053025,1,0,0
A-4009597,Source1,TX,2022,0,0.20131526508146397,1,0,1
A-5281730,Source1,CA,2022,0,0.2792380566057785,1,0,1
A-7558365,Source1,CA,2018,0,0.30106296293160134,1,0,1
A-1912151,Source3,CA,2019,0,0.162503104209256,0,0,0
A-34735,Source2,CA,2016,0,0.3619346165238126,1,0,1
A-74595,Source2,CA,2016,1,0.3594313595741575,1,0,0
A-5315640,Source1,CA,,0,0.07265741467550449,0,0,0
A-4456337,Source1,CA,2022,0,0.10328981833367848,0,0,0
A-3394015,Source2,TX,2017,0,0.18360752430438204,0,0,0
A-34625,Source2,CA,2016,1,0.36469657005088785,1,0,0
A-1222183,Source2,TX,2020,1,0.07452983668383444,0,1,0
A-6757077,Source1,CA,2020,0,0.0703992289022513,0,0,0
A-959473,Source2,TX,2021,1,0.3153050904518685,1,0,0
A-281463,Source2,TX,2016,0,0.051555311886423615,0,0,0
A-6467461,Source1,CA,2021,0,0.21566064387538564,1,0,1
A-3954246,Source1,CA,2023,0,0.0876340402765635,0,0,0
A-68840,Source2,CA,2016,1,0.4489013017223183,1,0,0
A-2113710,Source2,CA,2019,0,0.17605628747075866,1,0,1
A-6774617,Source1,CA,2020,0,0.04375175720549752,0,0,0
A-3950027,Source1,CA,2022,0,0.08239029064768996,0,0,0
A-2597045,Source2,TX,2018,1,0.40049645008105583,1,0,0
A-101195,Source2,CA,2016,0,0.38479555944225946,1,0,1
A-7557312,Source1,CA,2018,0,0.31316587378879895,1,0,1
A-2166969,Source2,TX,2019,1,0.1199469671679313,0,1,0
A-5304628,Source1,CA,2022,0,0.2614272144494918,1,0,1
A-7461703,Source1,CA,2019,0,0.30120956706717117,1,0,1
A-111517,Source2,CA,2016,0,0.26395011776749855,1,0,1
A-5293589,Source1,TX,2022,0,0.21596977780229212,1,0,1
A-2569,Source2,CA,2016,1,0.44180650379332287,1,0,0
A-2220204,Source2,CA,2019,1,0.37999050148699076,1,0,0
A-5007640,Source1,CA,,0,0.02329857435124775,0,0,0
A-3622089,Source1,CA,2017,1,0.39164070978187243,1,0,0
A-5782046,Source1,TX,2021,0,0.06586362373916668,0,0,0
A-23283,Source2,CA,2016,1,0.28735880501025113,1,0,0
A-318598,Source2,CA,2017,1,0.3107367556436202,1,0,0
A-2404599,Source2,TX,2018,1,0.1725808568454749,1,0,0
A-633338,Source3,CA,2022,1,0.05292159306680914,0,1,0
A-4547754,Source1,CA,2022,0,0.16926731206757362,0,0,0
A-3608832,Source1,CA,2017,0,0.28340943766202475,1,0,1
A-3015247,Source2,CA,2018,0,0.3078415889506314,1,0,1
A-2631443,Source2,TX,2018,0,0.06877990436919541,0,0,0
A-3117177,Source2,TX,2017,0,0.1918140613819514,1,0,1
A-1676589,Source2,CA,2020,0,0.05284575919961837,0,0,0
A-5989168,Source1,CA,2021,0,0.06257378197017587,0,0,0
A-3172801,Source2,CA,2017,0,0.32180142531724143,1,0,1
A-341749,Source2,CA,2017,1,0.25649600817609974,1,0,0
A-5737971,Source1,TX,2021,0,0.0628578581096165,0,0,0
A-2816459,Source2,CA,2018,0,0.319570564538017,1,0,1
A-6330824,Source1,CA,2021,0,0.2170195284642582,1,0,1
A-4652753,Source1,CA,2022,0,0.10051271921665954,0,0,0
A-7563746,Source1,CA,2018,0,0.34122055148703545,1,0,1
A-7212365,Source1,CA,2020,0,0.06145994650936766,0,0,0
A-4262014,Source1,TX,2022,0,0.09912914928832038,0,0,0
A-5721000,Source1,TX,2021,0,0.2565599242230778,1,0,1
A-3984165,Source1,CA,,0,0.05127420798794544,0,0,0
A-3529316,Source1,CA,2017,0,0.14907580764891978,0,0,0
A-5502342,Source1,CA,,0,0.2237427793213124,1,0,1
A-7315686,Source1,CA,2019,0,0.27128674185580903,1,0,1
A-3623458,Source1,CA,2017,0,0.3533909703528365,1,0,1
A-3996894,Source1,TX,2023,0,0.025544828806984533,0,0,0
A-2816500,Source2,CA,2018,0,0.04369492500051446,0,0,0
A-3535693,Source1,CA,2016,0,0.33429086134306685,1,0,1
A-2615874,Source2,TX,2018,0,0.20344346055111337,1,0,1
A-5885547,Source1,TX,,0,0.03448839957187249,0,0,0
A-2762578,Source2,CA,2018,1,0.2599378460730691,1,0,0
A-3411561,Source2,TX,2017,0,0.2988224713094489,1,0,1
A-4049866,Source1,CA,,0,0.05097224427529716,0,0,0
A-6386046,Source1,CA,2021,0,0.03850373487039812,0,0,0
A-4731935,Source1,TX,,0,0.07182890172675936,0,0,0
A-3042096,Source2,CA,2018,1,0.36246315527281847,1,0,0
A-9738,Source2,CA,2017,0,0.29807028763148896,1,0,1
A-3415897,Source1,CA,2016,0,0.3361673245273805,1,0,1
A-7137578,Source1,CA,2020,0,0.3095823146067935,1,0,1
A-4856606,Source1,CA,2022,0,0.08514486310468972,0,0,0
A-58659,Source2,CA,2016,0,0.3430818627467868,1,0,1
A-6925775,Source1,CA,2020,0,0.054908550244599154,0,0,0
A-2562273,Source2,TX,2018,0,0.18184953372417165,0,0,0
A-7384948,Source1,CA,2019,0,0.028600330845290206,0,0,0
A-92176,Source2,CA,2016,0,0.219031991286658,1,0,1
A-3170598,Source2,CA,2017,1,0.3208490814192103,1,0,0
A-281467,Source2,TX,2016,0,0.1548873939433144,0,0,0
A-4286394,Source1,CA,,0,0.19034414231316304,1,0,1
A-3724237,Source1,TX,,0,0.22793179510113787,1,0,1
A-5298619,Source1,CA,2022,0,0.17146379589754973,0,0,0
A-1676702,Source2,CA,2020,0,0.055038968112014384,0,0,0
A-6572147,Source1,CA,,0,0.0376320831330225,0,0,0
A-4177526,Source1,CA,2022,0,0.054963613733344255,0,0,0
A-3843800,Source1,CA,2022,0,0.07359878658317731,0,0,0
A-7284099,Source1,CA,2020,0,0.07606492112567723,0,0,0
A-7767578,Source1,CA,2019,0,0.08806105218109751,0,0,0
A-6968845,Source1,CA,2020,0,0.14882333414735696,0,0,0
A-1843620,Source2,TX,2019,0,0.028268656125216444,0,0,0
A-4597901,Source1,CA,2022,0,0.2052616838913886,1,0,1
A-1221151,Source2,CA,2020,0,0.02479728079351444,0,0,0
A-457853,Source2,CA,2017,0,0.3805218043769957,1,0,1
A-1504049,Source2,TX,2020,0,0.12245800631740371,0,0,0
A-5985352,Source1,CA,2021,0,0.03653823402816773,0,0,0
A-1779894,Source2,TX,2019,1,0.12229180849509882,0,1,0
A-1394146,Source2,TX,2020,0,0.044481150018358305,0,0,0
A-4934592,Source1,CA,2022,0,0.0893086202046903,0,0,0
A-4666395,Source1,CA,2022,0,0.06785905053207732,0,0,0
A-353213,Source2,CA,2017,1,0.3346034266716817,1,0,0
A-6332685,Source1,CA,2021,0,0.06428689687552322,0,0,0
A-6455196,Source1,CA,2021,0,0.03805395752708603,0,0,0
A-2802002,Source2,CA,2018,0,0.3504130240505461,1,0,1
A-434184,Source2,TX,2017,1,0.16562785476661765,0,1,0
A-2701641,Source2,CA,2018,1,0.3898283586966353,1,0,0
A-3429118,Source1,TX,2017,0,0.330374211029108,1,0,1
A-7247111,Source1,CA,2020,0,0.13366731676563276,0,0,0
A-269781,Source2,TX,2017,0,0.3486681633840809,1,0,1
A-7505237,Source1,CA,2018,0,0.2673129358827343,1,0,1
A-3556991,Source1,TX,2017,0,0.3045004009246798,1,0,1
A-5322385,Source1,CA,,0,0.04048137418410815,0,0,0
A-6939,Source2,CA,2016,0,0.35555264546734755,1,0,1
A-868054,Source2,CA,2021,0,0.10298791311147004,0,0,0
A-2465143,Source2,TX,2018,0,0.358324421201404,1,0,1
A-821718,Source2,TX,2021,1,0.3024169427748528,1,0,0
A-6984949,Source1,CA,2020,0,0.1377951156270705,0,0,0
A-2074522,Source2,CA,2019,1,0.17646538768738118,1,0,0
A-7431692,Source1,CA,2019,0,0.27631556561156,1,0,1
A-7117978,Source1,CA,2020,0,0.15190844985813592,0,0,0
A-5007731,Source1,CA,,0,0.13235063389065477,0,0,0
A-494179,Source2,CA,2017,1,0.4425987704595734,1,0,0
A-295622,Source2,TX,2016,0,0.09246423273185797,0,0,0
A-7398227,Source1,CA,2019,0,0.05487366703952669,0,0,0
A-3414313,Source1,CA,2016,0,0.35039705818055555,1,0,1
A-2144371,Source2,CA,2019,0,0.09497977329490648,0,0,0
A-6312777,Source1,CA,2021,0,0.08064914877575793,0,0,0
A-3418862,Source1,CA,2016,0,0.2649624383232176,1,0,1
A-3338244,Source2,CA,2017,1,0.4146870606114847,1,0,0
A-5867475,Source1,CA,2021,0,0.11027058267638248,0,0,0
A-4828734,Source1,CA,2022,0,0.20505401630818648,1,0,1
A-5597968,Source1,CA,2021,0,0.05680081294016097,0,0,0
A-5894862,Source1,CA,2021,0,0.15888528058122608,0,0,0
A-4685052,Source1,CA,2022,0,0.0979741045217423,0,0,0
A-3709412,Source1,CA,2023,0,0.0642438052044301,0,0,0
A-1645363,Source3,CA,2020,0,0.20239743759035603,1,0,1
A-1655723,Source3,CA,2020,1,0.10759523162421429,0,1,0
A-7082244,Source1,CA,2020,0,0.3845113836967471,1,0,1
A-6173086,Source1,CA,2021,0,0.055835330759293124,0,0,0
A-2821038,Source2,CA,2018,0,0.48357507296532265,1,0,1
A-1181785,Source2,TX,2021,1,0.10247444476037874,0,1,0
A-612029,Source2,TX,2022,0,0.22298707231820702,1,0,1
A-4088876,Source1,CA,2022,0,0.11755595247611625,0,0,0
A-6052038,Source1,CA,2021,0,0.1470703197972529,0,0,0
A-2215222,Source2,TX,2019,0,0.31233123147841446,1,0,1
A-3669797,Source1,CA,,0,0.04785560674590201,0,0,0
A-1716022,Source3,CA,2019,1,0.07837874276090692,0,1,0
A-7568728,Source1,CA,2018,0,0.3314813607858958,1,0,1
A-723613,Source2,CA,2022,0,0.19326091120310115,1,0,1
A-3726399,Source1,CA,2022,0,0.1419486659109514,0,0,0
A-6768143,Source1,CA,2020,0,0.20361778031891395,1,0,1
A-3526639,Source1,CA,2016,0,0.3700846723788351,1,0,1
A-3679566,Source1,CA,2023,0,0.0610256537319719,0,0,0
A-4137877,Source1,TX,2022,0,0.05359308861218738,0,0,0
A-7280494,Source1,TX,2020,1,0.07760579883415486,0,1,0
A-660554,Source2,CA,2022,0,0.27281993444144026,1,0,1
A-6645920,Source1,CA,2020,0,0.05368238499205634,0,0,0
A-2589630,Source2,TX,2018,0,0.2826964449803556,1,0,1
A-6671144,Source1,CA,,0,0.03124057186675888,0,0,0
A-35411,Source2,CA,2016,0,0.32110673345687885,1,0,1
A-842172,Source2,CA,2021,1,0.26965234966238194,1,0,0
A-5439158,Source1,CA,2022,0,0.2520802343164424,1,0,1
A-6823516,Source1,CA,2020,1,0.02813216256254325,0,1,0
A-6528052,Source1,CA,2021,0,0.1360407926854546,0,0,0
A-3793014,Source1,TX,,0,0.061612656909469,0,0,0
A-2530840,Source2,TX,2018,0,0.34366705251341995,1,0,1
A-5019928,Source1,CA,2022,0,0.14675129151099325,0,0,0
A-6233371,Source1,CA,2021,0,0.27004860415977794,1,0,1
A-316941,Source2,CA,2017,0,0.09361934941351856,0,0,0
A-2960122,Source2,TX,2018,0,0.3898519897829204,1,0,1
A-402640,Source2,CA,2017,0,0.28881344076689963,1,0,1
A-3912009,Source1,CA,2022,0,0.07469010949215091,0,0,0
A-63698,Source2,CA,2017,0,0.3486645564577889,1,0,1
A-4754209,Source1,CA,,0,0.03761863884220163,0,0,0
A-2730801,Source2,CA,2018,0,0.4212560262344768,1,0,1
A-3152626,Source3,CA,2017,1,0.2821101710209815,1,0,0
A-3536446,Source1,CA,2016,0,0.353444447005852,1,0,1
A-2316446,Source2,CA,2019,0,0.28625294899943166,1,0,1
A-7633737,Source1,CA,2018,1,0.2974376641952413,1,0,0
A-5769534,Source1,CA,2021,0,0.11017858403289946,0,0,0
A-285393,Source2,TX,2016,0,0.05189809315384022,0,0,0
A-2118686,Source2,CA,2019,1,0.15419214070191167,0,1,0
A-6996910,Source1,CA,2020,0,0.20069726522595333,1,0,1
A-2898926,Source2,TX,2018,0,0.31756541913798025,1,0,1
A-2486220,Source2,TX,2018,0,0.30554809886211204,1,0,1
A-7323133,Source1,CA,2019,0,0.19904852931687012,1,0,1
A-7543485,Source1,CA,2018,0,0.391525782249133,1,0,1
A-351937,Source2,CA,2017,0,0.36444005559087483,1,0,1
A-2987610,Source2,CA,2018,0,0.2641621965484236,1,0,1
A-726278,Source3,CA,2022,0,0.044724930658325175,0,0,0
A-3017695,Source2,CA,2018,1,0.2826964449803556,1,0,0
A-5734009,Source1,CA,2021,0,0.12394042938799785,0,0,0
A-3986710,Source1,CA,2022,0,0.23886602610625207,1,0,1
A-4206675,Source1,CA,,0,0.03310873712252392,0,0,0
A-4575761,Source1,CA,2022,0,0.12134782117812852,0,0,0
A-7410188,Source1,CA,2019,0,0.15406568378766478,0,0,0
A-6357114,Source1,CA,2021,0,0.07596648033927464,0,0,0
A-741677,Source2,CA,2022,0,0.1366960809868337,0,0,0
A-1636204,Source2,TX,2020,0,0.10242598315301335,0,0,0
A-286107,Source2,TX,2016,0,0.06723000702287621,0,0,0
A-735940,Source2,TX,2022,0,0.03683282650602072,0,0,0
A-1182688,Source2,TX,2021,1,0.18202019783942242,0,1,0
A-4600229,Source1,TX,2022,0,0.3598559202327089,1,0,1
A-986148,Source2,TX,2021,1,0.15088240040427087,0,1,0
A-3443315,Source1,TX,2016,1,0.25125468489945585,1,0,0
A-927807,Source2,CA,2021,1,0.13718799239196405,0,1,0
A-3373340,Source2,CA,2017,1,0.44216589454112365,1,0,0
A-3416860,Source1,CA,2016,0,0.28447630992565565,1,0,1
A-405072,Source2,CA,2017,0,0.48591360657532157,1,0,1
A-4799680,Source1,CA,2022,0,0.35235392801024434,1,0,1
A-88325,Source2,CA,2016,1,0.3063393196546233,1,0,0
A-461948,Source2,CA,2017,0,0.11568069907983163,0,0,0
A-7124171,Source1,CA,2020,0,0.07817688382304866,0,0,0
A-4687745,Source1,CA,2022,0,0.06935917139203376,0,0,0
A-5154160,Source1,CA,,0,0.022835630855748634,0,0,0
A-4964106,Source1,CA,2022,0,0.07109189940059146,0,0,0
A-7331655,Source1,CA,2019,0,0.03028117275840676,0,0,0
A-3296934,Source2,CA,2017,0,0.3655656458227884,1,0,1
A-5189749,Source1,TX,2022,0,0.29769156435423694,1,0,1
A-3836854,Source1,CA,2022,0,0.13991239929039415,0,0,0
A-3691178,Source1,CA,2023,0,0.2892128745446807,1,0,1
A-7695995,Source1,TX,2017,0,0.37732306585943165,1,0,1
A-1995941,Source2,CA,2019,1,0.18411709853664576,1,0,0
A-67386,Source2,CA,2016,0,0.40943635686170765,1,0,1
A-7221460,Source1,CA,2020,0,0.06519472168075452,0,0,0
A-7420233,Source1,CA,2019,0,0.09933897152906689,0,0,0
A-7242513,Source1,CA,2020,0,0.027525585487740284,0,0,0
A-542522,Source2,TX,2022,0,0.056131887706278895,0,0,0
A-2966647,Source2,CA,2018,0,0.18754676653741562,0,0,0
A-304937,Source2,TX,2016,0,0.22029083334893365,1,0,1
A-3256736,Source2,CA,2017,0,0.42699560664703534,1,0,1
A-4259786,Source1,CA,,0,0.04935052494851579,0,0,0
A-4531387,Source1,CA,2023,0,0.041409181672884966,0,0,0
A-5391659,Source1,CA,,1,0.02238956339434969,0,1,0
A-1355659,Source2,CA,2020,0,0.05494316503980575,0,0,0
A-3801403,Source1,CA,2023,0,0.13165916753274684,0,0,0
A-820318,Source2,CA,2021,0,0.0872440576278115,0,0,0
A-3179810,Source2,CA,2017,0,0.39451223681051023,1,0,1
A-4220127,Source1,CA,2022,0,0.12510820663128544,0,0,0
A-4483151,Source1,CA,2023,0,0.06381524944827514,0,0,0
A-3703961,Source1,CA,2023,0,0.06629167274222632,0,0,0
A-3948097,Source1,CA,2023,0,0.13898205852990714,0,0,0
A-4974104,Source1,CA,,0,0.15578964305338958,0,0,0
A-1376883,Source2,CA,2020,0,0.14450722548621572,0,0,0
A-5615280,Source1,CA,2021,0,0.09610310413936947,0,0,0
A-685534,Source2,CA,2022,0,0.060933874355897866,0,0,0
A-2373044,Source2,CA,2018,0,0.2985162210697331,1,0,1
A-59792,Source2,CA,2016,1,0.18635177145420262,1,0,0
A-4917916,Source1,CA,2022,0,0.042424401442411566,0,0,0
A-387476,Source2,TX,2017,0,0.296967348812692,1,0,1
A-7239874,Source1,CA,2020,0,0.3454481708715396,1,0,1
A-4948405,Source1,CA,,0,0.04358503429494275,0,0,0
A-1194870,Source2,CA,2021,0,0.09266234688316946,0,0,0
A-6019424,Source1,CA,2021,0,0.09266671460764914,0,0,0
A-745939,Source2,TX,2022,1,0.09278503594495398,0,1,0
A-85514,Source2,CA,2016,0,0.3175022213176487,1,0,1
A-294911,Source2,TX,2016,1,0.3316503254096908,1,0,0
A-4012276,Source1,CA,,0,0.08872478222558655,0,0,0
A-6028632,Source1,CA,2021,0,0.23238312711619935,1,0,1
A-1768732,Source2,CA,2019,0,0.03874432454749942,0,0,0
A-7189225,Source1,TX,2020,1,0.17647926653977258,1,0,0
A-82663,Source2,CA,2016,0,0.08454813970626958,0,0,0
A-874042,Source2,TX,2021,0,0.03625460549439091,0,0,0
A-792820,Source2,CA,2021,0,0.05225010943344257,0,0,0
A-7112832,Source1,CA,2020,0,0.07980543486207684,0,0,0
A-1456003,Source3,CA,2020,0,0.1267335074011949,0,0,0
A-825104,Source2,CA,2021,0,0.07606459083996048,0,0,0
A-3845955,Source1,CA,,0,0.12167278474823236,0,0,0
A-5259050,Source1,TX,2023,0,0.2911342550108845,1,0,1
A-4382698,Source1,CA,2022,0,0.14800589216877177,0,0,0
A-4520723,Source1,CA,2022,0,0.07250521628225695,0,0,0
A-6239902,Source1,CA,2021,0,0.19426290941665872,1,0,1
A-4355609,Source1,TX,2022,0,0.11255967636327271,0,0,0
A-2918612,Source2,TX,2018,1,0.15460741189229601,0,1,0
A-6770895,Source1,TX,2020,0,0.06327289550873909,0,0,0
A-5496568,Source1,CA,2021,0,0.07548590518271155,0,0,0
A-5906005,Source1,CA,,0,0.05142344289829357,0,0,0
A-779490,Source2,CA,2021,0,0.09829144129144622,0,0,0
A-1069094,Source2,TX,2021,0,0.16460159894731227,0,0,0
A-4025094,Source1,CA,2022,0,0.11047811486014965,0,0,0
A-6308654,Source1,CA,2021,0,0.15382558134274876,0,0,0
A-2240072,Source2,TX,2019,1,0.18421024371181088,1,0,0
A-712383,Source2,CA,2022,1,0.39792520647777796,1,0,0
A-2646457,Source2,CA,2018,0,0.13833549178703852,0,0,0
A-1970837,Source2,TX,2019,0,0.3247015777287957,1,0,1
A-2611672,Source2,TX,2018,1,0.42167707989713304,1,0,0
A-5706144,Source1,CA,,0,0.12001489171465489,0,0,0
A-7718833,Source1,CA,2019,0,0.19049045749325372,1,0,1
A-934258,Source2,CA,2021,1,0.15090638561921238,0,1,0
A-912903,Source2,CA,2021,1,0.07360189326452148,0,1,0
A-7241766,Source1,CA,2020,0,0.27442095557206525,1,0,1
A-6333204,Source1,CA,2021,0,0.12268659127221782,0,0,0
A-5990333,Source1,TX,2021,0,0.17247699329219038,0,0,0
A-1849019,Source2,TX,2019,0,0.26629932112881166,1,0,1
A-3568028,Source1,TX,2017,1,0.3539852216512228,1,0,0
A-2325067,Source2,TX,2019,0,0.357833774725152,1,0,1
A-69271,Source2,CA,2016,0,0.36313814339212397,1,0,1
A-6339799,Source1,CA,2021,0,0.12820678180859252,0,0,0
A-6645941,Source1,TX,2020,0,0.13314815206589145,0,0,0
A-2179269,Source2,CA,2019,0,0.3301624662926215,1,0,1
A-1072206,Source3,CA,2021,0,0.2650057500389578,1,0,1
A-29010,Source2,CA,2016,0,0.37429208208147735,1,0,1
A-4792807,Source1,CA,2022,0,0.27702303221561353,1,0,1
A-1508208,Source2,CA,2020,0,0.2889661538923988,1,0,1
A-7008742,Source1,CA,2020,0,0.45151488530408884,1,0,1
A-4960,Source2,CA,2016,0,0.3475181207809183,1,0,1
A-3938911,Source1,CA,2022,0,0.06453083921735457,0,0,0
A-7244102,Source1,CA,2020,0,0.07098981719147007,0,0,0
A-4815628,Source1,CA,,0,0.06211474441469885,0,0,0
A-690234,Source2,TX,2022,0,0.27829119370357414,1,0,1
A-4143659,Source1,TX,,0,0.040572159538622296,0,0,0
A-7368976,Source1,CA,2019,0,0.07541666105848362,0,0,0
A-405918,Source2,CA,2017,0,0.36802607275539906,1,0,1
A-974035,Source2,CA,2021,0,0.09653908783435945,0,0,0
A-622051,Source2,TX,2022,1,0.2735012242699623,1,0,0
A-2955350,Source2,CA,2018,0,0.3396680749698279,1,0,1
A-2314104,Source2,CA,2019,1,0.2707530883156771,1,0,0
A-4691271,Source1,CA,,0,0.031068085135034906,0,0,0
A-453317,Source2,TX,2017,0,0.07455962709170597,0,0,0
A-463841,Source2,CA,2017,0,0.12321564170845149,0,0,0
A-7296320,Source1,CA,2019,0,0.05022792920642803,0,0,0
A-6306124,Source1,CA,2021,0,0.08138514118594595,0,0,0
A-938083,Source2,CA,2021,0,0.05903787414465922,0,0,0
A-613473,Source2,CA,2022,1,0.1945402115029912,1,0,0
A-1907204,Source2,CA,2019,0,0.19220155012540543,0,0,0
A-1223332,Source2,TX,2020,0,0.0539906628828551,0,0,0
A-3609506,Source1,CA,2017,0,0.2962907859887786,1,0,1
A-5599939,Source1,TX,2021,0,0.05264718604707539,0,0,0
A-6130164,Source1,CA,2021,0,0.07252038251473253,0,0,0
A-1815079,Source2,TX,2019,0,0.20217210465905144,1,0,1
A-7208637,Source1,CA,2020,0,0.2982532665882245,1,0,1
A-1203872,Source2,CA,2021,0,0.048492517756351744,0,0,0
A-5108013,Source1,CA,,0,0.08909353082340432,0,0,0
A-1408465,Source2,CA,2020,1,0.08901582997480317,0,1,0
A-5419346,Source1,CA,2023,0,0.12043311683197969,0,0,0
A-6320422,Source1,CA,2021,0,0.032740305351491875,0,0,0
A-6896288,Source1,CA,2020,0,0.25173161180707704,1,0,1
A-1748653,Source2,TX,2019,1,0.11517021030049898,0,1,0
A-3427683,Source1,TX,2016,0,0.28871263373515255,1,0,1
A-2716023,Source2,CA,2018,0,0.26011470187426117,1,0,1
A-297591,Source2,TX,2016,1,0.3826048317321705,1,0,0
A-1377659,Source2,CA,2020,0,0.074179519410709,0,0,0
A-5094598,Source1,CA,,0,0.04070351166895827,0,0,0
A-7670881,Source1,TX,2017,1,0.32326760495844614,1,0,0
A-2863339,Source2,CA,2018,1,0.4150241157005444,1,0,0
A-348015,Source2,CA,2017,0,0.2981561242823645,1,0,1
A-2713144,Source2,TX,2018,0,0.40996992381401876,1,0,1
A-3734193,Source1,CA,2022,0,0.1302384226591791,0,0,0
A-6685037,Source1,CA,2020,0,0.09089481839601557,0,0,0
A-2770524,Source2,TX,2018,0,0.05533967263932119,0,0,0
A-7623802,Source1,CA,2018,0,0.28540476865893183,1,0,1
A-4328371,Source1,CA,2022,0,0.287478197948581,1,0,1
A-5765939,Source1,CA,2021,0,0.03999776304404671,0,0,0
A-3184870,Source2,TX,2017,0,0.1871292277549323,1,0,1
A-389860,Source2,TX,2017,0,0.3262987260244949,1,0,1
A-4649336,Source1,CA,2023,0,0.04175974141730817,0,0,0
A-7355770,Source1,CA,2019,0,0.08590103705812754,0,0,0
A-491724,Source3,CA,2017,1,0.27304318286055124,1,0,0
A-7220728,Source1,CA,2020,0,0.21601261920731035,1,0,1
A-6463404,Source1,CA,2021,0,0.13169069774638684,0,0,0
A-7123964,Source1,CA,2020,0,0.05370761353868779,0,0,0
A-6027905,Source1,CA,2021,0,0.10419526022724797,0,0,0
A-3538449,Source1,CA,2016,0,0.23957230349169575,1,0,1
A-5180236,Source1,CA,2022,0,0.3185589835006365,1,0,1
A-7361368,Source1,CA,2019,0,0.27400850199400534,1,0,1
A-86501,Source2,CA,2016,1,0.2183051928572109,1,0,0
A-6707157,Source1,CA,2020,0,0.2057722745958796,1,0,1
A-4710714,Source1,TX,2022,0,0.18722148049241386,1,0,1
A-15487,Source2,CA,2016,1,0.3445098959395154,1,0,0
A-5513787,Source1,CA,2021,0,0.034271404909713865,0,0,0
A-6400187,Source1,CA,2021,0,0.12410589193376312,0,0,0
A-1374513,Source2,TX,2020,1,0.23319214295570317,1,0,0
A-7303766,Source1,CA,2019,0,0.22964248024324432,1,0,1
A-5615643,Source1,CA,2021,0,0.08696308305813229,0,0,0
A-7002030,Source1,CA,2020,0,0.2042786756850871,1,0,1
A-3713002,Source1,CA,2022,0,0.22722561708114508,1,0,1
A-3855719,Source1,CA,2022,0,0.3070625459940026,1,0,1
A-4199207,Source1,CA,,0,0.0445323697807599,0,0,0
A-4682165,Source1,TX,,0,0.08768799954897853,0,0,0
A-7252394,Source1,CA,2020,0,0.268425417590587,1,0,1
A-3240109,Source3,CA,2017,1,0.29743758337494414,1,0,0
A-5812530,Source1,CA,2021,0,0.11563380482637116,0,0,0
A-396744,Source2,CA,2017,0,0.35778079423285203,1,0,1
A-6788257,Source1,TX,2020,0,0.04031269249701177,0,0,0
A-4605211,Source1,CA,,0,0.16250622047431135,0,0,0
A-3009712,Source2,TX,2018,0,0.27776177788150896,1,0,1
A-1446935,Source2,TX,2020,0,0.06011625918028328,0,0,0
A-1739101,Source2,CA,2019,0,0.029535316335908453,0,0,0
A-3654491,Source1,CA,,0,0.06296149912079183,0,0,0
A-6109057,Source1,CA,,0,0.05700227184562998,0,0,0
A-6481354,Source1,CA,2021,0,0.1420525361615684,0,0,0
A-877929,Source2,CA,2021,0,0.24175850713085287,1,0,1
A-487583,Source2,TX,2017,0,0.15041205979528477,0,0,0
A-2407417,Source2,CA,2018,0,0.3427464263347881,1,0,1
A-459914,Source2,CA,2017,1,0.19330489693923983,1,0,0
A-2528825,Source2,CA,2018,0,0.09497881806447114,0,0,0
A-1404693,Source2,CA,2020,0,0.08580922933013015,0,0,0
A-4113156,Source1,CA,2022,0,0.08341857173082336,0,0,0
A-6985509,Source1,CA,2020,0,0.057166960491988494,0,0,0
A-5235030,Source1,CA,,0,0.03636508971776732,0,0,0
A-78758,Source2,CA,2016,1,0.3634394897296363,1,0,0
A-2665194,Source2,CA,2018,0,0.3589006111216831,1,0,1
A-45025,Source2,CA,2016,0,0.3082677822389134,1,0,1
A-1269759,Source2,TX,2020,0,0.13028370933024624,0,0,0
A-7410953,Source1,CA,2019,0,0.07929845942038669,0,0,0
A-2225268,Source2,CA,2019,0,0.3550096384551256,1,0,1
A-7642485,Source1,CA,2017,1,0.34125224047631403,1,0,0
A-6978862,Source1,CA,2020,0,0.07895827744748266,0,0,0
A-2757569,Source2,CA,2018,1,0.3225431912416498,1,0,0
A-2396319,Source2,TX,2018,1,0.16753124291041016,0,1,0
A-4055282,Source1,CA,2022,0,0.34145140275936237,1,0,1
A-7405220,Source1,CA,2019,0,0.24572970898597918,1,0,1
A-5354823,Source1,TX,2022,0,0.16541191209232126,1,0,1
A-1417191,Source2,CA,2020,1,0.16685031164603173,0,1,0
A-1863004,Source2,CA,2019,0,0.06077192477463387,0,0,0
A-5557770,Source1,TX,,0,0.10945272267661763,0,0,0
A-7338635,Source1,CA,2019,0,0.1523959383069122,0,0,0
A-6999613,Source1,CA,2020,0,0.05638484292230722,0,0,0
A-1862949,Source2,CA,2019,0,0.07081235808187135,0,0,0
A-86260,Source2,CA,2016,0,0.22819167590769845,1,0,1
A-2562830,Source2,TX,2018,0,0.11676708920529313,0,0,0
A-1963118,Source2,CA,2019,1,0.27612030533429505,1,0,0
A-7680846,Source1,CA,2017,0,0.08229841852093925,0,0,0
A-2893775,Source2,TX,2018,1,0.2887267916276525,1,0,0
A-6420948,Source1,TX,2021,0,0.04420790751839511,0,0,0
A-5843776,Source1,TX,,0,0.0497133788248265,0,0,0
A-1305869,Source2,CA,2020,1,0.1200834813457798,0,1,0
A-6643422,Source1,CA,2020,0,0.24673581320366922,1,0,1
A-4080184,Source1,TX,2022,0,0.12555060377229751,0,0,0
A-7028889,Source1,TX,2020,0,0.17340871336589625,0,0,0
A-5788104,Source1,CA,2021,0,0.08832920999587217,0,0,0
A-108385,Source2,CA,2016,0,0.4304287312263241,1,0,1
A-730925,Source2,TX,2022,0,0.046995808107023244,0,0,0
A-3680728,Source1,CA,2023,0,0.15378364063250713,0,0,0
A-5244650,Source1,CA,2022,0,0.23543634785304696,1,0,1
A-7708511,Source1,CA,2019,0,0.3060269660755407,1,0,1
A-6149172,Source1,TX,2021,0,0.14852156996390412,0,0,0
A-1219716,Source2,CA,2020,0,0.06374520894315187,0,0,0
A-4893296,Source1,CA,2023,0,0.06418852983811243,0,0,0
A-5608607,Source1,CA,2021,0,0.057974281233545054,0,0,0
A-2499710,Source2,CA,2018,1,0.31528909192146476,1,0,0
A-4918473,Source1,CA,2022,0,0.1316721251668671,0,0,0
A-1810157,Source2,TX,2019,0,0.17469892226650338,1,0,1
A-1172197,Source2,TX,2021,0,0.098702146404329,0,0,0
A-2951420,Source2,CA,2018,1,0.3724790519015319,1,0,0
A-870532,Source3,CA,2021,0,0.04101945500456371,0,0,0
A-347235,Source2,CA,2017,0,0.09479897581052309,0,0,0
A-1936843,Source3,CA,2019,0,0.14185179405061193,0,0,0
A-36434,Source2,CA,2016,0,0.07013410563883204,0,0,0
A-6327829,Source1,CA,2021,0,0.045822982756365316,0,0,0
A-6721136,Source1,TX,2020,0,0.058056237296370904,0,0,0
A-7673550,Source1,TX,2017,0,0.3207456643401885,1,0,1
A-4969942,Source1,CA,2022,0,0.06512364691987665,0,0,0
A-6378482,Source1,CA,,0,0.02397147588261555,0,0,0
A-3835450,Source1,TX,2022,0,0.31926668184016116,1,0,1
A-3340969,Source2,CA,2017,0,0.307246749435504,1,0,1
A-6495524,Source1,CA,2021,0,0.17146998479894018,0,0,0
A-7163167,Source1,CA,2020,0,0.26897701033218224,1,0,1
A-428676,Source3,TX,2017,1,0.30945124153570436,1,0,0
A-979508,Source2,TX,2021,1,0.14301326082468976,0,1,0
A-1520185,Source2,TX,2020,1,0.23304782512763977,1,0,0
A-2373209,Source2,CA,2018,0,0.06797678214194042,0,0,0
A-2162230,Source2,TX,2019,0,0.08171854979556337,0,0,0
A-4956813,Source1,CA,2023,0,0.051543363787623774,0,0,0
A-1973396,Source2,CA,2019,0,0.13810591833766153,0,0,0
A-5096628,Source1,CA,2022,0,0.21969552206358806,1,0,1
A-5756377,Source1,CA,,0,0.02597387245123614,0,0,0
A-5056725,Source1,CA,2022,0,0.2549384253018416,1,0,1
A-4194634,Source1,TX,2022,0,0.0601238716450163,0,0,0
A-3834935,Source1,CA,2022,0,0.06890879175719938,0,0,0
A-912874,Source2,TX,2021,1,0.24734142755858263,1,0,0
A-7709620,Source1,CA,2019,0,0.06254043150884496,0,0,0
A-6994769,Source1,CA,2020,0,0.2666902151550185,1,0,1
A-2868336,Source2,CA,2018,1,0.41049620523689523,1,0,0
A-2757276,Source2,TX,2018,1,0.3731414405316361,1,0,0
A-7373673,Source1,CA,2019,0,0.12024561823772029,0,0,0
A-7273100,Source1,CA,2020,0,0.13264952938422686,0,0,0
A-87591,Source2,CA,2016,0,0.22978080337411416,1,0,1
A-4381157,Source1,CA,2022,0,0.14407764648495497,0,0,0
A-3956713,Source1,CA,2022,0,0.07221219683323896,0,0,0
A-4554385,Source1,CA,,0,0.037002638574111,0,0,0
A-2483870,Source2,CA,2018,0,0.277818051861049,1,0,1
A-6935318,Source1,CA,2020,0,0.27302438602010126,1,0,1
A-5520606,Source1,CA,2021,0,0.03836202129837725,0,0,0
A-2378892,Source2,TX,2018,0,0.18000640912625926,1,0,1
A-1741203,Source2,TX,2019,1,0.1375946552609839,0,1,0
A-4643650,Source1,CA,2023,0,0.06816399591148958,0,0,0
A-2018808,Source2,CA,2019,0,0.12432655300830134,0,0,0
A-5549830,Source1,CA,2021,0,0.13826771469439847,0,0,0
A-3201615,Source2,TX,2017,1,0.26576017360529025,1,0,0
A-27515,Source2,CA,2016,0,0.3746591706100193,1,0,1
A-485935,Source2,TX,2017,0,0.326536357377757,1,0,1
A-2704526,Source2,CA,2018,1,0.35882220762280426,1,0,0
A-5044921,Source1,TX,2022,0,0.04814863193187294,0,0,0
A-2200191,Source2,TX,2019,0,0.12237876417859202,0,0,0
A-1400114,Source2,CA,2020,0,0.1660934228735923,0,0,0
A-7438905,Source1,CA,2019,1,0.05717119392609212,0,1,0
A-4766519,Source1,CA,2022,0,0.05706546182984864,0,0,0
A-435331,Source2,TX,2017,0,0.4189918114146051,1,0,1
A-6204479,Source1,CA,2021,0,0.2817740999007506,1,0,1
A-2008201,Source2,TX,2019,0,0.07563070949503739,0,0,0
A-536327,Source2,CA,2022,1,0.14495266422026598,0,1,0
A-7087957,Source1,CA,2020,0,0.14063730781826428,0,0,0
A-5307208,Source1,CA,,0,0.16851396889307577,1,0,1
A-26157,Source2,CA,2016,1,0.3095915716503996,1,0,0
A-6513259,Source1,CA,2021,0,0.05183752413073739,0,0,0
A-3425752,Source1,TX,2016,1,0.3049025687187905,1,0,0
A-5490150,Source1,TX,2021,0,0.12028895043620505,0,0,0
A-2528795,Source2,CA,2018,0,0.2170766874487267,1,0,1
A-7419221,Source1,CA,2019,0,0.3286561182822706,1,0,1
A-5457606,Source1,CA,2022,0,0.1801814078079839,0,0,0
A-6433844,Source1,TX,2021,0,0.2999255748987022,1,0,1
A-3545551,Source1,CA,2016,1,0.085324370807462,0,1,0
A-1561478,Source2,TX,2020,0,0.19858266729299645,1,0,1
A-3068545,Source2,CA,2018,0,0.38736875448746233,1,0,1
A-6386406,Source1,CA,2021,0,0.24944487052665462,1,0,1
A-298375,Source2,TX,2016,1,0.3186041773533509,1,0,0
A-4814823,Source1,TX,,0,0.15578964305338958,0,0,0
A-3030951,Source2,TX,2018,0,0.1508504177471563,0,0,0
A-42678,Source2,CA,2016,0,0.11588914158339478,0,0,0
A-7087824,Source1,CA,2020,0,0.037578705202203924,0,0,0
A-6556267,Source1,CA,2021,0,0.05576123808198443,0,0,0
A-1220659,Source2,TX,2020,0,0.03229833195800973,0,0,0
A-3762396,Source1,CA,2022,0,0.33583235935217004,1,0,1
A-5066776,Source1,CA,2022,0,0.2279322241825683,1,0,1
A-7344448,Source1,CA,2019,0,0.0700280997099534,0,0,0
A-6535504,Source1,CA,2021,0,0.09929117166870656,0,0,0
A-4962870,Source1,CA,2022,0,0.1679523605394928,0,0,0
A-5289215,Source1,CA,,0,0.023504552087286683,0,0,0
A-5517155,Source1,CA,2021,0,0.05105438461501739,0,0,0
A-5807805,Source1,TX,2021,0,0.20316726834171503,1,0,1
A-5188138,Source1,CA,2022,0,0.10413152624516953,0,0,0
A-6639026,Source1,CA,2020,0,0.07760422732416546,0,0,0
A-6934631,Source1,CA,2020,0,0.06081492259180399,0,0,0
A-4615755,Source1,CA,2022,0,0.045699998042727716,0,0,0
A-5993459,Source1,CA,2021,0,0.08775382883787156,0,0,0
A-3079371,Source2,TX,2018,1,0.25571943024824295,1,0,0
A-456661,Source2,CA,2017,0,0.10744535440776612,0,0,0
A-5072530,Source1,CA,2023,0,0.06758175998376176,0,0,0
A-4260032,Source1,TX,,0,0.047711586111822954,0,0,0
A-3752105,Source1,CA,2022,0,0.1482825652501638,0,0,0
A-6401077,Source1,CA,2021,0,0.04820014822131322,0,0,0
A-1997346,Source2,TX,2019,0,0.06938721237992099,0,0,0
A-4231126,Source1,CA,,0,0.05077546118122639,0,0,0
A-1659725,Source2,TX,2020,1,0.21932783318650043,1,0,0
A-5989530,Source1,CA,2021,0,0.3495495688547028,1,0,1
A-6247154,Source1,CA,,0,0.04661333727960981,0,0,0
A-6813227,Source1,CA,2020,0,0.04814617632629175,0,0,0
A-62837,Source2,CA,2017,1,0.3355097505288994,1,0,0
A-6209413,Source1,TX,2021,0,0.06201629582230518,0,0,0
A-1055153,Source2,CA,2021,0,0.061154746484691505,0,0,0
A-2786962,Source2,CA,2018,1,0.3456136789825459,1,0,0
A-6247271,Source1,CA,,0,0.14278085145909106,0,0,0
A-2138759,Source2,TX,2019,0,0.20487052922822402,1,0,1
A-28251,Source2,CA,2016,0,0.36737634883337594,1,0,1
A-5715357,Source1,CA,,0,0.08490059383206446,0,0,0
A-5785522,Source1,TX,2021,0,0.12773387742627834,0,0,0
A-1572234,Source2,TX,2020,1,0.1863727542667712,1,0,0
A-5989606,Source1,CA,2021,0,0.1266035803249601,0,0,0
A-6130133,Source1,CA,2021,0,0.104096365465335,0,0,0
A-5922319,Source1,TX,2021,0,0.12359686967750627,0,0,0
A-1730664,Source3,CA,2019,1,0.06677539605776042,0,1,0
A-1642851,Source2,TX,2020,0,0.056188776226313394,0,0,0
A-1834255,Source2,CA,2019,0,0.10469356539384492,0,0,0
A-2475117,Source2,CA,2018,0,0.4199835071595676,1,0,1
A-6503124,Source1,CA,2021,0,0.06240740749923172,0,0,0
A-609354,Source3,CA,2022,0,0.3009569078060369,1,0,1
A-7236134,Source1,CA,2020,0,0.032878213506805344,0,0,0
A-4297717,Source1,CA,2022,0,0.24979472223946772,1,0,1
A-1085238,Source3,CA,2021,0,0.08295045131951857,0,0,0
A-6231565,Source1,CA,2021,0,0.17426990163886913,0,0,0
A-3201835,Source2,TX,2017,0,0.1372064779764572,0,0,0
A-5925021,Source1,CA,2021,0,0.07378947541673697,0,0,0
A-2900164,Source2,CA,2018,1,0.32276024707395984,1,0,0
A-7044127,Source1,CA,2020,0,0.2313354229064415,1,0,1
A-1998065,Source2,CA,2019,0,0.2983102103335048,1,0,1
A-1116669,Source2,TX,2021,1,0.23838108138928846,1,0,0
A-837088,Source2,TX,2021,1,0.13376601393675974,0,1,0
A-6385818,Source1,CA,2021,0,0.27676281559068666,1,0,1
A-4081526,Source1,CA,2022,0,0.08808315298904207,0,0,0
A-2211182,Source2,CA,2019,0,0.3180783305454761,1,0,1
A-5833427,Source1,CA,2021,0,0.04573556415020401,0,0,0
A-2313556,Source2,TX,2019,0,0.1514737715439511,0,0,0
A-1463204,Source3,CA,2020,0,0.2892128745446807,1,0,1
A-7101174,Source1,CA,2020,0,0.12391388146282198,0,0,0
A-2586053,Source2,CA,2018,1,0.25924920756404524,1,0,0
A-7347721,Source1,CA,2019,0,0.07573301420696735,0,0,0
A-2082330,Source2,CA,2019,0,0.16625379158905912,0,0,0
A-1749179,Source2,TX,2019,0,0.08924052147099718,0,0,0
A-765373,Source2,TX,2021,0,0.1945038446942909,1,0,1
A-399023,Source2,CA,2017,0,0.38676626210705806,1,0,1
A-7115643,Source1,CA,2020,0,0.06414420648508384,0,0,0
A-634436,Source2,CA,2022,0,0.19177772160000023,1,0,1
A-6178413,Source1,CA,2021,0,0.17615794762735112,0,0,0
A-7337451,Source1,CA,2019,0,0.10718759920541317,0,0,0
A-3703431,Source1,CA,2023,0,0.14719247686357878,0,0,0
A-6672937,Source1,CA,2020,0,0.07825559534300638,0,0,0
A-2897194,Source2,CA,2018,0,0.12481606526720586,0,0,0
A-4085705,Source1,TX,2022,0,0.2529344400478374,1,0,1
A-3526878,Source1,CA,2016,0,0.15393350591630592,0,0,0
A-6772868,Source1,CA,2020,0,0.07669076366248098,0,0,0
A-6471783,Source1,CA,2021,0,0.07577646526289425,0,0,0
A-11499,Source2,CA,2017,0,0.28640275940908777,1,0,1
A-429840,Source2,TX,2017,0,0.4240601968031557,1,0,1
A-3756008,Source1,CA,2022,0,0.17600098518347088,0,0,0
A-6785037,Source1,CA,2020,0,0.04824869025605068,0,0,0
A-7084887,Source1,CA,2020,0,0.146331203865339,0,0,0
A-891556,Source2,CA,2021,1,0.13352930786467102,0,1,0
A-4438262,Source1,CA,,0,0.08904797349763224,0,0,0
A-49956,Source2,CA,2016,0,0.49186021655352175,1,0,1
A-4646243,Source1,CA,2023,0,0.04041180026617058,0,0,0
A-2786552,Source2,TX,2018,0,0.058761751834668696,0,0,0
A-945332,Source2,CA,2021,1,0.1202424869201297,0,1,0
A-3830828,Source1,TX,2022,0,0.13048681979746848,0,0,0
A-5139932,Source1,CA,,0,0.03203429094128994,0,0,0
A-2251193,Source2,CA,2019,0,0.3563283290000091,1,0,1
A-19362,Source2,CA,2016,1,0.0839643657444833,0,1,0
A-5528887,Source1,TX,2021,0,0.1109375409548861,0,0,0
A-4802455,Source1,CA,2022,0,0.365644538388365,1,0,1
A-2372695,Source2,TX,2018,0,0.3405400074358176,1,0,1
A-3760375,Source1,CA,2022,0,0.17091004102136248,0,0,0
A-894214,Source2,CA,2021,0,0.39892337334977723,1,0,1
A-1478036,Source2,CA,2020,0,0.13363755578719877,0,0,0
A-7290172,Source1,CA,2019,0,0.1551345852927281,0,0,0
A-5712345,Source1,CA,2021,0,0.255705753455076,1,0,1
A-7538937,Source1,CA,2018,0,0.2952718408162353,1,0,1
A-7523578,Source1,CA,2018,0,0.2926515670108228,1,0,1
A-4060492,Source1,CA,2023,0,0.12886348976731327,0,0,0
A-537838,Source2,CA,2022,0,0.36085532337410864,1,0,1
A-7214798,Source1,CA,2020,0,0.10090034846072289,0,0,0
A-77391,Source2,CA,2016,1,0.3138141065525718,1,0,0
A-1868570,Source2,TX,2019,0,0.2578705299527059,1,0,1
A-56575,Source2,CA,2016,1,0.3924130696670957,1,0,0
A-7696669,Source1,CA,2017,0,0.3748036854434922,1,0,1
A-1860252,Source3,CA,2019,0,0.06702701023424279,0,0,0
A-2757691,Source2,CA,2018,0,0.18817195542425097,1,0,1
A-4086599,Source1,CA,2022,0,0.060330582521470576,0,0,0
A-7397820,Source1,CA,2019,0,0.17377156381916786,1,0,1
A-3557441,Source1,TX,2017,0,0.3309096253839668,1,0,1
A-1642981,Source2,CA,2020,0,0.2308918243249461,1,0,1
A-5879986,Source1,CA,2021,0,0.2134381314421363,1,0,1
A-2942535,Source2,TX,2018,1,0.2775649638136486,1,0,0
A-3076880,Source2,CA,2018,1,0.307777406902876,1,0,0
A-1776040,Source2,TX,2019,0,0.07781329114203572,0,0,0
A-5704966,Source1,TX,2021,0,0.23022534105801387,1,0,1
A-1637115,Source3,CA,2020,0,0.04783305609956361,0,0,0
A-564842,Source3,CA,2022,0,0.17519385700738893,0,0,0
A-2264025,Source2,CA,2019,1,0.33377760242966564,1,0,0
A-4945597,Source1,CA,,0,0.03771640831690967,0,0,0
A-4711154,Source1,CA,2022,0,0.21975835149081818,1,0,1
A-4069042,Source1,CA,2023,0,0.03421253577907453,0,0,0
A-797690,Source2,CA,2021,1,0.08131006920534163,0,1,0
A-5765267,Source1,CA,2021,0,0.08175446696750645,0,0,0
A-3053367,Source2,CA,2018,1,0.2109292028063085,1,0,0
A-4869940,Source1,TX,2022,0,0.16690934555285425,1,0,1
A-4724099,Source1,CA,2022,0,0.08832703581941424,0,0,0
A-4167845,Source1,CA,2022,0,0.17198901395866245,1,0,1
A-6075272,Source1,TX,2021,0,0.30735437598662924,1,0,1
A-7374721,Source1,CA,2019,0,0.06734689444840526,0,0,0
A-6015398,Source1,TX,2021,0,0.08358623047209672,0,0,0
A-5280151,Source1,CA,,0,0.05055487562143727,0,0,0
A-4029594,Source1,CA,2022,1,0.1086735359470018,0,1,0
A-7534998,Source1,CA,2018,0,0.3157824905836374,1,0,1
A-1465991,Source2,TX,2020,1,0.15183120318797322,0,1,0
A-340482,Source2,CA,2017,1,0.37718878993521937,1,0,0
A-5059063,Source1,CA,2022,0,0.11131458352100007,0,0,0
A-5484792,Source1,CA,2021,0,0.04406854828578525,0,0,0
A-5664924,Source1,CA,2021,0,0.21086623280745087,1,0,1
A-2251211,Source2,CA,2019,1,0.1832375621284782,1,0,0
A-7001868,Source1,CA,2020,0,0.05886034670412442,0,0,0
A-2448493,Source2,CA,2018,1,0.3782051789546231,1,0,0
A-334899,Source2,TX,2017,1,0.10418937435445871,0,1,0
A-3533661,Source1,CA,2016,0,0.38318075830915344,1,0,1
A-4754204,Source1,CA,,0,0.04763942636754055,0,0,0
A-942591,Source2,CA,2021,0,0.23911921502959962,1,0,1
A-3970036,Source1,CA,2022,0,0.3059022945251263,1,0,1
A-7417181,Source1,CA,2019,0,0.0953021675269918,0,0,0
A-3230163,Source2,CA,2017,0,0.14084716563386576,0,0,0
A-1865297,Source2,CA,2019,0,0.07174153453361576,0,0,0
A-3790008,Source1,CA,,0,0.04152039557787201,0,0,0
A-5950524,Source1,CA,2021,0,0.160183599807297,0,0,0
A-284134,Source2,TX,2016,0,0.03245240106118028,0,0,0
A-4414643,Source1,TX,2022,1,0.21255814583982247,1,0,0
A-3897501,Source1,CA,2022,0,0.1270908048181919,0,0,0
A-458544,Source2,CA,2017,0,0.5106892756136883,1,0,1
A-6795489,Source1,CA,2020,0,0.054599464667172845,0,0,0
A-6268546,Source1,CA,2021,0,0.15978120307581323,0,0,0
A-2287070,Source2,CA,2019,0,0.10136512120466698,0,0,0
A-6693231,Source1,CA,2020,0,0.09146837583377525,0,0,0
A-4996238,Source1,CA,,0,0.05069171247515122,0,0,0
A-858603,Source3,CA,2021,0,0.25327799344978635,1,0,1
A-3623021,Source1,CA,2017,0,0.16732041021096938,0,0,0
A-7422440,Source1,CA,2019,0,0.08590061916542528,0,0,0
A-5151016,Source1,TX,2022,0,0.2933542742677336,1,0,1
A-4548847,Source1,CA,2022,0,0.17045739865287185,0,0,0
A-5735860,Source1,TX,2021,0,0.08796740972842307,0,0,0
A-1553059,Source2,CA,2020,0,0.10462136515892624,0,0,0
A-2222303,Source2,CA,2019,1,0.056161155832321716,0,1,0
A-1541331,Source2,TX,2020,0,0.3615950866708409,1,0,1
A-1300139,Source2,CA,2020,1,0.08023716205856894,0,1,0
A-5619266,Source1,CA,2021,0,0.03201027843651923,0,0,0
A-4291112,Source1,TX,,0,0.1927105031505396,1,0,1
A-3288018,Source2,CA,2017,1,0.300497586387216,1,0,0
A-2023193,Source2,TX,2019,0,0.12217255757810896,0,0,0
A-1467622,Source3,CA,2020,0,0.172022780950819,0,0,0
A-3433278,Source1,TX,2016,1,0.3272210417768058,1,0,0
A-7286532,Source1,CA,2019,0,0.27534415718387695,1,0,1
A-2054629,Source2,CA,2019,1,0.09713635947360658,0,1,0
A-6233332,Source1,CA,2021,0,0.037573919627279725,0,0,0
A-2191691,Source2,CA,2019,1,0.27215380151917384,1,0,0
A-7280192,Source1,CA,2020,0,0.3176283460583964,1,0,1
A-6773481,Source1,CA,2020,0,0.08240934812288903,0,0,0
A-2278622,Source2,CA,2019,1,0.3097934577195417,1,0,0
A-109644,Source2,CA,2016,0,0.32995845671169816,1,0,1
A-3649185,Source1,CA,2017,0,0.32349665121554994,1,0,1
A-6025074,Source1,CA,2021,0,0.07536651344831517,0,0,0
A-7238234,Source1,CA,2020,0,0.08764201312260059,0,0,0
A-5754829,Source1,CA,2021,0,0.24814726090108147,1,0,1
A-4759383,Source1,CA,2022,0,0.03780830103249883,0,0,0
A-2880163,Source2,CA,2018,1,0.39382733557906835,1,0,0
A-3663795,Source1,CA,,0,0.0354529186362892,0,0,0
A-2338999,Source2,CA,2019,0,0.14828772572128404,0,0,0
A-3438760,Source1,TX,2016,0,0.2214586017995904,1,0,1
A-2805504,Source2,TX,2018,1,0.3901279153007105,1,0,0
A-6267930,Source1,CA,2021,0,0.38331864472867716,1,0,1
A-7751043,Source1,CA,2019,0,0.15645524108063305,0,0,0
A-3403180,Source2,CA,2017,0,0.36573416771588385,1,0,1
A-6081826,Source1,TX,2021,0,0.08090665090880053,0,0,0
A-7269503,Source1,CA,2020,0,0.05817161742713136,0,0,0
A-6828263,Source1,TX,2020,0,0.0514047004491649,0,0,0
A-873203,Source2,CA,2021,0,0.2038545120973915,1,0,1
A-4595742,Source1,TX,2022,0,0.06193788447244952,0,0,0
A-4673563,Source1,CA,2022,0,0.06306295536097417,0,0,0
A-2563278,Source2,CA,2018,1,0.3273836304143272,1,0,0
A-3567773,Source1,TX,2017,1,0.1369362351835362,0,1,0
A-2974690,Source2,CA,2018,0,0.16563334022659784,0,0,0
A-1111676,Source2,CA,2021,1,0.28782453785240325,1,0,0
A-3534467,Source1,CA,2016,0,0.31506569644960886,1,0,1
A-4799487,Source1,CA,2022,0,0.26789845480227925,1,0,1
A-2963833,Source2,CA,2018,0,0.21334783754710548,1,0,1
A-3011596,Source2,TX,2018,0,0.3412467822012527,1,0,1
A-95368,Source2,CA,2016,0,0.18576511107799942,1,0,1
A-7133081,Source1,CA,2020,0,0.06939482343912282,0,0,0
A-5373545,Source1,CA,2022,0,0.24027624984413015,1,0,1
A-3993250,Source1,CA,2022,0,0.1305318385406447,0,0,0
A-6563632,Source1,TX,2021,0,0.038480110366816825,0,0,0
A-2997110,Source2,TX,2018,0,0.19646770509580844,1,0,1
A-434243,Source2,TX,2017,0,0.1915282467892009,1,0,1
A-2796817,Source2,CA,2018,1,0.26549952471024224,1,0,0
A-6319849,Source1,CA,2021,0,0.06786549083048232,0,0,0
A-7501517,Source1,CA,2018,0,0.37086432922597756,1,0,1
A-6221030,Source1,CA,2021,0,0.15267117663165075,0,0,0
A-4042795,Source1,CA,2022,0,0.3398933101867439,1,0,1
A-406938,Source2,CA,2017,1,0.28812926754926343,1,0,0
A-3682680,Source1,CA,2023,0,0.3061394519916255,1,0,1
A-6297810,Source1,CA,2021,0,0.2758409955975691,1,0,1
A-4822815,Source1,CA,,0,0.19008324756732248,1,0,1
A-1045838,Source2,TX,2021,1,0.07766895139946506,0,1,0
A-7269237,Source1,CA,2020,0,0.10060768167266876,0,0,0
A-3041311,Source2,TX,2018,1,0.29431508481987334,1,0,0
A-7661582,Source1,CA,2017,1,0.4646639996398454,1,0,0
A-4210252,Source1,CA,2022,0,0.13780440520641757,0,0,0
A-1934271,Source2,CA,2019,0,0.2326583750341369,1,0,1
A-2894385,Source2,CA,2018,0,0.295058099263127,1,0,1
A-1230443,Source2,TX,2020,0,0.04358571526123494,0,0,0
A-456360,Source2,CA,2017,1,0.25245535474140446,1,0,0
A-3287406,Source2,TX,2017,0,0.18517497586227707,1,0,1
A-2657500,Source2,TX,2018,0,0.31978988571399214,1,0,1
A-3928549,Source1,CA,2022,0,0.3512163987446164,1,0,1
A-712599,Source2,CA,2022,1,0.13105523535722838,0,1,0
A-1338627,Source2,TX,2020,0,0.18449669170421007,1,0,1
A-4310354,Source1,CA,2023,0,0.2537729168605331,1,0,1
A-6453060,Source1,CA,2021,0,0.06023422713620773,0,0,0
A-2144593,Source2,CA,2019,1,0.040372233334757104,0,1,0
A-70228,Source2,CA,2016,1,0.3760993921670969,1,0,0
A-458181,Source2,CA,2017,0,0.11728528001954588,0,0,0
A-397200,Source2,CA,2017,1,0.3880999080286476,1,0,0
A-7598937,Source1,TX,2018,1,0.3649671462030758,1,0,0
A-495989,Source2,CA,2017,1,0.38044785172203344,1,0,0
A-3137211,Source2,CA,2017,0,0.301705710184747,1,0,1
A-5972289,Source1,CA,2021,0,0.18810686820903696,1,0,1
A-3798444,Source1,CA,,0,0.04706079494077618,0,0,0
A-4339368,Source1,TX,2022,0,0.08586277511645143,0,0,0
A-7488015,Source1,TX,2018,1,0.2517260775826254,1,0,0
A-6046408,Source1,CA,2021,0,0.08084443230100066,0,0,0
A-4254479,Source1,CA,2023,0,0.09260853482673026,0,0,0
A-404962,Source2,CA,2017,0,0.35129168807134037,1,0,1
A-3156856,Source2,CA,2017,1,0.1956595833931226,1,0,0
A-7567751,Source1,CA,2018,0,0.2596318787895785,1,0,1
A-4673114,Source1,CA,2022,0,0.12717057807101584,0,0,0
A-435311,Source2,TX,2017,0,0.036428848426730796,0,0,0
A-7240167,Source1,CA,2020,0,0.06542789234783589,0,0,0
A-7356540,Source1,TX,2019,1,0.21712272379835723,1,0,0
A-1184901,Source2,CA,2021,0,0.20147104826271275,1,0,1
A-521010,Source2,CA,2022,0,0.07913102467890887,0,0,0
A-866698,Source2,CA,2021,0,0.027666437436531043,0,0,0
A-6602243,Source1,CA,2020,0,0.029565308780288808,0,0,0
A-5687827,Source1,CA,2021,0,0.27216047545374505,1,0,1
A-5954187,Source1,TX,2021,0,0.057907589543270924,0,0,0
A-7338929,Source1,CA,2019,0,0.06294751826465614,0,0,0
A-3760137,Source1,TX,2022,0,0.12860399428967145,0,0,0
A-5453235,Source1,CA,2022,0,0.09949454508864077,0,0,0
A-7365493,Source1,CA,2019,0,0.06536677869243676,0,0,0
A-4477847,Source1,CA,2022,0,0.08195915586529622,0,0,0
A-4387013,Source1,CA,2022,0,0.0626211116942886,0,0,0
A-2159732,Source2,TX,2019,1,0.06153505622148612,0,1,0
A-5061764,Source1,CA,2022,0,0.09879215556270822,0,0,0
A-4574711,Source1,CA,2022,1,0.25843395382802337,1,0,0
A-645989,Source3,CA,2022,0,0.1477527583359432,0,0,0
A-739287,Source2,CA,2022,1,0.058916489784890266,0,1,0
A-2583445,Source2,CA,2018,1,0.3185754039361629,1,0,0
A-7287000,Source1,CA,2019,0,0.09974088594260436,0,0,0
A-4357323,Source1,CA,,0,0.06752228156525161,0,0,0
A-2401868,Source2,TX,2018,0,0.06856833489310654,0,0,0
A-1454392,Source2,TX,2020,0,0.15577225958309635,0,0,0
A-7322946,Source1,CA,2019,0,0.06695327707626668,0,0,0
A-7359266,Source1,CA,2019,0,0.06579550166921803,0,0,0
A-1168035,Source2,CA,2021,1,0.29619891085064637,1,0,0
A-3588832,Source1,CA,2017,0,0.2945318544566575,1,0,1
A-3553108,Source1,CA,2016,0,0.23252020526901082,1,0,1
A-5724782,Source1,CA,2021,0,0.09519600102370882,0,0,0
A-5629782,Source1,TX,2021,0,0.11379586069249434,0,0,0
A-6441599,Source1,CA,2021,0,0.34654022030847126,1,0,1
A-6636086,Source1,CA,2020,0,0.16939016034652768,1,0,1
A-3976689,Source1,TX,,0,0.04224135495707259,0,0,0
A-2930855,Source2,CA,2018,0,0.2916364476513288,1,0,1
A-5928123,Source1,CA,,0,0.03705133430625797,0,0,0
A-2834169,Source2,CA,2018,0,0.3030743980931947,1,0,1
A-7095317,Source1,CA,2020,0,0.1398116671528729,0,0,0
A-5447891,Source1,CA,2022,0,0.06890405232058397,0,0,0
A-6265933,Source1,CA,2021,0,0.13288780421951898,0,0,0
A-497343,Source3,CA,2017,1,0.37826941567141215,1,0,0
A-2660745,Source2,CA,2018,0,0.3542263456520526,1,0,1
A-86998,Source2,CA,2016,1,0.32523195635234287,1,0,0
A-4785003,Source1,CA,2023,0,0.037250132176733106,0,0,0
A-273712,Source2,TX,2016,1,0.33977579293613386,1,0,0
A-3548167,Source1,CA,2016,0,0.10264030833770972,0,0,0
A-3692452,Source1,CA,2023,0,0.0678651977310852,0,0,0
A-3064737,Source2,CA,2018,1,0.3283982330682023,1,0,0
A-4921291,Source1,CA,2022,0,0.1346544552455437,0,0,0
A-5571579,Source1,CA,2021,0,0.0534121973385487,0,0,0
A-2247459,Source2,CA,2019,0,0.2497586184219549,1,0,1
A-5582741,Source1,CA,2021,0,0.11452156770773148,0,0,0
A-6429787,Source1,TX,,0,0.09059562591902184,0,0,0
A-6961886,Source1,CA,2020,0,0.07716660971895009,0,0,0
A-1299584,Source2,TX,2020,0,0.15484261285582762,0,0,0
A-4103889,Source1,CA,2022,0,0.07546755550401282,0,0,0
A-2319834,Source2,CA,2019,1,0.23171904045766753,1,0,0
A-4531436,Source1,CA,2022,0,0.1879731042827632,0,0,0
A-48208,Source2,CA,2016,0,0.3373240638836483,1,0,1
A-6120013,Source1,CA,2021,0,0.1861454414247013,1,0,1
A-95628,Source2,CA,2016,1,0.24135120029652604,1,0,0
A-3930585,Source1,CA,2022,1,0.08505373547218589,0,1,0
A-7343694,Source1,CA,2019,0,0.11526613952701288,0,0,0
A-3417085,Source1,CA,2016,0,0.257656835353428,1,0,1
A-4021948,Source1,CA,2022,0,0.11573002064661135,0,0,0
A-7261801,Source1,CA,2020,0,0.09492765861456395,0,0,0
A-5166627,Source1,CA,2022,0,0.06874103031454379,0,0,0
A-7222828,Source1,CA,2020,0,0.044235761476912196,0,0,0
A-832951,Source3,TX,2021,0,0.15908825037986896,0,0,0
A-7163146,Source1,CA,2020,0,0.05980933331074092,0,0,0
A-4114412,Source1,CA,2022,0,0.07992330931502287,0,0,0
A-6768472,Source1,CA,2020,0,0.24160580950153898,1,0,1
A-7071697,Source1,CA,2020,0,0.10638841891743596,0,0,0
A-7104468,Source1,CA,2020,0,0.40736491655185975,1,0,1
A-4571097,Source1,CA,2022,0,0.31600036229815615,1,0,1
A-4429724,Source1,CA,,0,0.054616204657308445,0,0,0
A-7729827,Source1,CA,2019,0,0.1452241570688257,0,0,0
A-7005115,Source1,CA,2020,0,0.15063727233193686,0,0,0
A-2921840,Source2,CA,2018,0,0.25402114765150946,1,0,1
A-968961,Source2,CA,2021,0,0.09804855725387475,0,0,0
A-6658164,Source1,CA,2020,0,0.06149016675527421,0,0,0
A-2327760,Source2,CA,2019,1,0.3300575311169235,1,0,0
A-6390274,Source1,CA,,0,0.04386950159555646,0,0,0
A-1874997,Source2,TX,2019,0,0.04545977278040274,0,0,0
A-4068838,Source1,CA,2022,0,0.18374173597156235,1,0,1
A-7752342,Source1,CA,2019,0,0.16320742068717828,0,0,0
A-1969034,Source2,CA,2019,0,0.059182239308420925,0,0,0
A-3925487,Source1,CA,,0,0.06015312478865189,0,0,0
A-7214198,Source1,CA,2020,0,0.03002279566109859,0,0,0
A-5737359,Source1,CA,2021,0,0.05078835826891427,0,0,0
A-2367809,Source2,TX,2019,0,0.16067955462359856,0,0,0
A-7315875,Source1,CA,2019,0,0.08468897338951333,0,0,0
A-3608586,Source1,CA,2017,0,0.22232904076176752,1,0,1
A-4793560,Source1,CA,2023,0,0.06341825609088574,0,0,0
A-6539072,Source1,TX,2021,0,0.08871235449557632,0,0,0
A-4203514,Source1,CA,,0,0.026787166272566658,0,0,0
A-44026,Source2,CA,2016,1,0.2987145141009402,1,0,0
A-2885953,Source2,CA,2018,0,0.31734229636899425,1,0,1
A-5618037,Source1,CA,2021,0,0.04763774803389599,0,0,0
A-6239743,Source1,CA,2021,0,0.16878358787279749,0,0,0
A-6884606,Source1,TX,2020,0,0.2356052419927849,1,0,1
A-319614,Source2,CA,2017,0,0.12700202086569096,0,0,0
A-582205,Source3,CA,2022,0,0.10438886536868466,0,0,0
A-5279265,Source1,CA,,0,0.11486634300382906,0,0,0
A-3384564,Source2,TX,2017,0,0.34789570116821905,1,0,1
A-6483873,Source1,CA,2021,0,0.1259767098055902,0,0,0
A-4136893,Source1,CA,2022,0,0.11518999966044799,0,0,0
A-6624287,Source1,CA,2020,0,0.1148689848667703,0,0,0
A-7477723,Source1,CA,2018,0,0.1803654411183031,1,0,1
A-4758741,Source1,CA,2022,0,0.28973297661134506,1,0,1
A-6521680,Source1,CA,,0,0.0275172587179995,0,0,0
A-5695568,Source1,CA,2021,0,0.06336548356078656,0,0,0
A-7411346,Source1,CA,2019,0,0.3842030168886793,1,0,1
A-3017127,Source2,TX,2018,0,0.2464928467695037,1,0,1
A-6621557,Source1,CA,2020,0,0.2213450652354688,1,0,1
A-911418,Source2,TX,2021,0,0.12088814889698622,0,0,0
A-7372124,Source1,CA,2019,0,0.08055122659915102,0,0,0
A-6475320,Source1,CA,2021,0,0.05296066709200722,0,0,0
A-13703,Source2,CA,2016,0,0.09265887428739188,0,0,0
A-7156360,Source1,CA,2020,0,0.15043885662700487,0,0,0
A-1392920,Source2,TX,2020,0,0.16412784883981363,0,0,0
A-4780289,Source1,CA,,0,0.040303720086969995,0,0,0
A-5170159,Source1,CA,2022,0,0.10551250369927048,0,0,0
A-4686890,Source1,TX,2022,0,0.15130800744024095,0,0,0
A-489046,Source2,TX,2017,0,0.24653516465678466,1,0,1
A-280371,Source2,TX,2016,0,0.06831311617645255,0,0,0
A-6914422,Source1,CA,2020,0,0.06864683097079427,0,0,0
A-793042,Source2,CA,2021,1,0.3878932514010338,1,0,0
A-3003426,Source2,CA,2018,1,0.2994897711911252,1,0,0
A-6940129,Source1,CA,2020,0,0.048094339474144966,0,0,0
A-6934259,Source1,CA,2020,0,0.06639485963116185,0,0,0
A-3441365,Source1,TX,2016,0,0.050965903598471606,0,0,0
A-6343795,Source1,CA,2021,0,0.07114022224400988,0,0,0
A-6341507,Source1,TX,2021,0,0.16669767798582497,0,0,0
A-7288724,Source1,CA,2019,0,0.05913996739596801,0,0,0
A-4178281,Source1,CA,2022,0,0.03584278012396987,0,0,0
A-6141079,Source1,CA,2021,0,0.1283524474265126,0,0,0
A-5508555,Source1,CA,2021,0,0.12222830738392872,0,0,0
A-7750234,Source1,CA,2019,0,0.3947378610221844,1,0,1
A-3834039,Source1,CA,2022,0,0.08589331410210553,0,0,0
A-589547,Source2,TX,2022,1,0.14752046210712882,0,1,0
A-437938,Source2,CA,2017,1,0.45126731042749296,1,0,0
A-6257037,Source1,CA,2021,0,0.04457730388343687,0,0,0
A-5467603,Source1,CA,,0,0.06121031793501445,0,0,0
A-4388086,Source1,CA,,0,0.026341997368781934,0,0,0
A-4157168,Source1,CA,2022,0,0.05432611642707785,0,0,0
A-4704398,Source1,TX,,0,0.02982536830475125,0,0,0
A-2858302,Source2,CA,2018,0,0.33911606220919593,1,0,1
A-5975911,Source1,CA,2021,0,0.06204547055475196,0,0,0
A-6232027,Source1,CA,2021,0,0.06582948229833943,0,0,0
A-82245,Source2,CA,2016,0,0.34369090689321535,1,0,1
A-1623393,Source3,CA,2020,0,0.07025612684512703,0,0,0
A-4973203,Source1,CA,,0,0.03030602726603352,0,0,0
A-2716249,Source2,CA,2018,0,0.2952240170270633,1,0,1
A-4791421,Source1,CA,2023,0,0.05626198499088397,0,0,0
A-3761039,Source1,TX,2022,0,0.12674677860681063,0,0,0
A-2446700,Source2,TX,2018,0,0.22393597180057895,1,0,1
A-3779059,Source1,CA,2022,0,0.05461177426430408,0,0,0
A-1768683,Source2,CA,2019,0,0.052743111219666614,0,0,0
A-1432007,Source2,CA,2020,0,0.08190807677717526,0,0,0
A-1028551,Source2,TX,2021,1,0.03220297753607364,0,1,0
A-30881,Source2,CA,2016,0,0.33762623157302474,1,0,1
A-401056,Source2,CA,2017,1,0.36793660996193445,1,0,0
A-48513,Source2,CA,2016,0,0.3076147621011739,1,0,1
A-4115739,Source1,CA,2022,0,0.05868236410501733,0,0,0
A-6405569,Source1,CA,2021,0,0.03906300148876291,0,0,0
A-6342744,Source1,CA,2021,0,0.07591105226392664,0,0,0
A-5679486,Source1,CA,2021,0,0.07563350736483974,0,0,0
A-5138304,Source1,CA,,0,0.02588130242296955,0,0,0
A-5096543,Source1,CA,2022,0,0.09161956793168477,0,0,0
A-723633,Source3,CA,2022,1,0.2423988660064754,1,0,0
A-5511165,Source1,CA,2021,0,0.07648512917735034,0,0,0
A-697620,Source2,TX,2022,0,0.1499417272963614,0,0,0
A-1006431,Source2,CA,2021,1,0.27543903128614305,1,0,0
A-6065319,Source1,CA,,0,0.1569661748951186,1,0,1
A-2733047,Source2,CA,2018,1,0.06724596236256752,0,1,0
A-3308209,Source2,TX,2017,1,0.36184981611598743,1,0,0
A-4504986,Source1,CA,,0,0.09822203811649778,0,0,0
A-54322,Source2,CA,2016,0,0.3774243383758823,1,0,1
A-2835702,Source2,TX,2018,0,0.4685224251946517,1,0,1
A-3031871,Source2,CA,2018,1,0.2627591521981888,1,0,0
A-7368938,Source1,CA,2019,0,0.11300663792669767,0,0,0
A-7387759,Source1,CA,2019,0,0.12210777863245333,0,0,0
A-69403,Source2,CA,2016,0,0.21403510558178013,1,0,1
A-7117401,Source1,CA,2020,0,0.13279156551920573,0,0,0
A-1185108,Source2,CA,2021,0,0.09966372770347645,0,0,0
A-3607744,Source1,CA,2017,0,0.3021501734323157,1,0,1
A-4793016,Source1,CA,2022,0,0.03515504610409177,0,0,0
A-6491758,Source1,CA,2021,0,0.0378680684005384,0,0,0
A-4138371,Source1,CA,2022,0,0.03937796029221171,0,0,0
A-6527525,Source1,CA,2021,0,0.053489986873548126,0,0,0
A-5743202,Source1,CA,2021,0,0.14092124078131443,0,0,0
A-7389522,Source1,CA,2019,0,0.047281206204483485,0,0,0
A-5078718,Source1,CA,2022,0,0.04076007111012586,0,0,0
A-6128678,Source1,CA,2021,0,0.05814662938899934,0,0,0
A-3648735,Source1,CA,2017,0,0.1771095422798345,1,0,1
A-5144953,Source1,CA,,0,0.22046096405138704,1,0,1
A-405824,Source2,CA,2017,1,0.28941507631486074,1,0,0
A-3916770,Source1,CA,,0,0.03623065648270681,0,0,0
A-6887815,Source1,CA,2020,0,0.08835604192490895,0,0,0
A-5217935,Source1,CA,,0,0.2263428491626593,1,0,1
A-1277180,Source2,CA,2020,1,0.20951480935715322,1,0,0
A-1282563,Source2,CA,2020,1,0.2388548774001947,1,0,0
A-6323628,Source1,CA,2021,0,0.12494143779718259,0,0,0
A-40011,Source2,CA,2016,0,0.05269241154134394,0,0,0
A-7331498,Source1,CA,2019,0,0.15745091191487925,0,0,0
A-2967506,Source2,CA,2018,1,0.38896600751776156,1,0,0
A-435276,Source2,TX,2017,0,0.17624520037184557,0,0,0
A-6379186,Source1,TX,2021,0,0.03144906673428104,0,0,0
A-5280893,Source1,CA,,0,0.08406486678122653,0,0,0
A-7344585,Source1,CA,2019,0,0.3259823719092759,1,0,1
A-685270,Source2,CA,2022,0,0.07186582928578739,0,0,0
A-4875552,Source1,CA,,0,0.026481536533466177,0,0,0
A-3026363,Source2,CA,2018,1,0.32537896890472934,1,0,0
A-5646138,Source1,CA,2021,0,0.19139193524136883,1,0,1
A-4640824,Source1,CA,,0,0.04943701551528169,0,0,0
A-1518727,Source2,CA,2020,1,0.0659019896492679,0,1,0
A-7752477,Source1,CA,2019,0,0.2191429822334146,1,0,1
A-4573313,Source1,CA,2022,0,0.14496935820096632,0,0,0
A-2470257,Source2,TX,2018,0,0.28273493851118026,1,0,1
A-7227366,Source1,CA,2020,0,0.022670539662558064,0,0,0
A-5199273,Source1,CA,,0,0.09285916818185638,0,0,0
A-298055,Source2,TX,2016,1,0.30729976865527664,1,0,0
A-5339463,Source1,CA,2022,0,0.29004550133669343,1,0,1
A-6224697,Source1,TX,2021,0,0.1287059720460218,0,0,0
A-2023870,Source2,CA,2019,0,0.10303603627432548,0,0,0
A-3113765,Source2,TX,2017,0,0.05098662253742309,0,0,0
A-1602015,Source2,TX,2020,1,0.11644690129507104,0,1,0
A-2697067,Source2,CA,2018,1,0.3951624200780262,1,0,0
A-111621,Source2,CA,2016,1,0.4199490352658658,1,0,0
A-7028900,Source1,TX,2020,1,0.19041015437572684,1,0,0
A-3934809,Source1,CA,,0,0.08452168987048851,0,0,0
A-3332050,Source2,CA,2017,0,0.38462609133095127,1,0,1
A-2610072,Source2,CA,2018,0,0.33831158670695183,1,0,1
A-7245413,Source1,CA,2020,0,0.04227170564354939,0,0,0
A-2333848,Source2,TX,2019,1,0.353369071919403,1,0,0
A-5858618,Source1,CA,,0,0.08356513264718837,0,0,0
A-3674602,Source1,CA,2023,0,0.049334982469418524,0,0,0
A-2651186,Source2,CA,2018,1,0.42830431053662144,1,0,0
A-1476487,Source2,CA,2020,0,0.2844787522829513,1,0,1
A-6344856,Source1,CA,2021,0,0.10433187854523962,0,0,0
A-6257541,Source1,CA,2021,0,0.10021741508500984,0,0,0
A-2739506,Source2,CA,2018,0,0.10275431974899789,0,0,0
A-1575532,Source3,CA,2020,1,0.0765284060869117,0,1,0
A-6161897,Source1,TX,2021,0,0.19154638147339337,0,0,0
A-7269438,Source1,CA,2020,0,0.1101636616696982,0,0,0
A-3557485,Source1,TX,2017,0,0.2891142587255337,1,0,1
A-2082563,Source2,CA,2019,0,0.12666791035214095,0,0,0
A-5284393,Source1,CA,2022,0,0.060904079612383664,0,0,0
A-4952595,Source1,CA,2022,0,0.13496086626172937,0,0,0
A-2918620,Source2,TX,2018,0,0.15891522076825743,0,0,0
A-4105683,Source1,CA,2021,0,0.17396916447294747,0,0,0
A-7213417,Source1,CA,2020,0,0.0546107075974851,0,0,0
A-6402427,Source1,CA,2021,0,0.0663224816507108,0,0,0
A-4808415,Source1,CA,2022,0,0.13713412590228552,0,0,0
A-3905094,Source1,CA,,0,0.15882407321088032,1,0,1
A-74822,Source2,CA,2016,0,0.258898958992784,1,0,1
A-881249,Source2,CA,2021,0,0.3113397220164271,1,0,1
A-2620876,Source2,CA,2018,0,0.3629208975812624,1,0,1
A-606825,Source3,CA,2022,0,0.08638258393685613,0,0,0
A-7612989,Source1,TX,2018,1,0.27314227845307426,1,0,0
A-7108376,Source1,CA,2020,0,0.05802260795451619,0,0,0
A-64014,Source2,CA,2017,0,0.0669811020256974,0,0,0
A-4290846,Source1,CA,,0,0.04283862093126898,0,0,0
A-5638013,Source1,CA,2021,0,0.19105441796790054,1,0,1
A-6416689,Source1,CA,2021,0,0.060043833214621666,0,0,0
A-4007975,Source1,CA,,0,0.03537073819787721,0,0,0
A-2132287,Source2,TX,2019,0,0.04047189546131513,0,0,0
A-5368082,Source1,TX,2023,0,0.07649765107129533,0,0,0
A-2521846,Source2,TX,2018,0,0.10418945660101478,0,0,0
A-1052360,Source2,CA,2021,1,0.33423603960190706,1,0,0
A-93750,Source2,CA,2016,0,0.05377762934592154,0,0,0
A-7214832,Source1,CA,2020,0,0.053931237958914566,0,0,0
A-912456,Source2,CA,2021,0,0.13060343028002114,0,0,0
A-2064060,Source2,CA,2019,1,0.17740906753294347,0,1,0
A-7304984,Source1,CA,2019,0,0.11124438876417578,0,0,0
A-1666099,Source3,CA,2020,0,0.09883003804699886,0,0,0
A-1095191,Source3,CA,2021,0,0.13331772733885336,0,0,0
A-392626,Source2,TX,2017,0,0.05876082636241451,0,0,0
A-3568344,Source1,TX,2017,0,0.26672176852684387,1,0,1
A-6909538,Source1,CA,2020,0,0.061714330345891,0,0,0
A-4195459,Source1,TX,,0,0.05488606921369843,0,0,0
A-2374279,Source2,CA,2018,0,0.36019888229522457,1,0,1
A-4313439,Source1,CA,2022,0,0.34577851180928354,1,0,1
A-3145109,Source2,TX,2017,0,0.035077002953570545,0,0,0
A-5769642,Source1,CA,2021,0,0.03176507764224239,0,0,0
A-7731676,Source1,CA,2019,0,0.07915733325961427,0,0,0
A-3412593,Source2,CA,2017,1,0.20515966864843285,1,0,0
A-6885414,Source1,TX,2020,0,0.27293958949448904,1,0,1
A-685995,Source2,CA,2022,0,0.07050523663565858,0,0,0
A-5244125,Source1,CA,2023,0,0.04273231054259142,0,0,0
A-270548,Source2,TX,2017,0,0.09136877908532341,0,0,0
A-2884663,Source2,TX,2018,0,0.14742150270303028,0,0,0
A-2627484,Source2,CA,2018,0,0.33890440480165257,1,0,1
A-1467424,Source2,TX,2020,0,0.04855427675693687,0,0,0
A-3231803,Source2,CA,2017,1,0.24515266217787818,1,0,0
A-4830233,Source1,CA,2022,1,0.027591502722771145,0,1,0
A-2227483,Source2,CA,2019,0,0.3766459828668518,1,0,1
A-1491046,Source2,TX,2020,0,0.030915688578036078,0,0,0
A-7114892,Source1,CA,2020,0,0.2077092251910812,1,0,1
A-2451885,Source2,CA,2018,1,0.37497917944724485,1,0,0
A-6167709,Source1,TX,2021,0,0.1109375409548861,0,0,0
A-2177728,Source2,TX,2019,0,0.16026518471352574,0,0,0
A-441434,Source2,CA,2017,1,0.2959469610962929,1,0,0
A-2207790,Source2,CA,2019,0,0.3370373667622243,1,0,1
A-6555656,Source1,TX,2021,1,0.13742914652009564,0,1,0
A-5046017,Source1,CA,2022,0,0.26626271094167114,1,0,1
A-1975226,Source2,TX,2019,1,0.1907445870778137,1,0,0
A-316373,Source2,CA,2017,0,0.391618848664684,1,0,1
A-3416285,Source1,CA,2016,0,0.28000998760036183,1,0,1
A-3367127,Source2,TX,2017,0,0.3910360366829603,1,0,1
A-2678985,Source2,TX,2018,0,0.3917920388361084,1,0,1
A-7210225,Source1,CA,2020,0,0.06021349110934469,0,0,0
A-4286851,Source1,CA,,0,0.06953044097014269,0,0,0
A-2223397,Source2,CA,2019,0,0.4432510982235013,1,0,1
A-1001364,Source2,CA,2021,0,0.14476069613706716,0,0,0
A-5926434,Source1,CA,,0,0.03558861884032098,0,0,0
A-1221687,Source2,CA,2020,0,0.29789868398320885,1,0,1
A-4602334,Source1,CA,,0,0.04033167701969689,0,0,0
A-3919620,Source1,CA,,0,0.024132711266400108,0,0,0
A-4329154,Source1,TX,2022,0,0.1751740842753462,1,0,1
A-6204180,Source1,CA,2021,0,0.12008180930025339,0,0,0
A-7043949,Source1,CA,2020,1,0.24475831783707283,1,0,0
A-6915418,Source1,CA,2020,0,0.23356046220024723,1,0,1
A-5444490,Source1,TX,2022,0,0.19740707950534137,1,0,1
A-4892792,Source1,CA,2022,0,0.20527033520447918,1,0,1
A-7605097,Source1,CA,2018,0,0.40556091173862346,1,0,1
A-2727098,Source2,CA,2018,0,0.2876239717240436,1,0,1
A-5519174,Source1,CA,2021,0,0.07963993089111945,0,0,0
A-7353257,Source1,CA,2019,0,0.0976313309656091,0,0,0
A-7636320,Source1,CA,2018,1,0.30179158889679014,1,0,0
A-6540494,Source1,TX,2021,0,0.18206632274543108,0,0,0
A-20269,Source2,CA,2016,1,0.2751701833781298,1,0,0
A-7183018,Source1,TX,2020,0,0.15934757162267088,0,0,0
A-1599367,Source3,CA,2020,0,0.03455467016542139,0,0,0
A-5580096,Source1,CA,2021,0,0.0380004930129622,0,0,0
A-5162508,Source1,CA,2022,0,0.033774397119991736,0,0,0
A-2078745,Source2,CA,2019,1,0.2133619197828624,1,0,0
A-6940058,Source1,CA,2020,0,0.08144503955168804,0,0,0
A-7552209,Source1,CA,2018,0,0.31789813148677126,1,0,1
A-4167141,Source1,CA,2022,0,0.10344647797728915,0,0,0
A-7208552,Source1,CA,2020,0,0.28364079008207244,1,0,1
A-1660041,Source3,CA,2020,0,0.03936274611653567,0,0,0
A-3048940,Source3,TX,2018,0,0.06397997292705747,0,0,0
A-3373283,Source2,CA,2017,0,0.3754376367005398,1,0,1
A-5824516,Source1,CA,,0,0.0391799276533354,0,0,0
A-7681510,Source1,CA,2017,0,0.36685524816367865,1,0,1
A-5251994,Source1,TX,2022,0,0.15516679801526148,0,0,0
A-4977180,Source1,TX,2022,0,0.12806079507455775,0,0,0
A-1050415,Source2,TX,2021,1,0.19235441060367658,1,0,0
A-7414316,Source1,CA,2019,0,0.2033930947586115,1,0,1
A-4215660,Source1,CA,2022,0,0.222351586580284,1,0,1
A-2616103,Source2,CA,2018,1,0.3439030035282509,1,0,0
A-4867270,Source1,CA,,0,0.04172413554748308,0,0,0
A-7259410,Source1,CA,2020,0,0.034449192529995155,0,0,0
